Implement,Test ID,EUDI class,Credimi ready,CAW,MI,MV,MTSL,WU,CDV,Visual evidence,FCAF area,EUDI profile,SUT,Mock/tools raw,Notes,Other fields,Source check
,"=HYPERLINK(""https://github.com/eu-digital-identity-wallet/eudi-doc-functional-conformance-assessment/blob/88ab69a/docs/fcaf/suts/wallet_solution/relying_party/DataModel/CredentialMetadata/WS_RP_DM_CredentialMetadata_CredentialStructure_007.md"",""WS_RP_DM_CredentialMetadata_CredentialStructure007"")",EUDI_required,🟢 ready,,,x,,x,x,x,DataModel / CredentialMetadata,EUDI_generic,"WS, RP-PI, PID-DM","CDV, 🔎, WU, 📸",validators: dcql.response_satisfies_constraints; preconditions: pipeline.dcql.credential-sets; manual Maestro pipeline template: fcaf-wallet-solution-relying-party-dcql-credential-sets,🟠 req-class: EUDI_required; credimi: PR1295 catalog; path: tests,source: FCAF repo; credimi-id differs: WS_RP_DM_CredentialMetadata_CredentialStructure_007
,"=HYPERLINK(""https://github.com/eu-digital-identity-wallet/eudi-doc-functional-conformance-assessment/blob/88ab69a/docs/fcaf/suts/wallet_solution/relying_party/DataModel/CredentialMetadata/WS_RP_DM_CredentialMetadata_CredentialStructure_008.md"",""WS_RP_DM_CredentialMetadata_CredentialStructure008"")",EUDI_required,🟢 ready,,,x,,x,x,x,DataModel / CredentialMetadata,EUDI_generic,"WS, RP-PI, PID-DM","CDV, 🔎, WU, 📸",validators: dcql.response_satisfies_constraints; preconditions: pipeline.dcql.credentials-match; manual Maestro pipeline template: fcaf-wallet-solution-relying-party-dcql-credentials-match,🟠 req-class: EUDI_required; credimi: PR1295 catalog; path: tests,source: FCAF repo; credimi-id differs: WS_RP_DM_CredentialMetadata_CredentialStructure_008
,"=HYPERLINK(""https://github.com/eu-digital-identity-wallet/eudi-doc-functional-conformance-assessment/blob/88ab69a/docs/fcaf/suts/wallet_solution/relying_party/DataModel/CredentialMetadata/WS_RP_DM_CredentialMetadata_CredentialStructure_009.md"",""WS_RP_DM_CredentialMetadata_CredentialStructure009"")",EUDI_required,🟢 ready,,,x,,x,x,x,DataModel / CredentialMetadata,EUDI_generic,"WS, RP-PI, PID-DM","CDV, 🔎, WU, 📸",validators: dcql.response_satisfies_constraints; preconditions: pipeline.dcql.no-matching-credentials; manual Maestro pipeline template: fcaf-wallet-solution-relying-party-dcql-no-matching-credentials,🟠 req-class: EUDI_required; credimi: PR1295 catalog; path: tests,source: FCAF repo; credimi-id differs: WS_RP_DM_CredentialMetadata_CredentialStructure_009
,"=HYPERLINK(""https://github.com/eu-digital-identity-wallet/eudi-doc-functional-conformance-assessment/blob/88ab69a/docs/fcaf/suts/wallet_solution/relying_party/DataModel/CredentialMetadata/WS_RP_DM_CredentialMetadata_CredentialStructure_010.md"",""WS_RP_DM_CredentialMetadata_CredentialStructure010"")",EUDI_required,🟢 ready,,,x,,x,x,x,DataModel / CredentialMetadata,EUDI_generic,"WS, RP-PI, PID-DM","CDV, 🔎, WU, 📸",validators: dcql.response_satisfies_constraints; preconditions: pipeline.dcql.claim-sets; manual Maestro pipeline template: fcaf-wallet-solution-relying-party-dcql-claim-sets,🟠 req-class: EUDI_required; credimi: PR1295 catalog; path: tests,source: FCAF repo; credimi-id differs: WS_RP_DM_CredentialMetadata_CredentialStructure_010
,"=HYPERLINK(""https://github.com/eu-digital-identity-wallet/eudi-doc-functional-conformance-assessment/blob/88ab69a/docs/fcaf/suts/wallet_solution/relying_party/DataModel/CredentialMetadata/WS_RP_DM_Credentialmetadata_Domestic_PID_IETF-sd-jwt-vc_001.md"",""WS_RP_DM_Credentialmetadata_Domestic_PID_IETF-sd-jwt-vc_001"")",EUDI_required,🟢 ready,,,x,,x,x,x,DataModel / CredentialMetadata,EUDI_specific,"WS, RP-PI, PID-DM, SD-JWT VC","CDV, 🔎, WU, 📸","validators: sdjwt.domestic_namespace; preconditions: pipeline.pid.presentation.sdjwt.all-claims, assertion.pid.presentation.sdjwt.vct-pid, assertion.pid.presentation.sdjwt.required-mandatory-claims-presented; precondition validators: pid.sdjwt_vct_pid, pid.sdjwt_required_mandatory_claims_present",🟠 req-class: EUDI_required; credimi: PR1295 catalog; format: ietf_sd_jwt_vc,source: FCAF repo; credimi-id matches source
,"=HYPERLINK(""https://github.com/eu-digital-identity-wallet/eudi-doc-functional-conformance-assessment/blob/88ab69a/docs/fcaf/suts/wallet_solution/relying_party/DataModel/CredentialMetadata/WS_RP_DM_Credentialmetadata_Domestic_PID_IETF-sd-jwt-vc_002.md"",""WS_RP_DM_Credentialmetadata_Domestic_PID_IETF-sd-jwt-vc_002"")",EUDI_required,🟢 ready,,,x,,x,x,x,DataModel / CredentialMetadata,EUDI_specific,"WS, RP-PI, PID-DM, SD-JWT VC","CDV, 🔎, WU, 📸","validators: sdjwt.domestic_namespace; preconditions: pipeline.pid.presentation.sdjwt.all-claims, assertion.pid.presentation.sdjwt.vct-pid, assertion.pid.presentation.sdjwt.required-mandatory-claims-presented, test.WS_RP_DM_Credentialmetadata_Domestic_PID_IETF-sd-jwt-vc_001; precondition validators: pid.sdjwt_vct_pid, pid.sdjwt_required_mandatory_claims_present",🟠 req-class: EUDI_required; credimi: PR1295 catalog; format: ietf_sd_jwt_vc,source: FCAF repo; credimi-id matches source
,"=HYPERLINK(""https://github.com/eu-digital-identity-wallet/eudi-doc-functional-conformance-assessment/blob/88ab69a/docs/fcaf/suts/wallet_solution/relying_party/DataModel/CredentialMetadata/WS_RP_DM_Credentialmetadata_Domestic_PID_ISO-mdoc_001.md"",""WS_RP_DM_Credentialmetadata_Domestic_PID_ISO-mdoc_001"")",EUDI_required,🟢 ready,,,x,,x,x,x,DataModel / CredentialMetadata,EUDI_specific,"WS, RP-PI, PID-DM, ISO mdoc","CDV, 🔎, WU, 📸","validators: mdoc.domestic_namespace; preconditions: pipeline.pid.presentation.mdoc.all-claims-elements, assertion.pid.presentation.mdoc.doc-type-pid, assertion.pid.presentation.mdoc.required-mandatory-elements-presented; precondition validators: pid.mdoc_doc_type, pid.mdoc_required_mandatory_elements_present",🟠 req-class: EUDI_required; credimi: PR1295 catalog; format: iso_mdoc,source: FCAF repo; credimi-id matches source
,"=HYPERLINK(""https://github.com/eu-digital-identity-wallet/eudi-doc-functional-conformance-assessment/blob/88ab69a/docs/fcaf/suts/wallet_solution/relying_party/DataModel/CredentialMetadata/WS_RP_DM_Credentialmetadata_Domestic_PID_ISO-mdoc_002.md"",""WS_RP_DM_Credentialmetadata_Domestic_PID_ISO-mdoc_002"")",EUDI_required,🟢 ready,,,x,,x,x,x,DataModel / CredentialMetadata,EUDI_specific,"WS, RP-PI, PID-DM, ISO mdoc","CDV, 🔎, WU, 📸","validators: mdoc.domestic_namespace; preconditions: pipeline.pid.presentation.mdoc.all-claims-elements, assertion.pid.presentation.mdoc.doc-type-pid, assertion.pid.presentation.mdoc.required-mandatory-elements-presented, test.WS_RP_DM_Credentialmetadata_Domestic_PID_ISO-mdoc_001; precondition validators: pid.mdoc_doc_type, pid.mdoc_required_mandatory_elements_present",🟠 req-class: EUDI_required; credimi: PR1295 catalog; format: iso_mdoc,source: FCAF repo; credimi-id matches source
,"=HYPERLINK(""https://github.com/eu-digital-identity-wallet/eudi-doc-functional-conformance-assessment/blob/88ab69a/docs/fcaf/suts/wallet_solution/relying_party/DataModel/CredentialMetadata/WS_RP_DM_Credentialmetadata_Expirydate_PID_IETF-sd-jwt-vc_001.md"",""WS_RP_DM_Credentialmetadata_Expirydate_PID_IETF-sd-jwt-vc_001"")",EUDI_required,🟢 ready,,,x,,x,x,x,DataModel / CredentialMetadata,EUDI_specific,"WS, RP-PI, PID-DM, SD-JWT VC","CDV, 🔎, WU, 📸","validators: sdjwt.claim_present; preconditions: pipeline.pid.presentation.sdjwt.all-claims, assertion.pid.presentation.sdjwt.vct-pid, assertion.pid.presentation.sdjwt.required-mandatory-claims-presented; precondition validators: pid.sdjwt_vct_pid, pid.sdjwt_required_mandatory_claims_present",🟠 req-class: EUDI_required; credimi: PR1295 catalog; format: ietf_sd_jwt_vc,source: FCAF repo; credimi-id matches source
,"=HYPERLINK(""https://github.com/eu-digital-identity-wallet/eudi-doc-functional-conformance-assessment/blob/88ab69a/docs/fcaf/suts/wallet_solution/relying_party/DataModel/CredentialMetadata/WS_RP_DM_Credentialmetadata_Expirydate_PID_IETF-sd-jwt-vc_002.md"",""WS_RP_DM_Credentialmetadata_Expirydate_PID_IETF-sd-jwt-vc_002"")",EUDI_required,🟢 ready,,,x,,x,x,x,DataModel / CredentialMetadata,EUDI_specific,"WS, RP-PI, PID-DM, SD-JWT VC","CDV, 🔎, WU, 📸","validators: sdjwt.claim_utf8_string; preconditions: pipeline.pid.presentation.sdjwt.all-claims, assertion.pid.presentation.sdjwt.vct-pid, assertion.pid.presentation.sdjwt.required-mandatory-claims-presented, test.WS_RP_DM_Credentialmetadata_Expirydate_PID_IETF-sd-jwt-vc_001; precondition validators: pid.sdjwt_vct_pid, pid.sdjwt_required_mandatory_claims_present",🟠 req-class: EUDI_required; credimi: PR1295 catalog; format: ietf_sd_jwt_vc,source: FCAF repo; credimi-id matches source
,"=HYPERLINK(""https://github.com/eu-digital-identity-wallet/eudi-doc-functional-conformance-assessment/blob/88ab69a/docs/fcaf/suts/wallet_solution/relying_party/DataModel/CredentialMetadata/WS_RP_DM_Credentialmetadata_Expirydate_PID_IETF-sd-jwt-vc_003.md"",""WS_RP_DM_Credentialmetadata_Expirydate_PID_IETF-sd-jwt-vc_003"")",EUDI_required,🟢 ready,,,x,,x,x,x,DataModel / CredentialMetadata,EUDI_specific,"WS, RP-PI, PID-DM, SD-JWT VC","CDV, 🔎, WU, 📸","validators: sdjwt.claim_date_format; preconditions: pipeline.pid.presentation.sdjwt.all-claims, assertion.pid.presentation.sdjwt.vct-pid, assertion.pid.presentation.sdjwt.required-mandatory-claims-presented, test.WS_RP_DM_Credentialmetadata_Expirydate_PID_IETF-sd-jwt-vc_001; precondition validators: pid.sdjwt_vct_pid, pid.sdjwt_required_mandatory_claims_present",🟠 req-class: EUDI_required; credimi: PR1295 catalog; format: ietf_sd_jwt_vc,source: FCAF repo; credimi-id matches source
,"=HYPERLINK(""https://github.com/eu-digital-identity-wallet/eudi-doc-functional-conformance-assessment/blob/88ab69a/docs/fcaf/suts/wallet_solution/relying_party/DataModel/CredentialMetadata/WS_RP_DM_Credentialmetadata_Expirydate_PID_IETF-sd-jwt-vc_004.md"",""WS_RP_DM_Credentialmetadata_Expirydate_PID_IETF-sd-jwt-vc_004"")",EUDI_required,🟢 ready,,,x,,x,x,x,DataModel / CredentialMetadata,EUDI_specific,"WS, RP-PI, PID-DM, SD-JWT VC","CDV, 🔎, WU, 📸","validators: sdjwt.claim_valid_date; preconditions: pipeline.pid.presentation.sdjwt.all-claims, assertion.pid.presentation.sdjwt.vct-pid, assertion.pid.presentation.sdjwt.required-mandatory-claims-presented, test.WS_RP_DM_Credentialmetadata_Expirydate_PID_IETF-sd-jwt-vc_001; precondition validators: pid.sdjwt_vct_pid, pid.sdjwt_required_mandatory_claims_present",🟠 req-class: EUDI_required; credimi: PR1295 catalog; format: ietf_sd_jwt_vc,source: FCAF repo; credimi-id matches source
,"=HYPERLINK(""https://github.com/eu-digital-identity-wallet/eudi-doc-functional-conformance-assessment/blob/88ab69a/docs/fcaf/suts/wallet_solution/relying_party/DataModel/CredentialMetadata/WS_RP_DM_Credentialmetadata_Expirydate_PID_ISO-mdoc_001.md"",""WS_RP_DM_Credentialmetadata_Expirydate_PID_ISO-mdoc_001"")",EUDI_required,🟢 ready,,,x,,x,x,x,DataModel / CredentialMetadata,EUDI_specific,"WS, RP-PI, PID-DM, ISO mdoc","CDV, 🔎, WU, 📸","validators: mdoc.namespace_element_present; preconditions: pipeline.pid.presentation.mdoc.all-claims-elements, assertion.pid.presentation.mdoc.doc-type-pid, assertion.pid.presentation.mdoc.required-mandatory-elements-presented; precondition validators: pid.mdoc_doc_type, pid.mdoc_required_mandatory_elements_present",🟠 req-class: EUDI_required; credimi: PR1295 catalog; format: iso_mdoc,source: FCAF repo; credimi-id matches source
,"=HYPERLINK(""https://github.com/eu-digital-identity-wallet/eudi-doc-functional-conformance-assessment/blob/88ab69a/docs/fcaf/suts/wallet_solution/relying_party/DataModel/CredentialMetadata/WS_RP_DM_Credentialmetadata_Expirydate_PID_ISO-mdoc_002.md"",""WS_RP_DM_Credentialmetadata_Expirydate_PID_ISO-mdoc_002"")",EUDI_required,🟢 ready,,,x,,x,x,x,DataModel / CredentialMetadata,EUDI_specific,"WS, RP-PI, PID-DM, ISO mdoc","CDV, 🔎, WU, 📸","validators: mdoc.element_date_encoding; preconditions: pipeline.pid.presentation.mdoc.all-claims-elements, assertion.pid.presentation.mdoc.doc-type-pid, assertion.pid.presentation.mdoc.required-mandatory-elements-presented, test.WS_RP_DM_Credentialmetadata_Expirydate_PID_ISO-mdoc_001; precondition validators: pid.mdoc_doc_type, pid.mdoc_required_mandatory_elements_present",🟠 req-class: EUDI_required; credimi: PR1295 catalog; format: iso_mdoc,source: FCAF repo; credimi-id matches source
,"=HYPERLINK(""https://github.com/eu-digital-identity-wallet/eudi-doc-functional-conformance-assessment/blob/88ab69a/docs/fcaf/suts/wallet_solution/relying_party/DataModel/CredentialMetadata/WS_RP_DM_Credentialmetadata_Expirydate_PID_ISO-mdoc_003.md"",""WS_RP_DM_Credentialmetadata_Expirydate_PID_ISO-mdoc_003"")",EUDI_required,🟢 ready,,,x,,x,x,x,DataModel / CredentialMetadata,EUDI_specific,"WS, RP-PI, PID-DM, ISO mdoc","CDV, 🔎, WU, 📸","validators: mdoc.element_date_format; preconditions: pipeline.pid.presentation.mdoc.all-claims-elements, assertion.pid.presentation.mdoc.doc-type-pid, assertion.pid.presentation.mdoc.required-mandatory-elements-presented, test.WS_RP_DM_Credentialmetadata_Expirydate_PID_ISO-mdoc_001; precondition validators: pid.mdoc_doc_type, pid.mdoc_required_mandatory_elements_present",🟠 req-class: EUDI_required; credimi: PR1295 catalog; format: iso_mdoc,source: FCAF repo; credimi-id matches source
,"=HYPERLINK(""https://github.com/eu-digital-identity-wallet/eudi-doc-functional-conformance-assessment/blob/88ab69a/docs/fcaf/suts/wallet_solution/relying_party/DataModel/CredentialMetadata/WS_RP_DM_Credentialmetadata_Expirydate_PID_ISO-mdoc_004.md"",""WS_RP_DM_Credentialmetadata_Expirydate_PID_ISO-mdoc_004"")",EUDI_required,🟢 ready,,,x,,x,x,x,DataModel / CredentialMetadata,EUDI_specific,"WS, RP-PI, PID-DM, ISO mdoc","CDV, 🔎, WU, 📸","validators: mdoc.element_valid_date; preconditions: pipeline.pid.presentation.mdoc.all-claims-elements, assertion.pid.presentation.mdoc.doc-type-pid, assertion.pid.presentation.mdoc.required-mandatory-elements-presented, test.WS_RP_DM_Credentialmetadata_Expirydate_PID_ISO-mdoc_001; precondition validators: pid.mdoc_doc_type, pid.mdoc_required_mandatory_elements_present",🟠 req-class: EUDI_required; credimi: PR1295 catalog; format: iso_mdoc,source: FCAF repo; credimi-id matches source
,"=HYPERLINK(""https://github.com/eu-digital-identity-wallet/eudi-doc-functional-conformance-assessment/blob/88ab69a/docs/fcaf/suts/wallet_solution/relying_party/DataModel/CredentialMetadata/WS_RP_DM_Credentialmetadata_Issuingauthority_PID_IETF-sd-jwt-vc_001.md"",""WS_RP_DM_Credentialmetadata_Issuingauthority_PID_IETF-sd-jwt-vc_001"")",EUDI_required,🟢 ready,,,x,,x,x,x,DataModel / CredentialMetadata,EUDI_specific,"WS, RP-PI, PID-DM, SD-JWT VC","CDV, 🔎, WU, 📸","validators: sdjwt.claim_present; preconditions: pipeline.pid.presentation.sdjwt.all-claims, assertion.pid.presentation.sdjwt.vct-pid, assertion.pid.presentation.sdjwt.required-mandatory-claims-presented; precondition validators: pid.sdjwt_vct_pid, pid.sdjwt_required_mandatory_claims_present",🟠 req-class: EUDI_required; credimi: PR1295 catalog; format: ietf_sd_jwt_vc,source: FCAF repo; credimi-id matches source
,"=HYPERLINK(""https://github.com/eu-digital-identity-wallet/eudi-doc-functional-conformance-assessment/blob/88ab69a/docs/fcaf/suts/wallet_solution/relying_party/DataModel/CredentialMetadata/WS_RP_DM_Credentialmetadata_Issuingauthority_PID_IETF-sd-jwt-vc_002.md"",""WS_RP_DM_Credentialmetadata_Issuingauthority_PID_IETF-sd-jwt-vc_002"")",EUDI_required,🟢 ready,,,x,,x,x,x,DataModel / CredentialMetadata,EUDI_specific,"WS, RP-PI, PID-DM, SD-JWT VC","CDV, 🔎, WU, 📸","validators: sdjwt.claim_utf8_string; preconditions: pipeline.pid.presentation.sdjwt.all-claims, assertion.pid.presentation.sdjwt.vct-pid, assertion.pid.presentation.sdjwt.required-mandatory-claims-presented, test.WS_RP_DM_Credentialmetadata_Issuingauthority_PID_IETF-sd-jwt-vc_001; precondition validators: pid.sdjwt_vct_pid, pid.sdjwt_required_mandatory_claims_present",🟠 req-class: EUDI_required; credimi: PR1295 catalog; format: ietf_sd_jwt_vc,source: FCAF repo; credimi-id matches source
,"=HYPERLINK(""https://github.com/eu-digital-identity-wallet/eudi-doc-functional-conformance-assessment/blob/88ab69a/docs/fcaf/suts/wallet_solution/relying_party/DataModel/CredentialMetadata/WS_RP_DM_Credentialmetadata_Issuingauthority_PID_ISO-mdoc_001.md"",""WS_RP_DM_Credentialmetadata_Issuingauthority_PID_ISO-mdoc_001"")",EUDI_required,🟢 ready,,,x,,x,x,x,DataModel / CredentialMetadata,EUDI_specific,"WS, RP-PI, PID-DM, ISO mdoc","CDV, 🔎, WU, 📸","validators: mdoc.namespace_element_present; preconditions: pipeline.pid.presentation.mdoc.all-claims-elements, assertion.pid.presentation.mdoc.doc-type-pid, assertion.pid.presentation.mdoc.required-mandatory-elements-presented; precondition validators: pid.mdoc_doc_type, pid.mdoc_required_mandatory_elements_present",🟠 req-class: EUDI_required; credimi: PR1295 catalog; format: iso_mdoc,source: FCAF repo; credimi-id matches source
,"=HYPERLINK(""https://github.com/eu-digital-identity-wallet/eudi-doc-functional-conformance-assessment/blob/88ab69a/docs/fcaf/suts/wallet_solution/relying_party/DataModel/CredentialMetadata/WS_RP_DM_Credentialmetadata_Issuingauthority_PID_ISO-mdoc_002.md"",""WS_RP_DM_Credentialmetadata_Issuingauthority_PID_ISO-mdoc_002"")",EUDI_required,🟢 ready,,,x,,x,x,x,DataModel / CredentialMetadata,EUDI_specific,"WS, RP-PI, PID-DM, ISO mdoc","CDV, 🔎, WU, 📸","validators: mdoc.element_utf8_string; preconditions: pipeline.pid.presentation.mdoc.all-claims-elements, assertion.pid.presentation.mdoc.doc-type-pid, assertion.pid.presentation.mdoc.required-mandatory-elements-presented, test.WS_RP_DM_Credentialmetadata_Issuingauthority_PID_ISO-mdoc_001; precondition validators: pid.mdoc_doc_type, pid.mdoc_required_mandatory_elements_present",🟠 req-class: EUDI_required; credimi: PR1295 catalog; format: iso_mdoc,source: FCAF repo; credimi-id matches source
,"=HYPERLINK(""https://github.com/eu-digital-identity-wallet/eudi-doc-functional-conformance-assessment/blob/88ab69a/docs/fcaf/suts/wallet_solution/relying_party/DataModel/CredentialMetadata/WS_RP_DM_Credentialmetadata_Issuingcountry_PID_IETF-sd-jwt-vc_001.md"",""WS_RP_DM_Credentialmetadata_Issuingcountry_PID_IETF-sd-jwt-vc_001"")",EUDI_required,🟢 ready,,,x,,x,x,x,DataModel / CredentialMetadata,EUDI_specific,"WS, RP-PI, PID-DM, SD-JWT VC","CDV, 🔎, WU, 📸","validators: sdjwt.claim_present; preconditions: pipeline.pid.presentation.sdjwt.all-claims, assertion.pid.presentation.sdjwt.vct-pid, assertion.pid.presentation.sdjwt.required-mandatory-claims-presented; precondition validators: pid.sdjwt_vct_pid, pid.sdjwt_required_mandatory_claims_present",🟠 req-class: EUDI_required; credimi: PR1295 catalog; format: ietf_sd_jwt_vc,source: FCAF repo; credimi-id matches source
,"=HYPERLINK(""https://github.com/eu-digital-identity-wallet/eudi-doc-functional-conformance-assessment/blob/88ab69a/docs/fcaf/suts/wallet_solution/relying_party/DataModel/CredentialMetadata/WS_RP_DM_Credentialmetadata_Issuingcountry_PID_IETF-sd-jwt-vc_002.md"",""WS_RP_DM_Credentialmetadata_Issuingcountry_PID_IETF-sd-jwt-vc_002"")",EUDI_required,🟢 ready,,,x,,x,x,x,DataModel / CredentialMetadata,EUDI_specific,"WS, RP-PI, PID-DM, SD-JWT VC","CDV, 🔎, WU, 📸","validators: sdjwt.claim_utf8_string; preconditions: pipeline.pid.presentation.sdjwt.all-claims, assertion.pid.presentation.sdjwt.vct-pid, assertion.pid.presentation.sdjwt.required-mandatory-claims-presented, test.WS_RP_DM_Credentialmetadata_Issuingcountry_PID_IETF-sd-jwt-vc_001; precondition validators: pid.sdjwt_vct_pid, pid.sdjwt_required_mandatory_claims_present",🟠 req-class: EUDI_required; credimi: PR1295 catalog; format: ietf_sd_jwt_vc,source: FCAF repo; credimi-id matches source
,"=HYPERLINK(""https://github.com/eu-digital-identity-wallet/eudi-doc-functional-conformance-assessment/blob/88ab69a/docs/fcaf/suts/wallet_solution/relying_party/DataModel/CredentialMetadata/WS_RP_DM_Credentialmetadata_Issuingcountry_PID_IETF-sd-jwt-vc_003.md"",""WS_RP_DM_Credentialmetadata_Issuingcountry_PID_IETF-sd-jwt-vc_003"")",EUDI_required,🟢 ready,,,x,,x,x,x,DataModel / CredentialMetadata,EUDI_specific,"WS, RP-PI, PID-DM, SD-JWT VC","CDV, 🔎, WU, 📸","validators: sdjwt.claim_country_code; preconditions: pipeline.pid.presentation.sdjwt.all-claims, assertion.pid.presentation.sdjwt.vct-pid, assertion.pid.presentation.sdjwt.required-mandatory-claims-presented, test.WS_RP_DM_Credentialmetadata_Issuingcountry_PID_IETF-sd-jwt-vc_001; precondition validators: pid.sdjwt_vct_pid, pid.sdjwt_required_mandatory_claims_present",🟠 req-class: EUDI_required; credimi: PR1295 catalog; format: ietf_sd_jwt_vc,source: FCAF repo; credimi-id matches source
,"=HYPERLINK(""https://github.com/eu-digital-identity-wallet/eudi-doc-functional-conformance-assessment/blob/88ab69a/docs/fcaf/suts/wallet_solution/relying_party/DataModel/CredentialMetadata/WS_RP_DM_Credentialmetadata_Issuingcountry_PID_ISO-mdoc_001.md"",""WS_RP_DM_Credentialmetadata_Issuingcountry_PID_ISO-mdoc_001"")",EUDI_required,🟢 ready,,,x,,x,x,x,DataModel / CredentialMetadata,EUDI_specific,"WS, RP-PI, PID-DM, ISO mdoc","CDV, 🔎, WU, 📸","validators: mdoc.namespace_element_present; preconditions: pipeline.pid.presentation.mdoc.all-claims-elements, assertion.pid.presentation.mdoc.doc-type-pid, assertion.pid.presentation.mdoc.required-mandatory-elements-presented; precondition validators: pid.mdoc_doc_type, pid.mdoc_required_mandatory_elements_present",🟠 req-class: EUDI_required; credimi: PR1295 catalog; format: iso_mdoc,source: FCAF repo; credimi-id matches source
,"=HYPERLINK(""https://github.com/eu-digital-identity-wallet/eudi-doc-functional-conformance-assessment/blob/88ab69a/docs/fcaf/suts/wallet_solution/relying_party/DataModel/CredentialMetadata/WS_RP_DM_Credentialmetadata_Issuingcountry_PID_ISO-mdoc_002.md"",""WS_RP_DM_Credentialmetadata_Issuingcountry_PID_ISO-mdoc_002"")",EUDI_required,🟢 ready,,,x,,x,x,x,DataModel / CredentialMetadata,EUDI_specific,"WS, RP-PI, PID-DM, ISO mdoc","CDV, 🔎, WU, 📸","validators: mdoc.element_utf8_string; preconditions: pipeline.pid.presentation.mdoc.all-claims-elements, assertion.pid.presentation.mdoc.doc-type-pid, assertion.pid.presentation.mdoc.required-mandatory-elements-presented, test.WS_RP_DM_Credentialmetadata_Issuingcountry_PID_ISO-mdoc_001; precondition validators: pid.mdoc_doc_type, pid.mdoc_required_mandatory_elements_present",🟠 req-class: EUDI_required; credimi: PR1295 catalog; format: iso_mdoc,source: FCAF repo; credimi-id matches source
,"=HYPERLINK(""https://github.com/eu-digital-identity-wallet/eudi-doc-functional-conformance-assessment/blob/88ab69a/docs/fcaf/suts/wallet_solution/relying_party/DataModel/CredentialMetadata/WS_RP_DM_Credentialmetadata_Issuingcountry_PID_ISO-mdoc_003.md"",""WS_RP_DM_Credentialmetadata_Issuingcountry_PID_ISO-mdoc_003"")",EUDI_required,🟢 ready,,,x,,x,x,x,DataModel / CredentialMetadata,EUDI_specific,"WS, RP-PI, PID-DM, ISO mdoc","CDV, 🔎, WU, 📸","validators: mdoc.element_country_code; preconditions: pipeline.pid.presentation.mdoc.all-claims-elements, assertion.pid.presentation.mdoc.doc-type-pid, assertion.pid.presentation.mdoc.required-mandatory-elements-presented, test.WS_RP_DM_Credentialmetadata_Issuingcountry_PID_ISO-mdoc_001; precondition validators: pid.mdoc_doc_type, pid.mdoc_required_mandatory_elements_present",🟠 req-class: EUDI_required; credimi: PR1295 catalog; format: iso_mdoc,source: FCAF repo; credimi-id matches source
,"=HYPERLINK(""https://github.com/eu-digital-identity-wallet/eudi-doc-functional-conformance-assessment/blob/88ab69a/docs/fcaf/suts/wallet_solution/relying_party/DataModel/IdentifyingData/WS_RP_DM_IdentifyingData_Birthdate_PID_IETF-sd-jwt-vc_001.md"",""WS_RP_DM_IdentifyingData_Birthdate_PID_IETF-sd-jwt-vc_001"")",EUDI_required,🟢 ready,,,x,,x,x,x,DataModel / IdentifyingData,EUDI_specific,"WS, RP-PI, PID-DM, SD-JWT VC","CDV, 🔎, WU, 📸","validators: sdjwt.claim_present; preconditions: pipeline.pid.presentation.sdjwt.all-claims, assertion.pid.presentation.sdjwt.vct-pid, assertion.pid.presentation.sdjwt.required-mandatory-claims-presented; precondition validators: pid.sdjwt_vct_pid, pid.sdjwt_required_mandatory_claims_present",🟠 req-class: EUDI_required; credimi: PR1295 catalog; format: ietf_sd_jwt_vc,source: FCAF repo; credimi-id matches source
,"=HYPERLINK(""https://github.com/eu-digital-identity-wallet/eudi-doc-functional-conformance-assessment/blob/88ab69a/docs/fcaf/suts/wallet_solution/relying_party/DataModel/IdentifyingData/WS_RP_DM_IdentifyingData_Birthdate_PID_IETF-sd-jwt-vc_002.md"",""WS_RP_DM_IdentifyingData_Birthdate_PID_IETF-sd-jwt-vc_002"")",EUDI_required,🟢 ready,,,x,,x,x,x,DataModel / IdentifyingData,EUDI_specific,"WS, RP-PI, PID-DM, SD-JWT VC","CDV, 🔎, WU, 📸","validators: sdjwt.claim_utf8_string; preconditions: pipeline.pid.presentation.sdjwt.all-claims, assertion.pid.presentation.sdjwt.vct-pid, assertion.pid.presentation.sdjwt.required-mandatory-claims-presented, test.WS_RP_DM_IdentifyingData_Birthdate_PID_IETF-sd-jwt-vc_001; precondition validators: pid.sdjwt_vct_pid, pid.sdjwt_required_mandatory_claims_present",🟠 req-class: EUDI_required; credimi: PR1295 catalog; format: ietf_sd_jwt_vc,source: FCAF repo; credimi-id matches source
,"=HYPERLINK(""https://github.com/eu-digital-identity-wallet/eudi-doc-functional-conformance-assessment/blob/88ab69a/docs/fcaf/suts/wallet_solution/relying_party/DataModel/IdentifyingData/WS_RP_DM_IdentifyingData_Birthdate_PID_IETF-sd-jwt-vc_003.md"",""WS_RP_DM_IdentifyingData_Birthdate_PID_IETF-sd-jwt-vc_003"")",EUDI_required,🟢 ready,,,x,,x,x,x,DataModel / IdentifyingData,EUDI_specific,"WS, RP-PI, PID-DM, SD-JWT VC","CDV, 🔎, WU, 📸","validators: sdjwt.claim_date_format; preconditions: pipeline.pid.presentation.sdjwt.all-claims, assertion.pid.presentation.sdjwt.vct-pid, assertion.pid.presentation.sdjwt.required-mandatory-claims-presented, test.WS_RP_DM_IdentifyingData_Birthdate_PID_IETF-sd-jwt-vc_001; precondition validators: pid.sdjwt_vct_pid, pid.sdjwt_required_mandatory_claims_present",🟠 req-class: EUDI_required; credimi: PR1295 catalog; format: ietf_sd_jwt_vc,source: FCAF repo; credimi-id matches source
,"=HYPERLINK(""https://github.com/eu-digital-identity-wallet/eudi-doc-functional-conformance-assessment/blob/88ab69a/docs/fcaf/suts/wallet_solution/relying_party/DataModel/IdentifyingData/WS_RP_DM_IdentifyingData_Birthdate_PID_IETF-sd-jwt-vc_004.md"",""WS_RP_DM_IdentifyingData_Birthdate_PID_IETF-sd-jwt-vc_004"")",EUDI_required,🟢 ready,,,x,,x,x,x,DataModel / IdentifyingData,EUDI_specific,"WS, RP-PI, PID-DM, SD-JWT VC","CDV, 🔎, WU, 📸","validators: sdjwt.claim_valid_date; preconditions: pipeline.pid.presentation.sdjwt.all-claims, assertion.pid.presentation.sdjwt.vct-pid, assertion.pid.presentation.sdjwt.required-mandatory-claims-presented, test.WS_RP_DM_IdentifyingData_Birthdate_PID_IETF-sd-jwt-vc_001; precondition validators: pid.sdjwt_vct_pid, pid.sdjwt_required_mandatory_claims_present",🟠 req-class: EUDI_required; credimi: PR1295 catalog; format: ietf_sd_jwt_vc,source: FCAF repo; credimi-id matches source
,"=HYPERLINK(""https://github.com/eu-digital-identity-wallet/eudi-doc-functional-conformance-assessment/blob/88ab69a/docs/fcaf/suts/wallet_solution/relying_party/DataModel/IdentifyingData/WS_RP_DM_IdentifyingData_Birthdate_PID_ISO-mdoc_001.md"",""WS_RP_DM_IdentifyingData_Birthdate_PID_ISO-mdoc_001"")",EUDI_required,🟢 ready,,,x,,x,x,x,DataModel / IdentifyingData,EUDI_specific,"WS, RP-PI, PID-DM, ISO mdoc","CDV, 🔎, WU, 📸","validators: mdoc.namespace_element_present; preconditions: pipeline.pid.presentation.mdoc.all-claims-elements, assertion.pid.presentation.mdoc.doc-type-pid, assertion.pid.presentation.mdoc.required-mandatory-elements-presented; precondition validators: pid.mdoc_doc_type, pid.mdoc_required_mandatory_elements_present",🟠 req-class: EUDI_required; credimi: PR1295 catalog; format: iso_mdoc,source: FCAF repo; credimi-id matches source
,"=HYPERLINK(""https://github.com/eu-digital-identity-wallet/eudi-doc-functional-conformance-assessment/blob/88ab69a/docs/fcaf/suts/wallet_solution/relying_party/DataModel/IdentifyingData/WS_RP_DM_IdentifyingData_Birthdate_PID_ISO-mdoc_002.md"",""WS_RP_DM_IdentifyingData_Birthdate_PID_ISO-mdoc_002"")",EUDI_required,🟢 ready,,,x,,x,x,x,DataModel / IdentifyingData,EUDI_specific,"WS, RP-PI, PID-DM, ISO mdoc","CDV, 🔎, WU, 📸","validators: mdoc.element_date_encoding; preconditions: pipeline.pid.presentation.mdoc.all-claims-elements, assertion.pid.presentation.mdoc.doc-type-pid, assertion.pid.presentation.mdoc.required-mandatory-elements-presented, test.WS_RP_DM_IdentifyingData_Birthdate_PID_ISO-mdoc_001; precondition validators: pid.mdoc_doc_type, pid.mdoc_required_mandatory_elements_present",🟠 req-class: EUDI_required; credimi: PR1295 catalog; format: iso_mdoc,source: FCAF repo; credimi-id matches source
,"=HYPERLINK(""https://github.com/eu-digital-identity-wallet/eudi-doc-functional-conformance-assessment/blob/88ab69a/docs/fcaf/suts/wallet_solution/relying_party/DataModel/IdentifyingData/WS_RP_DM_IdentifyingData_Birthdate_PID_ISO-mdoc_003.md"",""WS_RP_DM_IdentifyingData_Birthdate_PID_ISO-mdoc_003"")",EUDI_required,🟢 ready,,,x,,x,x,x,DataModel / IdentifyingData,EUDI_specific,"WS, RP-PI, PID-DM, ISO mdoc","CDV, 🔎, WU, 📸","validators: mdoc.element_date_format; preconditions: pipeline.pid.presentation.mdoc.all-claims-elements, assertion.pid.presentation.mdoc.doc-type-pid, assertion.pid.presentation.mdoc.required-mandatory-elements-presented, test.WS_RP_DM_IdentifyingData_Birthdate_PID_ISO-mdoc_001; precondition validators: pid.mdoc_doc_type, pid.mdoc_required_mandatory_elements_present",🟠 req-class: EUDI_required; credimi: PR1295 catalog; format: iso_mdoc,source: FCAF repo; credimi-id matches source
,"=HYPERLINK(""https://github.com/eu-digital-identity-wallet/eudi-doc-functional-conformance-assessment/blob/88ab69a/docs/fcaf/suts/wallet_solution/relying_party/DataModel/IdentifyingData/WS_RP_DM_IdentifyingData_Birthdate_PID_ISO-mdoc_004.md"",""WS_RP_DM_IdentifyingData_Birthdate_PID_ISO-mdoc_004"")",EUDI_required,🟢 ready,,,x,,x,x,x,DataModel / IdentifyingData,EUDI_specific,"WS, RP-PI, PID-DM, ISO mdoc","CDV, 🔎, WU, 📸","validators: mdoc.element_valid_date; preconditions: pipeline.pid.presentation.mdoc.all-claims-elements, assertion.pid.presentation.mdoc.doc-type-pid, assertion.pid.presentation.mdoc.required-mandatory-elements-presented, test.WS_RP_DM_IdentifyingData_Birthdate_PID_ISO-mdoc_001; precondition validators: pid.mdoc_doc_type, pid.mdoc_required_mandatory_elements_present",🟠 req-class: EUDI_required; credimi: PR1295 catalog; format: iso_mdoc,source: FCAF repo; credimi-id matches source
,"=HYPERLINK(""https://github.com/eu-digital-identity-wallet/eudi-doc-functional-conformance-assessment/blob/88ab69a/docs/fcaf/suts/wallet_solution/relying_party/DataModel/IdentifyingData/WS_RP_DM_IdentifyingData_Birthplace_PID_IETF-sd-jwt-vc_001.md"",""WS_RP_DM_IdentifyingData_Birthplace_PID_IETF-sd-jwt-vc_001"")",EUDI_required,🟢 ready,,,x,,x,x,x,DataModel / IdentifyingData,EUDI_specific,"WS, RP-PI, PID-DM, SD-JWT VC","CDV, 🔎, WU, 📸","validators: sdjwt.claim_present; preconditions: pipeline.pid.presentation.sdjwt.all-claims, assertion.pid.presentation.sdjwt.vct-pid, assertion.pid.presentation.sdjwt.required-mandatory-claims-presented; precondition validators: pid.sdjwt_vct_pid, pid.sdjwt_required_mandatory_claims_present",🟠 req-class: EUDI_required; credimi: PR1295 catalog; format: ietf_sd_jwt_vc,source: FCAF repo; credimi-id matches source
,"=HYPERLINK(""https://github.com/eu-digital-identity-wallet/eudi-doc-functional-conformance-assessment/blob/88ab69a/docs/fcaf/suts/wallet_solution/relying_party/DataModel/IdentifyingData/WS_RP_DM_IdentifyingData_Birthplace_PID_IETF-sd-jwt-vc_002.md"",""WS_RP_DM_IdentifyingData_Birthplace_PID_IETF-sd-jwt-vc_002"")",EUDI_required,🟢 ready,,,x,,x,x,x,DataModel / IdentifyingData,EUDI_specific,"WS, RP-PI, PID-DM, SD-JWT VC","CDV, 🔎, WU, 📸","validators: sdjwt.claim_object; preconditions: pipeline.pid.presentation.sdjwt.all-claims, assertion.pid.presentation.sdjwt.vct-pid, assertion.pid.presentation.sdjwt.required-mandatory-claims-presented, test.WS_RP_DM_IdentifyingData_Birthplace_PID_IETF-sd-jwt-vc_001; precondition validators: pid.sdjwt_vct_pid, pid.sdjwt_required_mandatory_claims_present",🟠 req-class: EUDI_required; credimi: PR1295 catalog; format: ietf_sd_jwt_vc,source: FCAF repo; credimi-id matches source
,"=HYPERLINK(""https://github.com/eu-digital-identity-wallet/eudi-doc-functional-conformance-assessment/blob/88ab69a/docs/fcaf/suts/wallet_solution/relying_party/DataModel/IdentifyingData/WS_RP_DM_IdentifyingData_Birthplace_PID_ISO-mdoc_001.md"",""WS_RP_DM_IdentifyingData_Birthplace_PID_ISO-mdoc_001"")",EUDI_required,🟢 ready,,,x,,x,x,x,DataModel / IdentifyingData,EUDI_specific,"WS, RP-PI, PID-DM, ISO mdoc","CDV, 🔎, WU, 📸","validators: mdoc.namespace_element_present; preconditions: pipeline.pid.presentation.mdoc.all-claims-elements, assertion.pid.presentation.mdoc.doc-type-pid, assertion.pid.presentation.mdoc.required-mandatory-elements-presented; precondition validators: pid.mdoc_doc_type, pid.mdoc_required_mandatory_elements_present",🟠 req-class: EUDI_required; credimi: PR1295 catalog; format: iso_mdoc,source: FCAF repo; credimi-id matches source
,"=HYPERLINK(""https://github.com/eu-digital-identity-wallet/eudi-doc-functional-conformance-assessment/blob/88ab69a/docs/fcaf/suts/wallet_solution/relying_party/DataModel/IdentifyingData/WS_RP_DM_IdentifyingData_Birthplace_PID_ISO-mdoc_002.md"",""WS_RP_DM_IdentifyingData_Birthplace_PID_ISO-mdoc_002"")",EUDI_required,🟢 ready,,,x,,x,x,x,DataModel / IdentifyingData,EUDI_specific,"WS, RP-PI, PID-DM, ISO mdoc","CDV, 🔎, WU, 📸","validators: mdoc.element_cbor_type; preconditions: pipeline.pid.presentation.mdoc.all-claims-elements, assertion.pid.presentation.mdoc.doc-type-pid, assertion.pid.presentation.mdoc.required-mandatory-elements-presented, test.WS_RP_DM_IdentifyingData_Birthplace_PID_ISO-mdoc_001; precondition validators: pid.mdoc_doc_type, pid.mdoc_required_mandatory_elements_present",🟠 req-class: EUDI_required; credimi: PR1295 catalog; format: iso_mdoc,source: FCAF repo; credimi-id matches source
,"=HYPERLINK(""https://github.com/eu-digital-identity-wallet/eudi-doc-functional-conformance-assessment/blob/88ab69a/docs/fcaf/suts/wallet_solution/relying_party/DataModel/IdentifyingData/WS_RP_DM_IdentifyingData_Birthplace_PID_ISO-mdoc_003.md"",""WS_RP_DM_IdentifyingData_Birthplace_PID_ISO-mdoc_003"")",EUDI_required,🟢 ready,,,x,,x,x,x,DataModel / IdentifyingData,EUDI_specific,"WS, RP-PI, PID-DM, ISO mdoc","CDV, 🔎, WU, 📸","validators: mdoc.element_map_shape; preconditions: pipeline.pid.presentation.mdoc.all-claims-elements, assertion.pid.presentation.mdoc.doc-type-pid, assertion.pid.presentation.mdoc.required-mandatory-elements-presented, test.WS_RP_DM_IdentifyingData_Birthplace_PID_ISO-mdoc_001; precondition validators: pid.mdoc_doc_type, pid.mdoc_required_mandatory_elements_present",🟠 req-class: EUDI_required; credimi: PR1295 catalog; format: iso_mdoc,source: FCAF repo; credimi-id matches source
,"=HYPERLINK(""https://github.com/eu-digital-identity-wallet/eudi-doc-functional-conformance-assessment/blob/88ab69a/docs/fcaf/suts/wallet_solution/relying_party/DataModel/IdentifyingData/WS_RP_DM_IdentifyingData_Birthplace_PID_ISO-mdoc_004.md"",""WS_RP_DM_IdentifyingData_Birthplace_PID_ISO-mdoc_004"")",EUDI_required,🟢 ready,,,x,,x,x,x,DataModel / IdentifyingData,EUDI_specific,"WS, RP-PI, PID-DM, ISO mdoc","CDV, 🔎, WU, 📸","validators: mdoc.element_map_text_values; preconditions: pipeline.pid.presentation.mdoc.all-claims-elements, assertion.pid.presentation.mdoc.doc-type-pid, assertion.pid.presentation.mdoc.required-mandatory-elements-presented, test.WS_RP_DM_IdentifyingData_Birthplace_PID_ISO-mdoc_001; precondition validators: pid.mdoc_doc_type, pid.mdoc_required_mandatory_elements_present",🟠 req-class: EUDI_required; credimi: PR1295 catalog; format: iso_mdoc,source: FCAF repo; credimi-id matches source
,"=HYPERLINK(""https://github.com/eu-digital-identity-wallet/eudi-doc-functional-conformance-assessment/blob/88ab69a/docs/fcaf/suts/wallet_solution/relying_party/DataModel/IdentifyingData/WS_RP_DM_IdentifyingData_Birthplace_PID_ISO-mdoc_005.md"",""WS_RP_DM_IdentifyingData_Birthplace_PID_ISO-mdoc_005"")",EUDI_required,🟢 ready,,,x,,x,x,x,DataModel / IdentifyingData,EUDI_specific,"WS, RP-PI, PID-DM, ISO mdoc","CDV, 🔎, WU, 📸","validators: mdoc.element_map_member_country_code; preconditions: pipeline.pid.presentation.mdoc.all-claims-elements, assertion.pid.presentation.mdoc.doc-type-pid, assertion.pid.presentation.mdoc.required-mandatory-elements-presented, test.WS_RP_DM_IdentifyingData_Birthplace_PID_ISO-mdoc_001; precondition validators: pid.mdoc_doc_type, pid.mdoc_required_mandatory_elements_present",🟠 req-class: EUDI_required; credimi: PR1295 catalog; format: iso_mdoc,source: FCAF repo; credimi-id matches source
,"=HYPERLINK(""https://github.com/eu-digital-identity-wallet/eudi-doc-functional-conformance-assessment/blob/88ab69a/docs/fcaf/suts/wallet_solution/relying_party/DataModel/IdentifyingData/WS_RP_DM_IdentifyingData_Birthplace_PID_ISO-mdoc_006.md"",""WS_RP_DM_IdentifyingData_Birthplace_PID_ISO-mdoc_006"")",EUDI_required,🟢 ready,,,x,,x,x,x,DataModel / IdentifyingData,EUDI_specific,"WS, RP-PI, PID-DM, ISO mdoc","CDV, 🔎, WU, 📸","validators: mdoc.element_map_member_utf8_max_length; preconditions: pipeline.pid.presentation.mdoc.all-claims-elements, assertion.pid.presentation.mdoc.doc-type-pid, assertion.pid.presentation.mdoc.required-mandatory-elements-presented, test.WS_RP_DM_IdentifyingData_Birthplace_PID_ISO-mdoc_001; precondition validators: pid.mdoc_doc_type, pid.mdoc_required_mandatory_elements_present",🟠 req-class: EUDI_required; credimi: PR1295 catalog; format: iso_mdoc,source: FCAF repo; credimi-id matches source
,"=HYPERLINK(""https://github.com/eu-digital-identity-wallet/eudi-doc-functional-conformance-assessment/blob/88ab69a/docs/fcaf/suts/wallet_solution/relying_party/DataModel/IdentifyingData/WS_RP_DM_IdentifyingData_Birthplace_PID_ISO-mdoc_007.md"",""WS_RP_DM_IdentifyingData_Birthplace_PID_ISO-mdoc_007"")",EUDI_required,🟢 ready,,,x,,x,x,x,DataModel / IdentifyingData,EUDI_specific,"WS, RP-PI, PID-DM, ISO mdoc","CDV, 🔎, WU, 📸","validators: mdoc.element_map_member_utf8_max_length; preconditions: pipeline.pid.presentation.mdoc.all-claims-elements, assertion.pid.presentation.mdoc.doc-type-pid, assertion.pid.presentation.mdoc.required-mandatory-elements-presented, test.WS_RP_DM_IdentifyingData_Birthplace_PID_ISO-mdoc_001; precondition validators: pid.mdoc_doc_type, pid.mdoc_required_mandatory_elements_present",🟠 req-class: EUDI_required; credimi: PR1295 catalog; format: iso_mdoc,source: FCAF repo; credimi-id matches source
,"=HYPERLINK(""https://github.com/eu-digital-identity-wallet/eudi-doc-functional-conformance-assessment/blob/88ab69a/docs/fcaf/suts/wallet_solution/relying_party/DataModel/IdentifyingData/WS_RP_DM_IdentifyingData_Familyname_PID_IETF-sd-jwt-vc_001.md"",""WS_RP_DM_IdentifyingData_Familyname_PID_IETF-sd-jwt-vc_001"")",EUDI_required,🟢 ready,,,x,,x,x,x,DataModel / IdentifyingData,EUDI_specific,"WS, RP-PI, PID-DM, SD-JWT VC","CDV, 🔎, WU, 📸","validators: sdjwt.claim_present; preconditions: pipeline.pid.presentation.sdjwt.all-claims, assertion.pid.presentation.sdjwt.vct-pid, assertion.pid.presentation.sdjwt.required-mandatory-claims-presented; precondition validators: pid.sdjwt_vct_pid, pid.sdjwt_required_mandatory_claims_present",🟠 req-class: EUDI_required; credimi: PR1295 catalog; format: ietf_sd_jwt_vc,source: FCAF repo; credimi-id matches source
,"=HYPERLINK(""https://github.com/eu-digital-identity-wallet/eudi-doc-functional-conformance-assessment/blob/88ab69a/docs/fcaf/suts/wallet_solution/relying_party/DataModel/IdentifyingData/WS_RP_DM_IdentifyingData_Familyname_PID_IETF-sd-jwt-vc_002.md"",""WS_RP_DM_IdentifyingData_Familyname_PID_IETF-sd-jwt-vc_002"")",EUDI_required,🟢 ready,,,x,,x,x,x,DataModel / IdentifyingData,EUDI_specific,"WS, RP-PI, PID-DM, SD-JWT VC","CDV, 🔎, WU, 📸","validators: sdjwt.claim_utf8_string; preconditions: pipeline.pid.presentation.sdjwt.all-claims, assertion.pid.presentation.sdjwt.vct-pid, assertion.pid.presentation.sdjwt.required-mandatory-claims-presented, test.WS_RP_DM_IdentifyingData_Familyname_PID_IETF-sd-jwt-vc_001; precondition validators: pid.sdjwt_vct_pid, pid.sdjwt_required_mandatory_claims_present",🟠 req-class: EUDI_required; credimi: PR1295 catalog; format: ietf_sd_jwt_vc,source: FCAF repo; credimi-id matches source
,"=HYPERLINK(""https://github.com/eu-digital-identity-wallet/eudi-doc-functional-conformance-assessment/blob/88ab69a/docs/fcaf/suts/wallet_solution/relying_party/DataModel/IdentifyingData/WS_RP_DM_IdentifyingData_Familyname_PID_ISO-mdoc_001.md"",""WS_RP_DM_IdentifyingData_Familyname_PID_ISO-mdoc_001"")",EUDI_required,🟢 ready,,,x,,x,x,x,DataModel / IdentifyingData,EUDI_specific,"WS, RP-PI, PID-DM, ISO mdoc","CDV, 🔎, WU, 📸","validators: mdoc.namespace_element_present; preconditions: pipeline.pid.presentation.mdoc.all-claims-elements, assertion.pid.presentation.mdoc.doc-type-pid, assertion.pid.presentation.mdoc.required-mandatory-elements-presented; precondition validators: pid.mdoc_doc_type, pid.mdoc_required_mandatory_elements_present",🟠 req-class: EUDI_required; credimi: PR1295 catalog; format: iso_mdoc,source: FCAF repo; credimi-id matches source
,"=HYPERLINK(""https://github.com/eu-digital-identity-wallet/eudi-doc-functional-conformance-assessment/blob/88ab69a/docs/fcaf/suts/wallet_solution/relying_party/DataModel/IdentifyingData/WS_RP_DM_IdentifyingData_Familyname_PID_ISO-mdoc_002.md"",""WS_RP_DM_IdentifyingData_Familyname_PID_ISO-mdoc_002"")",EUDI_required,🟢 ready,,,x,,x,x,x,DataModel / IdentifyingData,EUDI_specific,"WS, RP-PI, PID-DM, ISO mdoc","CDV, 🔎, WU, 📸","validators: mdoc.element_utf8_string; preconditions: pipeline.pid.presentation.mdoc.all-claims-elements, assertion.pid.presentation.mdoc.doc-type-pid, assertion.pid.presentation.mdoc.required-mandatory-elements-presented, test.WS_RP_DM_IdentifyingData_Familyname_PID_ISO-mdoc_001; precondition validators: pid.mdoc_doc_type, pid.mdoc_required_mandatory_elements_present",🟠 req-class: EUDI_required; credimi: PR1295 catalog; format: iso_mdoc,source: FCAF repo; credimi-id matches source
,"=HYPERLINK(""https://github.com/eu-digital-identity-wallet/eudi-doc-functional-conformance-assessment/blob/88ab69a/docs/fcaf/suts/wallet_solution/relying_party/DataModel/IdentifyingData/WS_RP_DM_IdentifyingData_Givenname_PID_IETF-sd-jwt-vc_001.md"",""WS_RP_DM_IdentifyingData_Givenname_PID_IETF-sd-jwt-vc_001"")",EUDI_required,🟢 ready,,,x,,x,x,x,DataModel / IdentifyingData,EUDI_specific,"WS, RP-PI, PID-DM, SD-JWT VC","CDV, 🔎, WU, 📸","validators: sdjwt.claim_present; preconditions: pipeline.pid.presentation.sdjwt.all-claims, assertion.pid.presentation.sdjwt.vct-pid, assertion.pid.presentation.sdjwt.required-mandatory-claims-presented; precondition validators: pid.sdjwt_vct_pid, pid.sdjwt_required_mandatory_claims_present",🟠 req-class: EUDI_required; credimi: PR1295 catalog; format: ietf_sd_jwt_vc,source: FCAF repo; credimi-id matches source
,"=HYPERLINK(""https://github.com/eu-digital-identity-wallet/eudi-doc-functional-conformance-assessment/blob/88ab69a/docs/fcaf/suts/wallet_solution/relying_party/DataModel/IdentifyingData/WS_RP_DM_IdentifyingData_Givenname_PID_IETF-sd-jwt-vc_002.md"",""WS_RP_DM_IdentifyingData_Givenname_PID_IETF-sd-jwt-vc_002"")",EUDI_required,🟢 ready,,,x,,x,x,x,DataModel / IdentifyingData,EUDI_specific,"WS, RP-PI, PID-DM, SD-JWT VC","CDV, 🔎, WU, 📸","validators: sdjwt.claim_utf8_string; preconditions: pipeline.pid.presentation.sdjwt.all-claims, assertion.pid.presentation.sdjwt.vct-pid, assertion.pid.presentation.sdjwt.required-mandatory-claims-presented, test.WS_RP_DM_IdentifyingData_Givenname_PID_IETF-sd-jwt-vc_001; precondition validators: pid.sdjwt_vct_pid, pid.sdjwt_required_mandatory_claims_present",🟠 req-class: EUDI_required; credimi: PR1295 catalog; format: ietf_sd_jwt_vc,source: FCAF repo; credimi-id matches source
,"=HYPERLINK(""https://github.com/eu-digital-identity-wallet/eudi-doc-functional-conformance-assessment/blob/88ab69a/docs/fcaf/suts/wallet_solution/relying_party/DataModel/IdentifyingData/WS_RP_DM_IdentifyingData_Givenname_PID_ISO-mdoc_001.md"",""WS_RP_DM_IdentifyingData_Givenname_PID_ISO-mdoc_001"")",EUDI_required,🟢 ready,,,x,,x,x,x,DataModel / IdentifyingData,EUDI_specific,"WS, RP-PI, PID-DM, ISO mdoc","CDV, 🔎, WU, 📸","validators: mdoc.namespace_element_present; preconditions: pipeline.pid.presentation.mdoc.all-claims-elements, assertion.pid.presentation.mdoc.doc-type-pid, assertion.pid.presentation.mdoc.required-mandatory-elements-presented; precondition validators: pid.mdoc_doc_type, pid.mdoc_required_mandatory_elements_present",🟠 req-class: EUDI_required; credimi: PR1295 catalog; format: iso_mdoc,source: FCAF repo; credimi-id matches source
,"=HYPERLINK(""https://github.com/eu-digital-identity-wallet/eudi-doc-functional-conformance-assessment/blob/88ab69a/docs/fcaf/suts/wallet_solution/relying_party/DataModel/IdentifyingData/WS_RP_DM_IdentifyingData_Givenname_PID_ISO-mdoc_002.md"",""WS_RP_DM_IdentifyingData_Givenname_PID_ISO-mdoc_002"")",EUDI_required,🟢 ready,,,x,,x,x,x,DataModel / IdentifyingData,EUDI_specific,"WS, RP-PI, PID-DM, ISO mdoc","CDV, 🔎, WU, 📸","validators: mdoc.element_utf8_string; preconditions: pipeline.pid.presentation.mdoc.all-claims-elements, assertion.pid.presentation.mdoc.doc-type-pid, assertion.pid.presentation.mdoc.required-mandatory-elements-presented, test.WS_RP_DM_IdentifyingData_Givenname_PID_ISO-mdoc_001; precondition validators: pid.mdoc_doc_type, pid.mdoc_required_mandatory_elements_present",🟠 req-class: EUDI_required; credimi: PR1295 catalog; format: iso_mdoc,source: FCAF repo; credimi-id matches source
,"=HYPERLINK(""https://github.com/eu-digital-identity-wallet/eudi-doc-functional-conformance-assessment/blob/88ab69a/docs/fcaf/suts/wallet_solution/relying_party/DataModel/IdentifyingData/WS_RP_DM_IdentifyingData_Nationality_PID_IETF-sd-jwt-vc_001.md"",""WS_RP_DM_IdentifyingData_Nationality_PID_IETF-sd-jwt-vc_001"")",EUDI_required,🟢 ready,,,x,,x,x,x,DataModel / IdentifyingData,EUDI_specific,"WS, RP-PI, PID-DM, SD-JWT VC","CDV, 🔎, WU, 📸","validators: sdjwt.claim_present; preconditions: pipeline.pid.presentation.sdjwt.all-claims, assertion.pid.presentation.sdjwt.vct-pid, assertion.pid.presentation.sdjwt.required-mandatory-claims-presented; precondition validators: pid.sdjwt_vct_pid, pid.sdjwt_required_mandatory_claims_present",🟠 req-class: EUDI_required; credimi: PR1295 catalog; format: ietf_sd_jwt_vc,source: FCAF repo; credimi-id matches source
,"=HYPERLINK(""https://github.com/eu-digital-identity-wallet/eudi-doc-functional-conformance-assessment/blob/88ab69a/docs/fcaf/suts/wallet_solution/relying_party/DataModel/IdentifyingData/WS_RP_DM_IdentifyingData_Nationality_PID_IETF-sd-jwt-vc_002.md"",""WS_RP_DM_IdentifyingData_Nationality_PID_IETF-sd-jwt-vc_002"")",EUDI_required,🟢 ready,,,x,,x,x,x,DataModel / IdentifyingData,EUDI_specific,"WS, RP-PI, PID-DM, SD-JWT VC","CDV, 🔎, WU, 📸","validators: sdjwt.claim_string_array; preconditions: pipeline.pid.presentation.sdjwt.all-claims, assertion.pid.presentation.sdjwt.vct-pid, assertion.pid.presentation.sdjwt.required-mandatory-claims-presented, test.WS_RP_DM_IdentifyingData_Nationality_PID_IETF-sd-jwt-vc_001; precondition validators: pid.sdjwt_vct_pid, pid.sdjwt_required_mandatory_claims_present",🟠 req-class: EUDI_required; credimi: PR1295 catalog; format: ietf_sd_jwt_vc,source: FCAF repo; credimi-id matches source
,"=HYPERLINK(""https://github.com/eu-digital-identity-wallet/eudi-doc-functional-conformance-assessment/blob/88ab69a/docs/fcaf/suts/wallet_solution/relying_party/DataModel/IdentifyingData/WS_RP_DM_IdentifyingData_Nationality_PID_IETF-sd-jwt-vc_003.md"",""WS_RP_DM_IdentifyingData_Nationality_PID_IETF-sd-jwt-vc_003"")",EUDI_required,🟢 ready,,,x,,x,x,x,DataModel / IdentifyingData,EUDI_specific,"WS, RP-PI, PID-DM, SD-JWT VC","CDV, 🔎, WU, 📸","validators: sdjwt.claim_country_code_array; preconditions: pipeline.pid.presentation.sdjwt.all-claims, assertion.pid.presentation.sdjwt.vct-pid, assertion.pid.presentation.sdjwt.required-mandatory-claims-presented, test.WS_RP_DM_IdentifyingData_Nationality_PID_IETF-sd-jwt-vc_001; precondition validators: pid.sdjwt_vct_pid, pid.sdjwt_required_mandatory_claims_present",🟠 req-class: EUDI_required; credimi: PR1295 catalog; format: ietf_sd_jwt_vc,source: FCAF repo; credimi-id matches source
,"=HYPERLINK(""https://github.com/eu-digital-identity-wallet/eudi-doc-functional-conformance-assessment/blob/88ab69a/docs/fcaf/suts/wallet_solution/relying_party/DataModel/IdentifyingData/WS_RP_DM_IdentifyingData_Nationality_PID_ISO-mdoc_001.md"",""WS_RP_DM_IdentifyingData_Nationality_PID_ISO-mdoc_001"")",EUDI_required,🟢 ready,,,x,,x,x,x,DataModel / IdentifyingData,EUDI_specific,"WS, RP-PI, PID-DM, ISO mdoc","CDV, 🔎, WU, 📸","validators: mdoc.namespace_element_present; preconditions: pipeline.pid.presentation.mdoc.all-claims-elements, assertion.pid.presentation.mdoc.doc-type-pid, assertion.pid.presentation.mdoc.required-mandatory-elements-presented; precondition validators: pid.mdoc_doc_type, pid.mdoc_required_mandatory_elements_present",🟠 req-class: EUDI_required; credimi: PR1295 catalog; format: iso_mdoc,source: FCAF repo; credimi-id matches source
,"=HYPERLINK(""https://github.com/eu-digital-identity-wallet/eudi-doc-functional-conformance-assessment/blob/88ab69a/docs/fcaf/suts/wallet_solution/relying_party/DataModel/IdentifyingData/WS_RP_DM_IdentifyingData_Nationality_PID_ISO-mdoc_002.md"",""WS_RP_DM_IdentifyingData_Nationality_PID_ISO-mdoc_002"")",EUDI_required,🟢 ready,,,x,,x,x,x,DataModel / IdentifyingData,EUDI_specific,"WS, RP-PI, PID-DM, ISO mdoc","CDV, 🔎, WU, 📸","validators: mdoc.element_string_array; preconditions: pipeline.pid.presentation.mdoc.all-claims-elements, assertion.pid.presentation.mdoc.doc-type-pid, assertion.pid.presentation.mdoc.required-mandatory-elements-presented, test.WS_RP_DM_IdentifyingData_Nationality_PID_ISO-mdoc_001; precondition validators: pid.mdoc_doc_type, pid.mdoc_required_mandatory_elements_present",🟠 req-class: EUDI_required; credimi: PR1295 catalog; format: iso_mdoc,source: FCAF repo; credimi-id matches source
,"=HYPERLINK(""https://github.com/eu-digital-identity-wallet/eudi-doc-functional-conformance-assessment/blob/88ab69a/docs/fcaf/suts/wallet_solution/relying_party/DataModel/IdentifyingData/WS_RP_DM_IdentifyingData_Nationality_PID_ISO-mdoc_003.md"",""WS_RP_DM_IdentifyingData_Nationality_PID_ISO-mdoc_003"")",EUDI_required,🟢 ready,,,x,,x,x,x,DataModel / IdentifyingData,EUDI_specific,"WS, RP-PI, PID-DM, ISO mdoc","CDV, 🔎, WU, 📸","validators: mdoc.element_country_code_array; preconditions: pipeline.pid.presentation.mdoc.all-claims-elements, assertion.pid.presentation.mdoc.doc-type-pid, assertion.pid.presentation.mdoc.required-mandatory-elements-presented, test.WS_RP_DM_IdentifyingData_Nationality_PID_ISO-mdoc_001; precondition validators: pid.mdoc_doc_type, pid.mdoc_required_mandatory_elements_present",🟠 req-class: EUDI_required; credimi: PR1295 catalog; format: iso_mdoc,source: FCAF repo; credimi-id matches source
,"=HYPERLINK(""https://github.com/eu-digital-identity-wallet/eudi-doc-functional-conformance-assessment/blob/88ab69a/docs/fcaf/suts/wallet_solution/relying_party/DataModel/IdentifyingData/WS_RP_DM_IdentifyingData_Nationality_PID_ISO-mdoc_004.md"",""WS_RP_DM_IdentifyingData_Nationality_PID_ISO-mdoc_004"")",EUDI_required,🟢 ready,,,x,,x,x,x,DataModel / IdentifyingData,EUDI_specific,"WS, RP-PI, PID-DM, ISO mdoc","CDV, 🔎, WU, 📸","validators: mdoc.element_country_code_array; preconditions: pipeline.pid.presentation.mdoc.all-claims-elements, assertion.pid.presentation.mdoc.doc-type-pid, assertion.pid.presentation.mdoc.required-mandatory-elements-presented, test.WS_RP_DM_IdentifyingData_Nationality_PID_ISO-mdoc_001; precondition validators: pid.mdoc_doc_type, pid.mdoc_required_mandatory_elements_present",🟠 req-class: EUDI_required; credimi: PR1295 catalog; format: iso_mdoc,source: FCAF repo; credimi-id matches source
,"=HYPERLINK(""https://github.com/eu-digital-identity-wallet/eudi-doc-functional-conformance-assessment/blob/88ab69a/docs/fcaf/suts/wallet_solution/relying_party/DataModel/IdentifyingData/WS_RP_DM_IdentifyingData_Portrait_PID_IETF-sd-jwt-vc_001.md"",""WS_RP_DM_IdentifyingData_Portrait_PID_IETF-sd-jwt-vc_001"")",EUDI_required,🟢 ready,,,x,,x,x,x,DataModel / IdentifyingData,EUDI_specific,"WS, RP-PI, PID-DM, SD-JWT VC","CDV, 🔎, WU, 📸","validators: sdjwt.claim_present; preconditions: pipeline.pid.presentation.sdjwt.all-claims, assertion.pid.presentation.sdjwt.vct-pid, assertion.pid.presentation.sdjwt.required-mandatory-claims-presented; precondition validators: pid.sdjwt_vct_pid, pid.sdjwt_required_mandatory_claims_present",🟠 req-class: EUDI_required; credimi: PR1295 catalog; format: ietf_sd_jwt_vc,source: FCAF repo; credimi-id matches source
,"=HYPERLINK(""https://github.com/eu-digital-identity-wallet/eudi-doc-functional-conformance-assessment/blob/88ab69a/docs/fcaf/suts/wallet_solution/relying_party/DataModel/IdentifyingData/WS_RP_DM_IdentifyingData_Portrait_PID_IETF-sd-jwt-vc_002.md"",""WS_RP_DM_IdentifyingData_Portrait_PID_IETF-sd-jwt-vc_002"")",EUDI_required,🟢 ready,,,x,,x,x,x,DataModel / IdentifyingData,EUDI_specific,"WS, RP-PI, PID-DM, SD-JWT VC","CDV, 🔎, WU, 📸","validators: sdjwt.claim_type; preconditions: pipeline.pid.presentation.sdjwt.all-claims, assertion.pid.presentation.sdjwt.vct-pid, assertion.pid.presentation.sdjwt.required-mandatory-claims-presented, test.WS_RP_DM_IdentifyingData_Portrait_PID_IETF-sd-jwt-vc_001; precondition validators: pid.sdjwt_vct_pid, pid.sdjwt_required_mandatory_claims_present",🟠 req-class: EUDI_required; credimi: PR1295 catalog; format: ietf_sd_jwt_vc,source: FCAF repo; credimi-id matches source
,"=HYPERLINK(""https://github.com/eu-digital-identity-wallet/eudi-doc-functional-conformance-assessment/blob/88ab69a/docs/fcaf/suts/wallet_solution/relying_party/DataModel/IdentifyingData/WS_RP_DM_IdentifyingData_Portrait_PID_IETF-sd-jwt-vc_003.md"",""WS_RP_DM_IdentifyingData_Portrait_PID_IETF-sd-jwt-vc_003"")",EUDI_required,🟢 ready,,,x,,x,x,x,DataModel / IdentifyingData,EUDI_specific,"WS, RP-PI, PID-DM, SD-JWT VC","CDV, 🔎, WU, 📸","validators: sdjwt.claim_jpeg_data_url; preconditions: pipeline.pid.presentation.sdjwt.all-claims, assertion.pid.presentation.sdjwt.vct-pid, assertion.pid.presentation.sdjwt.required-mandatory-claims-presented, test.WS_RP_DM_IdentifyingData_Portrait_PID_IETF-sd-jwt-vc_001; precondition validators: pid.sdjwt_vct_pid, pid.sdjwt_required_mandatory_claims_present",🟠 req-class: EUDI_required; credimi: PR1295 catalog; format: ietf_sd_jwt_vc,source: FCAF repo; credimi-id matches source
,"=HYPERLINK(""https://github.com/eu-digital-identity-wallet/eudi-doc-functional-conformance-assessment/blob/88ab69a/docs/fcaf/suts/wallet_solution/relying_party/DataModel/IdentifyingData/WS_RP_DM_IdentifyingData_Portrait_PID_ISO-mdoc_001.md"",""WS_RP_DM_IdentifyingData_Portrait_PID_ISO-mdoc_001"")",EUDI_required,🟢 ready,,,x,,x,x,x,DataModel / IdentifyingData,EUDI_specific,"WS, RP-PI, PID-DM, ISO mdoc","CDV, 🔎, WU, 📸","validators: mdoc.namespace_element_present; preconditions: pipeline.pid.presentation.mdoc.all-claims-elements, assertion.pid.presentation.mdoc.doc-type-pid, assertion.pid.presentation.mdoc.required-mandatory-elements-presented; precondition validators: pid.mdoc_doc_type, pid.mdoc_required_mandatory_elements_present",🟠 req-class: EUDI_required; credimi: PR1295 catalog; format: iso_mdoc,source: FCAF repo; credimi-id matches source
,"=HYPERLINK(""https://github.com/eu-digital-identity-wallet/eudi-doc-functional-conformance-assessment/blob/88ab69a/docs/fcaf/suts/wallet_solution/relying_party/DataModel/IdentifyingData/WS_RP_DM_IdentifyingData_Portrait_PID_ISO-mdoc_002.md"",""WS_RP_DM_IdentifyingData_Portrait_PID_ISO-mdoc_002"")",EUDI_required,🟢 ready,,,x,,x,x,x,DataModel / IdentifyingData,EUDI_specific,"WS, RP-PI, PID-DM, ISO mdoc","CDV, 🔎, WU, 📸","validators: mdoc.element_cbor_type; preconditions: pipeline.pid.presentation.mdoc.all-claims-elements, assertion.pid.presentation.mdoc.doc-type-pid, assertion.pid.presentation.mdoc.required-mandatory-elements-presented, test.WS_RP_DM_IdentifyingData_Portrait_PID_ISO-mdoc_001; precondition validators: pid.mdoc_doc_type, pid.mdoc_required_mandatory_elements_present",🟠 req-class: EUDI_required; credimi: PR1295 catalog; format: iso_mdoc,source: FCAF repo; credimi-id matches source
,"=HYPERLINK(""https://github.com/eu-digital-identity-wallet/eudi-doc-functional-conformance-assessment/blob/88ab69a/docs/fcaf/suts/wallet_solution/relying_party/DataModel/IdentifyingData/WS_RP_DM_IdentifyingData_Portrait_PID_ISO-mdoc_003.md"",""WS_RP_DM_IdentifyingData_Portrait_PID_ISO-mdoc_003"")",EUDI_required,🟢 ready,,,x,,x,x,x,DataModel / IdentifyingData,EUDI_specific,"WS, RP-PI, PID-DM, ISO mdoc","CDV, 🔎, WU, 📸","validators: mdoc.element_jpeg; preconditions: pipeline.pid.presentation.mdoc.all-claims-elements, assertion.pid.presentation.mdoc.doc-type-pid, assertion.pid.presentation.mdoc.required-mandatory-elements-presented, test.WS_RP_DM_IdentifyingData_Portrait_PID_ISO-mdoc_001; precondition validators: pid.mdoc_doc_type, pid.mdoc_required_mandatory_elements_present",🟠 req-class: EUDI_required; credimi: PR1295 catalog; format: iso_mdoc,source: FCAF repo; credimi-id matches source
,"=HYPERLINK(""https://github.com/eu-digital-identity-wallet/eudi-doc-functional-conformance-assessment/blob/88ab69a/docs/fcaf/suts/wallet_solution/relying_party/Interaction/Engagement/WS_RP_IA_Engagement__001.md"",""WS_RP_IA_Engagement_001"")",EUDI_required,🟢 ready,,,x,,x,,x,Interaction / Engagement,EUDI_generic,"WS, RP-PI, OID4VP-IA","🔎, WU, 📸",validators: json.field_required; preconditions: pipeline.wallet.engagement.haip-vp; manual Maestro pipeline template: fcaf-wallet-solution-relying-party-engagement-haip-vp,🟠 req-class: EUDI_required; credimi: PR1295 catalog; path: tests,source: FCAF repo; credimi-id differs: WS_RP_IA_Engagement__001
,"=HYPERLINK(""https://github.com/eu-digital-identity-wallet/eudi-doc-functional-conformance-assessment/blob/88ab69a/docs/fcaf/suts/wallet_solution/relying_party/Interaction/Engagement/WS_RP_IA_Engagement__002.md"",""WS_RP_IA_Engagement_002"")",EUDI_required,🟡 implemented verifier-blocked,x,,x,,x,,x,Interaction / Engagement,EUDI_generic,"WS, RP-PI, OID4VP-IA","🔎, WU, 📸, CAW",validators: none in PR1295; Maestro/pipeline precondition not implemented in PR1295; adapt same Interaction / Engagement flow with small request/assert changes; source trigger: DC API / Credential API; generated: test YAML + proper validators + area pipeline,🟠 req-class: EUDI_required; credimi: PR1295 no YAML,source: FCAF repo; no PR1295 YAML
,"=HYPERLINK(""https://github.com/eu-digital-identity-wallet/eudi-doc-functional-conformance-assessment/blob/88ab69a/docs/fcaf/suts/wallet_solution/relying_party/Interaction/MainInteraction/WS_RP_IA_MainInteraction__003.md"",""WS_RP_IA_MainInteraction_003"")",EUDI_required,🟢 ready,,,x,,x,,x,Interaction / MainInteraction,EUDI_generic,"WS, RP-PI, OID4VP-IA","🔎, WU, 📸",validators dcql.response_satisfies_constraints mode trusted_authorities_match decodes every returned SD-JWT presentation and verifies its issuer (x5c+AKI hash or iss claim) matches at least one trusted_authority condition; new pipeline precondition pipeline.dcql.trusted-authorities-match with Maestro flow and visual consent evidence,🟢 req-class: EUDI_required; credimi: PR1295 YAML ready,source: FCAF repo; PR1295 YAML; pipeline precondition ready
,"=HYPERLINK(""https://github.com/eu-digital-identity-wallet/eudi-doc-functional-conformance-assessment/blob/88ab69a/docs/fcaf/suts/wallet_solution/relying_party/Interaction/MainInteraction/WS_RP_IA_MainInteraction__004.md"",""WS_RP_IA_MainInteraction_004"")",EUDI_required,🟢 ready,,,x,,x,,x,Interaction / MainInteraction,EUDI_generic,"WS, RP-PI, OID4VP-IA","CDV, 🔎, WU, 📸",valid unmatched aki trusted_authorities request; validates no credential is returned and stores Wallet no-match/discontinuation evidence,🟢 req-class: EUDI_required; credimi: PR1295 YAML ready,source: FCAF repo; PR1295 YAML
,"=HYPERLINK(""https://github.com/eu-digital-identity-wallet/eudi-doc-functional-conformance-assessment/blob/88ab69a/docs/fcaf/suts/wallet_solution/relying_party/Interaction/MainInteraction/WS_RP_IA_MainInteraction__005.md"",""WS_RP_IA_MainInteraction_005"")",EUDI_required,🟢 ready,,,x,,x,,x,Interaction / MainInteraction,EUDI_generic,"WS, RP-PI, OID4VP-IA","CDV, 🔎, WU, 📸",reuses the validated holder-binding true precondition; asserts the valid true property, cryptographic cnf evidence, and consent evidence; direct emulator demo still requires Maestro/runner access,🟢 req-class: EUDI_required; credimi: PR1295 YAML ready,source: FCAF repo; PR1295 YAML
,"=HYPERLINK(""https://github.com/eu-digital-identity-wallet/eudi-doc-functional-conformance-assessment/blob/88ab69a/docs/fcaf/suts/wallet_solution/relying_party/Interaction/MainInteraction/WS_RP_IA_MainInteraction__006.md"",""WS_RP_IA_MainInteraction_006"")",EUDI_required,🟡 implemented verifier-blocked,,,x,,x,,x,Interaction / MainInteraction,EUDI_generic,"WS, RP-PI, OID4VP-IA","🔎, WU, 📸",validators: dcql.response_satisfies_constraints; preconditions: pipeline.dcql.holder-binding-type-boundary; reuses the existing holder-binding false evidence shape; generated: test YAML + validators + area pipeline,🟠 req-class: EUDI_required; credimi: PR1295 no YAML,source: FCAF repo; no PR1295 YAML
,"=HYPERLINK(""https://github.com/eu-digital-identity-wallet/eudi-doc-functional-conformance-assessment/blob/88ab69a/docs/fcaf/suts/wallet_solution/relying_party/Interaction/MainInteraction/WS_RP_IA_MainInteraction__007.md"",""WS_RP_IA_MainInteraction_007"")",EUDI_required,🟢 ready,,,x,,x,,x,Interaction / MainInteraction,EUDI_generic,"WS, RP-PI, OID4VP-IA","CDV, 🔎, WU, 📸",reuses the holder-binding false precondition; asserts the false property, cryptographic cnf evidence, and consent evidence; hosted beta-capture emulator demo path,🟢 req-class: EUDI_required; credimi: PR1295 YAML ready,source: FCAF repo; PR1295 YAML
,"=HYPERLINK(""https://github.com/eu-digital-identity-wallet/eudi-doc-functional-conformance-assessment/blob/88ab69a/docs/fcaf/suts/wallet_solution/relying_party/Interaction/MainInteraction/WS_RP_IA_MainInteraction__008.md"",""WS_RP_IA_MainInteraction_008"")",EUDI_required,🟡 implemented verifier-blocked,,,x,,x,,x,Interaction / MainInteraction,EUDI_generic,"WS, RP-PI, OID4VP-IA","🔎, WU, 📸",validators: none in PR1295; Maestro/pipeline precondition not implemented in PR1295; adapt same Interaction / MainInteraction flow with small request/assert changes; generated: test YAML + validators + area pipeline,🟠 req-class: EUDI_required; credimi: PR1295 no YAML,source: FCAF repo; no PR1295 YAML
,"=HYPERLINK(""https://github.com/eu-digital-identity-wallet/eudi-doc-functional-conformance-assessment/blob/88ab69a/docs/fcaf/suts/wallet_solution/relying_party/Interaction/MainInteraction/WS_RP_IA_MainInteraction__010.md"",""WS_RP_IA_MainInteraction_010"")",EUDI_required,🟡 implemented verifier-blocked,,,x,,x,,x,Interaction / MainInteraction,EUDI_generic,"WS, RP-PI, OID4VP-IA","🔎, WU, 📸",validators: none in PR1295; Maestro/pipeline precondition not implemented in PR1295; adapt same Interaction / MainInteraction flow with small request/assert changes; generated: test YAML + validators + area pipeline,🟠 req-class: EUDI_required; credimi: PR1295 no YAML,source: FCAF repo; no PR1295 YAML
,"=HYPERLINK(""https://github.com/eu-digital-identity-wallet/eudi-doc-functional-conformance-assessment/blob/88ab69a/docs/fcaf/suts/wallet_solution/relying_party/Interaction/MainInteraction/WS_RP_IA_MainInteraction__012.md"",""WS_RP_IA_MainInteraction_012"")",EUDI_required,🟢 ready,,,x,,x,,x,Interaction / MainInteraction,EUDI_generic,"WS, RP-PI, OID4VP-IA","CDV, 🔎, WU, 📸",reuses the claims-only pipeline; validates requested claims and requires visual consent evidence proving address and phone are not displayed,🟢 req-class: EUDI_required; credimi: PR1295 YAML ready,source: FCAF repo; PR1295 YAML
,"=HYPERLINK(""https://github.com/eu-digital-identity-wallet/eudi-doc-functional-conformance-assessment/blob/88ab69a/docs/fcaf/suts/wallet_solution/relying_party/Interaction/MainInteraction/WS_RP_IA_MainInteraction__013.md"",""WS_RP_IA_MainInteraction_013"")",EUDI_required,🟢 ready,,,x,,x,,x,Interaction / MainInteraction,EUDI_generic,"WS, RP-PI, OID4VP-IA","CDV, 🔎, WU, 📸",dedicated DCQL request for given_name and address; protocol validator proves given_name is disclosed and unchecked address is absent; Maestro screenshots capture the consent and returned-credential UI,🟢 req-class: EUDI_required; credimi: PR1295 YAML ready,source: FCAF repo; PR1295 YAML
,"=HYPERLINK(""https://github.com/eu-digital-identity-wallet/eudi-doc-functional-conformance-assessment/blob/88ab69a/docs/fcaf/suts/wallet_solution/relying_party/Interaction/MainInteraction/WS_RP_IA_MainInteraction__014.md"",""WS_RP_IA_MainInteraction_014"")",EUDI_required,🟢 ready,,,x,,x,,x,Interaction / MainInteraction,EUDI_generic,"WS, RP-PI, OID4VP-IA","CDV, 🔎, WU, 📸",dedicated two-query DCQL union flow; validator requires Name and Address across the combined VP token and rejects Age, with consent and shared-result UI evidence,🟢 req-class: EUDI_required; credimi: PR1295 YAML ready,source: FCAF repo; PR1295 YAML
,"=HYPERLINK(""https://github.com/eu-digital-identity-wallet/eudi-doc-functional-conformance-assessment/blob/88ab69a/docs/fcaf/suts/wallet_solution/relying_party/Interaction/MainInteraction/WS_RP_IA_MainInteraction__015.md"",""WS_RP_IA_MainInteraction_015"")",EUDI_required,🟡 implemented verifier-blocked,,,x,,x,,x,Interaction / MainInteraction,EUDI_generic,"WS, RP-PI, OID4VP-IA","🔎, WU, 📸",validators: none in PR1295; Maestro/pipeline precondition not implemented in PR1295; adapt same Interaction / MainInteraction flow with small request/assert changes; generated: test YAML + validators + area pipeline,🟠 req-class: EUDI_required; credimi: PR1295 no YAML,source: FCAF repo; no PR1295 YAML
,"=HYPERLINK(""https://github.com/eu-digital-identity-wallet/eudi-doc-functional-conformance-assessment/blob/88ab69a/docs/fcaf/suts/wallet_solution/relying_party/Interaction/MainInteraction/WS_RP_IA_MainInteraction__016.md"",""WS_RP_IA_MainInteraction_016"")",EUDI_required,🟡 implemented verifier-blocked,,,x,,x,,x,Interaction / MainInteraction,EUDI_generic,"WS, RP-PI, OID4VP-IA","🔎, WU, 📸",validators: none in PR1295; Maestro/pipeline precondition not implemented in PR1295; adapt same Interaction / MainInteraction flow with small request/assert changes; generated: test YAML + validators + area pipeline,🟠 req-class: EUDI_required; credimi: PR1295 no YAML,source: FCAF repo; no PR1295 YAML
,"=HYPERLINK(""https://github.com/eu-digital-identity-wallet/eudi-doc-functional-conformance-assessment/blob/88ab69a/docs/fcaf/suts/wallet_solution/relying_party/Interaction/MainInteraction/WS_RP_IA_MainInteraction__017.md"",""WS_RP_IA_MainInteraction_017"")",EUDI_required,🟡 implemented verifier-blocked,,,x,,x,,x,Interaction / MainInteraction,EUDI_generic,"WS, RP-PI, OID4VP-IA","🔎, WU, 📸",validators: none in PR1295; Maestro/pipeline precondition not implemented in PR1295; adapt same Interaction / MainInteraction flow with small request/assert changes; generated: test YAML + validators + area pipeline,🟠 req-class: EUDI_required; credimi: PR1295 no YAML,source: FCAF repo; no PR1295 YAML
,"=HYPERLINK(""https://github.com/eu-digital-identity-wallet/eudi-doc-functional-conformance-assessment/blob/88ab69a/docs/fcaf/suts/wallet_solution/relying_party/Interaction/MainInteraction/WS_RP_IA_MainInteraction__018.md"",""WS_RP_IA_MainInteraction_018"")",EUDI_required,🟡 implemented verifier-blocked,,,x,,x,,x,Interaction / MainInteraction,EUDI_generic,"WS, RP-PI, OID4VP-IA","🔎, WU, 📸",validators: none in PR1295; Maestro/pipeline precondition not implemented in PR1295; adapt same Interaction / MainInteraction flow with small request/assert changes; generated: test YAML + validators + area pipeline,🟠 req-class: EUDI_required; credimi: PR1295 no YAML,source: FCAF repo; no PR1295 YAML
,"=HYPERLINK(""https://github.com/eu-digital-identity-wallet/eudi-doc-functional-conformance-assessment/blob/88ab69a/docs/fcaf/suts/wallet_solution/relying_party/Interaction/MainInteraction/WS_RP_IA_MainInteraction__019.md"",""WS_RP_IA_MainInteraction_019"")",EUDI_required,🟡 implemented verifier-blocked,,,x,,x,,x,Interaction / MainInteraction,EUDI_generic,"WS, RP-PI, OID4VP-IA","🔎, WU, 📸",validators: none in PR1295; Maestro/pipeline precondition not implemented in PR1295; adapt same Interaction / MainInteraction flow with small request/assert changes; generated: test YAML + validators + area pipeline,🟠 req-class: EUDI_required; credimi: PR1295 no YAML,source: FCAF repo; no PR1295 YAML
,"=HYPERLINK(""https://github.com/eu-digital-identity-wallet/eudi-doc-functional-conformance-assessment/blob/88ab69a/docs/fcaf/suts/wallet_solution/relying_party/Interaction/MainInteraction/WS_RP_IA_MainInteraction__020.md"",""WS_RP_IA_MainInteraction_020"")",EUDI_required,🟡 implemented verifier-blocked,,,x,,x,,x,Interaction / MainInteraction,EUDI_generic,"WS, RP-PI, OID4VP-IA","🔎, WU, 📸",validators: none in PR1295; Maestro/pipeline precondition not implemented in PR1295; adapt same Interaction / MainInteraction flow with small request/assert changes; generated: test YAML + validators + area pipeline,🟠 req-class: EUDI_required; credimi: PR1295 no YAML,source: FCAF repo; no PR1295 YAML
,"=HYPERLINK(""https://github.com/eu-digital-identity-wallet/eudi-doc-functional-conformance-assessment/blob/88ab69a/docs/fcaf/suts/wallet_solution/relying_party/Interaction/MainInteraction/WS_RP_IA_MainInteraction__021.md"",""WS_RP_IA_MainInteraction_021"")",EUDI_required,🟡 implemented verifier-blocked,,,x,,x,,x,Interaction / MainInteraction,EUDI_generic,"WS, RP-PI, OID4VP-IA","🔎, WU, 📸",validators: none in PR1295; Maestro/pipeline precondition not implemented in PR1295; adapt same Interaction / MainInteraction flow with small request/assert changes; generated: test YAML + validators + area pipeline,🟠 req-class: EUDI_required; credimi: PR1295 no YAML,source: FCAF repo; no PR1295 YAML
,"=HYPERLINK(""https://github.com/eu-digital-identity-wallet/eudi-doc-functional-conformance-assessment/blob/88ab69a/docs/fcaf/suts/wallet_solution/relying_party/Interaction/MainInteraction/WS_RP_IA_MainInteraction__022.md"",""WS_RP_IA_MainInteraction_022"")",EUDI_required,🟡 implemented verifier-blocked,,,x,,x,,x,Interaction / MainInteraction,EUDI_generic,"WS, RP-PI, OID4VP-IA","🔎, WU, 📸",validators: none in PR1295; Maestro/pipeline precondition not implemented in PR1295; adapt same Interaction / MainInteraction flow with small request/assert changes; generated: test YAML + validators + area pipeline,🟠 req-class: EUDI_required; credimi: PR1295 no YAML,source: FCAF repo; no PR1295 YAML
,"=HYPERLINK(""https://github.com/eu-digital-identity-wallet/eudi-doc-functional-conformance-assessment/blob/88ab69a/docs/fcaf/suts/wallet_solution/relying_party/Interaction/MainInteraction/WS_RP_IA_MainInteraction__023.md"",""WS_RP_IA_MainInteraction_023"")",EUDI_required,🟡 implemented verifier-blocked,,,x,,x,,x,Interaction / MainInteraction,EUDI_generic,"WS, RP-PI, OID4VP-IA","🔎, WU, 📸",validators: none in PR1295; Maestro/pipeline precondition not implemented in PR1295; adapt same Interaction / MainInteraction flow with small request/assert changes; generated: test YAML + validators + area pipeline,🟠 req-class: EUDI_required; credimi: PR1295 no YAML,source: FCAF repo; no PR1295 YAML
,"=HYPERLINK(""https://github.com/eu-digital-identity-wallet/eudi-doc-functional-conformance-assessment/blob/88ab69a/docs/fcaf/suts/wallet_solution/relying_party/Interaction/MainInteraction/WS_RP_IA_MainInteraction__024.md"",""WS_RP_IA_MainInteraction_024"")",EUDI_required,🟡 implemented verifier-blocked,,,x,,x,,x,Interaction / MainInteraction,EUDI_generic,"WS, RP-PI, OID4VP-IA","🔎, WU, 📸",validators: none in PR1295; Maestro/pipeline precondition not implemented in PR1295; adapt same Interaction / MainInteraction flow with small request/assert changes; generated: test YAML + validators + area pipeline,🟠 req-class: EUDI_required; credimi: PR1295 no YAML,source: FCAF repo; no PR1295 YAML
,"=HYPERLINK(""https://github.com/eu-digital-identity-wallet/eudi-doc-functional-conformance-assessment/blob/88ab69a/docs/fcaf/suts/wallet_solution/relying_party/Interaction/MainInteraction/WS_RP_IA_MainInteraction__025.md"",""WS_RP_IA_MainInteraction_025"")",EUDI_required,🟡 implemented verifier-blocked,,,x,,x,,x,Interaction / MainInteraction,EUDI_generic,"WS, RP-PI, OID4VP-IA","🔎, WU, 📸",validators: none in PR1295; Maestro/pipeline precondition not implemented in PR1295; adapt same Interaction / MainInteraction flow with small request/assert changes; generated: test YAML + validators + area pipeline,🟠 req-class: EUDI_required; credimi: PR1295 no YAML,source: FCAF repo; no PR1295 YAML
,"=HYPERLINK(""https://github.com/eu-digital-identity-wallet/eudi-doc-functional-conformance-assessment/blob/88ab69a/docs/fcaf/suts/wallet_solution/relying_party/Interaction/MainInteraction/WS_RP_IA_MainInteraction__026.md"",""WS_RP_IA_MainInteraction_026"")",EUDI_required,🟡 implemented verifier-blocked,,,x,,x,,x,Interaction / MainInteraction,EUDI_generic,"WS, RP-PI, OID4VP-IA","🔎, WU, 📸",validators: none in PR1295; Maestro/pipeline precondition not implemented in PR1295; adapt same Interaction / MainInteraction flow with small request/assert changes; generated: test YAML + validators + area pipeline,🟠 req-class: EUDI_required; credimi: PR1295 no YAML,source: FCAF repo; no PR1295 YAML
,"=HYPERLINK(""https://github.com/eu-digital-identity-wallet/eudi-doc-functional-conformance-assessment/blob/88ab69a/docs/fcaf/suts/wallet_solution/relying_party/Interaction/MainInteraction/WS_RP_IA_MainInteraction__027.md"",""WS_RP_IA_MainInteraction_027"")",EUDI_required,🟡 implemented verifier-blocked,,,x,,x,,x,Interaction / MainInteraction,EUDI_generic,"WS, RP-PI, OID4VP-IA","🔎, WU, 📸",validators: none in PR1295; Maestro/pipeline precondition not implemented in PR1295; adapt same Interaction / MainInteraction flow with small request/assert changes; generated: test YAML + validators + area pipeline,🟠 req-class: EUDI_required; credimi: PR1295 no YAML,source: FCAF repo; no PR1295 YAML
,"=HYPERLINK(""https://github.com/eu-digital-identity-wallet/eudi-doc-functional-conformance-assessment/blob/88ab69a/docs/fcaf/suts/wallet_solution/relying_party/Interaction/MainInteraction/WS_RP_IA_MainInteraction__028.md"",""WS_RP_IA_MainInteraction_028"")",EUDI_required,🟡 implemented verifier-blocked,,,x,,x,,x,Interaction / MainInteraction,EUDI_generic,"WS, RP-PI, OID4VP-IA","🔎, WU, 📸",validators: none in PR1295; Maestro/pipeline precondition not implemented in PR1295; adapt same Interaction / MainInteraction flow with small request/assert changes; generated: test YAML + validators + area pipeline,🟠 req-class: EUDI_required; credimi: PR1295 no YAML,source: FCAF repo; no PR1295 YAML
,"=HYPERLINK(""https://github.com/eu-digital-identity-wallet/eudi-doc-functional-conformance-assessment/blob/88ab69a/docs/fcaf/suts/wallet_solution/relying_party/Interaction/MainInteraction/WS_RP_IA_MainInteraction__029.md"",""WS_RP_IA_MainInteraction_029"")",EUDI_required,🟡 implemented verifier-blocked,,,x,,x,,x,Interaction / MainInteraction,EUDI_generic,"WS, RP-PI, OID4VP-IA","🔎, WU, 📸",validators: none in PR1295; Maestro/pipeline precondition not implemented in PR1295; adapt same Interaction / MainInteraction flow with small request/assert changes; generated: test YAML + validators + area pipeline,🟠 req-class: EUDI_required; credimi: PR1295 no YAML,source: FCAF repo; no PR1295 YAML
,"=HYPERLINK(""https://github.com/eu-digital-identity-wallet/eudi-doc-functional-conformance-assessment/blob/88ab69a/docs/fcaf/suts/wallet_solution/relying_party/Interaction/MainInteraction/WS_RP_IA_MainInteraction__030.md"",""WS_RP_IA_MainInteraction_030"")",EUDI_required,🟡 implemented verifier-blocked,,,x,,x,,x,Interaction / MainInteraction,EUDI_generic,"WS, RP-PI, OID4VP-IA","🔎, WU, 📸",validators: none in PR1295; Maestro/pipeline precondition not implemented in PR1295; adapt same Interaction / MainInteraction flow with small request/assert changes; generated: test YAML + validators + area pipeline,🟠 req-class: EUDI_required; credimi: PR1295 no YAML,source: FCAF repo; no PR1295 YAML
,"=HYPERLINK(""https://github.com/eu-digital-identity-wallet/eudi-doc-functional-conformance-assessment/blob/88ab69a/docs/fcaf/suts/wallet_solution/relying_party/Interaction/MainInteraction/WS_RP_IA_MainInteraction__031.md"",""WS_RP_IA_MainInteraction_031"")",EUDI_required,🟡 implemented verifier-blocked,,,x,,x,,x,Interaction / MainInteraction,EUDI_generic,"WS, RP-PI, OID4VP-IA","🔎, WU, 📸",validators: none in PR1295; Maestro/pipeline precondition not implemented in PR1295; adapt same Interaction / MainInteraction flow with small request/assert changes; generated: test YAML + validators + area pipeline,🟠 req-class: EUDI_required; credimi: PR1295 no YAML,source: FCAF repo; no PR1295 YAML
,"=HYPERLINK(""https://github.com/eu-digital-identity-wallet/eudi-doc-functional-conformance-assessment/blob/88ab69a/docs/fcaf/suts/wallet_solution/relying_party/Interaction/MainInteraction/WS_RP_IA_MainInteraction__032.md"",""WS_RP_IA_MainInteraction_032"")",EUDI_required,🟡 implemented verifier-blocked,,,x,,x,,x,Interaction / MainInteraction,EUDI_generic,"WS, RP-PI, OID4VP-IA","🔎, WU, 📸",validators: none in PR1295; Maestro/pipeline precondition not implemented in PR1295; adapt same Interaction / MainInteraction flow with small request/assert changes; generated: test YAML + validators + area pipeline,🟠 req-class: EUDI_required; credimi: PR1295 no YAML,source: FCAF repo; no PR1295 YAML
,"=HYPERLINK(""https://github.com/eu-digital-identity-wallet/eudi-doc-functional-conformance-assessment/blob/88ab69a/docs/fcaf/suts/wallet_solution/relying_party/Interaction/MainInteraction/WS_RP_IA_MainInteraction__033.md"",""WS_RP_IA_MainInteraction_033"")",EUDI_required,🟡 implemented verifier-blocked,,,x,,x,,x,Interaction / MainInteraction,EUDI_generic,"WS, RP-PI, OID4VP-IA","🔎, WU, 📸",validators: none in PR1295; Maestro/pipeline precondition not implemented in PR1295; adapt same Interaction / MainInteraction flow with small request/assert changes; generated: test YAML + validators + area pipeline,🟠 req-class: EUDI_required; credimi: PR1295 no YAML,source: FCAF repo; no PR1295 YAML
,"=HYPERLINK(""https://github.com/eu-digital-identity-wallet/eudi-doc-functional-conformance-assessment/blob/88ab69a/docs/fcaf/suts/wallet_solution/relying_party/Interaction/MainInteraction/WS_RP_IA_MainInteraction__034.md"",""WS_RP_IA_MainInteraction_034"")",EUDI_required,🟡 implemented verifier-blocked,,,x,,x,,x,Interaction / MainInteraction,EUDI_generic,"WS, RP-PI, OID4VP-IA","🔎, WU, 📸",validator: dcql.response_satisfies_constraints mode required_credentials_no_partial_presentation; dedicated capture-verifier scenario requests one available PID and one unavailable required credential in the same required set; it requires no partial vp_token and a captured non-empty error response,🟠 req-class: EUDI_required; Credimi scenario and test YAML; execution remains verifier/wallet dependent,source: FCAF repo; dedicated scenario
,"=HYPERLINK(""https://github.com/eu-digital-identity-wallet/eudi-doc-functional-conformance-assessment/blob/88ab69a/docs/fcaf/suts/wallet_solution/relying_party/Interaction/MainInteraction/WS_RP_IA_MainInteraction__035.md"",""WS_RP_IA_MainInteraction_035"")",EUDI_required,🟡 implemented verifier-blocked,,,x,,x,,x,Interaction / MainInteraction,EUDI_generic,"WS, RP-PI, OID4VP-IA","🔎, WU, 📸",validator: dcql.response_satisfies_constraints mode vp_token_signed_presentation; shared valid PID/DCQL scenario requires response_type vp_token and structurally signed SD-JWT presentations,🟠 req-class: EUDI_required; live issuer-signature verification remains verifier/wallet dependent,source: FCAF repo; shared dcql main-interaction scenario
,"=HYPERLINK(""https://github.com/eu-digital-identity-wallet/eudi-doc-functional-conformance-assessment/blob/88ab69a/docs/fcaf/suts/wallet_solution/relying_party/Interaction/MainInteraction/WS_RP_IA_MainInteraction__036.md"",""WS_RP_IA_MainInteraction_036"")",EUDI_required,🟡 implemented verifier-blocked,,,x,,x,,x,Interaction / MainInteraction,EUDI_generic,"WS, RP-PI, OID4VP-IA","🔎, WU, 📸",validator: dcql.response_satisfies_constraints mode vp_token_json_object; shared valid PID/DCQL scenario checks JSON object response shape,🟠 req-class: EUDI_required; execution remains verifier/wallet dependent,source: FCAF repo; shared dcql main-interaction scenario
,"=HYPERLINK(""https://github.com/eu-digital-identity-wallet/eudi-doc-functional-conformance-assessment/blob/88ab69a/docs/fcaf/suts/wallet_solution/relying_party/Interaction/MainInteraction/WS_RP_IA_MainInteraction__037.md"",""WS_RP_IA_MainInteraction_037"")",EUDI_required,🟡 implemented verifier-blocked,,,x,,x,,x,Interaction / MainInteraction,EUDI_generic,"WS, RP-PI, OID4VP-IA","🔎, WU, 📸",validator: dcql.response_satisfies_constraints mode vp_token_query_ids; shared valid PID/DCQL scenario requires an exact query-ID key set,🟠 req-class: EUDI_required; execution remains verifier/wallet dependent,source: FCAF repo; shared dcql main-interaction scenario
,"=HYPERLINK(""https://github.com/eu-digital-identity-wallet/eudi-doc-functional-conformance-assessment/blob/88ab69a/docs/fcaf/suts/wallet_solution/relying_party/Interaction/MainInteraction/WS_RP_IA_MainInteraction__038.md"",""WS_RP_IA_MainInteraction_038"")",EUDI_required,🟡 implemented verifier-blocked,,,x,,x,,x,Interaction / MainInteraction,EUDI_generic,"WS, RP-PI, OID4VP-IA","🔎, WU, 📸",validator: dcql.response_satisfies_constraints mode vp_token_presentation_arrays; shared valid PID/DCQL scenario requires a non-empty presentation array for every query ID,🟠 req-class: EUDI_required; execution remains verifier/wallet dependent,source: FCAF repo; shared dcql main-interaction scenario
,"=HYPERLINK(""https://github.com/eu-digital-identity-wallet/eudi-doc-functional-conformance-assessment/blob/88ab69a/docs/fcaf/suts/wallet_solution/relying_party/Interaction/MainInteraction/WS_RP_IA_MainInteraction__039.md"",""WS_RP_IA_MainInteraction_039"")",EUDI_required,🟡 implemented verifier-blocked,,,x,,x,,x,Interaction / MainInteraction,EUDI_generic,"WS, RP-PI, OID4VP-IA","🔎, WU, 📸",validator: dcql.response_satisfies_constraints mode two_distinct_format_presentations; Main Interaction flow uses PID SD-JWT and PID mDoc as two concrete credentials then requires their exact two-key VP-token mapping and valid per-format presentations,🟠 req-class: EUDI_required; live two-credential wallet/verifier execution remains required,source: FCAF repo; dedicated Main Interaction scenario
,"=HYPERLINK(""https://github.com/eu-digital-identity-wallet/eudi-doc-functional-conformance-assessment/blob/88ab69a/docs/fcaf/suts/wallet_solution/relying_party/Interaction/MainInteraction/WS_RP_IA_MainInteraction__040.md"",""WS_RP_IA_MainInteraction_040"")",EUDI_required,🟡 implemented verifier-blocked,,,x,,x,,x,Interaction / MainInteraction,EUDI_generic,"WS, RP-PI, OID4VP-IA","🔎, WU, 📸",validators: none in PR1295; Maestro/pipeline precondition not implemented in PR1295; adapt same Interaction / MainInteraction flow with small request/assert changes; generated: test YAML + validators + area pipeline,🟠 req-class: EUDI_required; credimi: PR1295 no YAML,source: FCAF repo; no PR1295 YAML
,"=HYPERLINK(""https://github.com/eu-digital-identity-wallet/eudi-doc-functional-conformance-assessment/blob/88ab69a/docs/fcaf/suts/wallet_solution/relying_party/Interaction/MainInteraction/WS_RP_IA_MainInteraction__041.md"",""WS_RP_IA_MainInteraction_041"")",EUDI_required,🟡 implemented verifier-blocked,,,x,,x,,x,Interaction / MainInteraction,EUDI_generic,"WS, RP-PI, OID4VP-IA","🔎, WU, 📸",validators: none in PR1295; Maestro/pipeline precondition not implemented in PR1295; adapt same Interaction / MainInteraction flow with small request/assert changes; generated: test YAML + validators + area pipeline,🟠 req-class: EUDI_required; credimi: PR1295 no YAML,source: FCAF repo; no PR1295 YAML
,"=HYPERLINK(""https://github.com/eu-digital-identity-wallet/eudi-doc-functional-conformance-assessment/blob/88ab69a/docs/fcaf/suts/wallet_solution/relying_party/Interaction/MainInteraction/WS_RP_IA_MainInteraction__042.md"",""WS_RP_IA_MainInteraction_042"")",EUDI_required,🟡 implemented verifier-blocked,,,x,,x,,x,Interaction / MainInteraction,EUDI_generic,"WS, RP-PI, OID4VP-IA","🔎, WU, 📸",reuses the required-plus-unavailable-optional credential-sets scenario from 029; validator requires the available credential only in vp_token,🟠 req-class: EUDI_required; execution remains verifier/wallet dependent,source: FCAF repo; shared Main Interaction scenario
,"=HYPERLINK(""https://github.com/eu-digital-identity-wallet/eudi-doc-functional-conformance-assessment/blob/88ab69a/docs/fcaf/suts/wallet_solution/relying_party/Interaction/MainInteraction/WS_RP_IA_MainInteraction__043.md"",""WS_RP_IA_MainInteraction_043"")",EUDI_required,🟡 implemented verifier-blocked,,,x,,x,,x,Interaction / MainInteraction,EUDI_generic,"WS, RP-PI, OID4VP-IA","🔎, WU, 📸",dedicated optional-only unavailable credential query; validator requires required=false with the exact query id and an empty vp_token,🟠 req-class: EUDI_required; execution remains verifier/wallet dependent,source: FCAF repo; dedicated Main Interaction subflow
,"=HYPERLINK(""https://github.com/eu-digital-identity-wallet/eudi-doc-functional-conformance-assessment/blob/88ab69a/docs/fcaf/suts/wallet_solution/relying_party/Interaction/MainInteraction/WS_RP_IA_MainInteraction__046.md"",""WS_RP_IA_MainInteraction_046"")",EUDI_required,🟡 implemented verifier-blocked,,,x,,x,,x,Interaction / MainInteraction,EUDI_generic,"WS, RP-PI, OID4VP-IA","🔎, WU, 📸",validators: none in PR1295; Maestro/pipeline precondition not implemented in PR1295; adapt same Interaction / MainInteraction flow with small request/assert changes; generated: test YAML + validators + area pipeline,🟠 req-class: EUDI_required; credimi: PR1295 no YAML,source: FCAF repo; no PR1295 YAML
,"=HYPERLINK(""https://github.com/eu-digital-identity-wallet/eudi-doc-functional-conformance-assessment/blob/88ab69a/docs/fcaf/suts/wallet_solution/relying_party/Interaction/MainInteraction/WS_RP_IA_MainInteraction__049.md"",""WS_RP_IA_MainInteraction_049"")",EUDI_required,🟡 implemented verifier-blocked,,,x,,x,,x,Interaction / MainInteraction,EUDI_generic,"WS, RP-PI, OID4VP-IA","🔎, WU, 📸",validators: none in PR1295; Maestro/pipeline precondition not implemented in PR1295; adapt same Interaction / MainInteraction flow with small request/assert changes; generated: test YAML + validators + area pipeline,🟠 req-class: EUDI_required; credimi: PR1295 no YAML,source: FCAF repo; no PR1295 YAML
,"=HYPERLINK(""https://github.com/eu-digital-identity-wallet/eudi-doc-functional-conformance-assessment/blob/88ab69a/docs/fcaf/suts/wallet_solution/relying_party/Interaction/MainInteraction/WS_RP_IA_MainInteraction__052.md"",""WS_RP_IA_MainInteraction_052"")",EUDI_required,🟡 implemented verifier-blocked,,,x,,x,,x,Interaction / MainInteraction,EUDI_generic,"WS, RP-PI, OID4VP-IA","🔎, WU, 📸",validators: none in PR1295; Maestro/pipeline precondition not implemented in PR1295; adapt same Interaction / MainInteraction flow with small request/assert changes; generated: test YAML + validators + area pipeline,🟠 req-class: EUDI_required; credimi: PR1295 no YAML,source: FCAF repo; no PR1295 YAML
,"=HYPERLINK(""https://github.com/eu-digital-identity-wallet/eudi-doc-functional-conformance-assessment/blob/88ab69a/docs/fcaf/suts/wallet_solution/relying_party/Interaction/MainInteraction/WS_RP_IA_MainInteraction__053.md"",""WS_RP_IA_MainInteraction_053"")",EUDI_required,🟡 implemented verifier-blocked,,,x,,x,,x,Interaction / MainInteraction,EUDI_generic,"WS, RP-PI, OID4VP-IA","🔎, WU, 📸",validators: none in PR1295; Maestro/pipeline precondition not implemented in PR1295; adapt same Interaction / MainInteraction flow with small request/assert changes; generated: test YAML + validators + area pipeline,🟠 req-class: EUDI_required; credimi: PR1295 no YAML,source: FCAF repo; no PR1295 YAML
,"=HYPERLINK(""https://github.com/eu-digital-identity-wallet/eudi-doc-functional-conformance-assessment/blob/88ab69a/docs/fcaf/suts/wallet_solution/relying_party/Interaction/MainInteraction/WS_RP_IA_MainInteraction__054.md"",""WS_RP_IA_MainInteraction_054"")",EUDI_required,🟡 implemented verifier-blocked,,,x,,x,,x,Interaction / MainInteraction,EUDI_generic,"WS, RP-PI, OID4VP-IA","🔎, WU, 📸",validators: none in PR1295; Maestro/pipeline precondition not implemented in PR1295; adapt same Interaction / MainInteraction flow with small request/assert changes; generated: test YAML + validators + area pipeline,🟠 req-class: EUDI_required; credimi: PR1295 no YAML,source: FCAF repo; no PR1295 YAML
,"=HYPERLINK(""https://github.com/eu-digital-identity-wallet/eudi-doc-functional-conformance-assessment/blob/88ab69a/docs/fcaf/suts/wallet_solution/relying_party/Interaction/MainInteraction/WS_RP_IA_MainInteraction__055.md"",""WS_RP_IA_MainInteraction_055"")",EUDI_required,🟡 implemented verifier-blocked,,,x,,x,,x,Interaction / MainInteraction,EUDI_generic,"WS, RP-PI, OID4VP-IA","🔎, WU, 📸",validators: none in PR1295; Maestro/pipeline precondition not implemented in PR1295; adapt same Interaction / MainInteraction flow with small request/assert changes; generated: test YAML + validators + area pipeline,🟠 req-class: EUDI_required; credimi: PR1295 no YAML,source: FCAF repo; no PR1295 YAML
,"=HYPERLINK(""https://github.com/eu-digital-identity-wallet/eudi-doc-functional-conformance-assessment/blob/88ab69a/docs/fcaf/suts/wallet_solution/relying_party/Interaction/MainInteraction/WS_RP_IA_MainInteraction__056.md"",""WS_RP_IA_MainInteraction_056"")",EUDI_required,🟡 implemented verifier-blocked,,,x,,x,,x,Interaction / MainInteraction,EUDI_generic,"WS, RP-PI, OID4VP-IA","🔎, WU, 📸",validators: none in PR1295; Maestro/pipeline precondition not implemented in PR1295; adapt same Interaction / MainInteraction flow with small request/assert changes; generated: test YAML + validators + area pipeline,🟠 req-class: EUDI_required; credimi: PR1295 no YAML,source: FCAF repo; no PR1295 YAML
,"=HYPERLINK(""https://github.com/eu-digital-identity-wallet/eudi-doc-functional-conformance-assessment/blob/88ab69a/docs/fcaf/suts/wallet_solution/relying_party/Interaction/MainInteraction/WS_RP_IA_MainInteraction__057.md"",""WS_RP_IA_MainInteraction_057"")",EUDI_required,🟡 implemented verifier-blocked,,,x,,x,,x,Interaction / MainInteraction,EUDI_generic,"WS, RP-PI, OID4VP-IA","🔎, WU, 📸",validators: none in PR1295; Maestro/pipeline precondition not implemented in PR1295; adapt same Interaction / MainInteraction flow with small request/assert changes; generated: test YAML + validators + area pipeline,🟠 req-class: EUDI_required; credimi: PR1295 no YAML,source: FCAF repo; no PR1295 YAML
,"=HYPERLINK(""https://github.com/eu-digital-identity-wallet/eudi-doc-functional-conformance-assessment/blob/88ab69a/docs/fcaf/suts/wallet_solution/relying_party/Interaction/MainInteraction/WS_RP_IA_MainInteraction__061.md"",""WS_RP_IA_MainInteraction_061"")",EUDI_required,🟡 implemented verifier-blocked,,,x,,x,,x,Interaction / MainInteraction,EUDI_generic,"WS, RP-PI, OID4VP-IA","🔎, WU, 📸",validators: none in PR1295; Maestro/pipeline precondition not implemented in PR1295; adapt same Interaction / MainInteraction flow with small request/assert changes; generated: test YAML + validators + area pipeline,🟠 req-class: EUDI_required; credimi: PR1295 no YAML,source: FCAF repo; no PR1295 YAML
,"=HYPERLINK(""https://github.com/eu-digital-identity-wallet/eudi-doc-functional-conformance-assessment/blob/88ab69a/docs/fcaf/suts/wallet_solution/relying_party/Interaction/MainInteraction/WS_RP_IA_MainInteraction__064.md"",""WS_RP_IA_MainInteraction_064"")",EUDI_required,🟡 implemented verifier-blocked,,,x,,x,,x,Interaction / MainInteraction,EUDI_generic,"WS, RP-PI, OID4VP-IA","🔎, WU, 📸",validators: none in PR1295; Maestro/pipeline precondition not implemented in PR1295; adapt same Interaction / MainInteraction flow with small request/assert changes; generated: test YAML + validators + area pipeline,🟠 req-class: EUDI_required; credimi: PR1295 no YAML,source: FCAF repo; no PR1295 YAML
,"=HYPERLINK(""https://github.com/eu-digital-identity-wallet/eudi-doc-functional-conformance-assessment/blob/88ab69a/docs/fcaf/suts/wallet_solution/relying_party/Interaction/MainInteraction/WS_RP_IA_MainInteraction__065.md"",""WS_RP_IA_MainInteraction_065"")",EUDI_required,🟡 implemented verifier-blocked,,,x,,x,,x,Interaction / MainInteraction,EUDI_generic,"WS, RP-PI, OID4VP-IA","🔎, WU, 📸",validators: none in PR1295; Maestro/pipeline precondition not implemented in PR1295; adapt same Interaction / MainInteraction flow with small request/assert changes; generated: test YAML + validators + area pipeline,🟠 req-class: EUDI_required; credimi: PR1295 no YAML,source: FCAF repo; no PR1295 YAML
,"=HYPERLINK(""https://github.com/eu-digital-identity-wallet/eudi-doc-functional-conformance-assessment/blob/88ab69a/docs/fcaf/suts/wallet_solution/relying_party/Interaction/MainInteraction/WS_RP_IA_MainInteraction__066.md"",""WS_RP_IA_MainInteraction_066"")",EUDI_required,🟡 implemented verifier-blocked,,,x,,x,,x,Interaction / MainInteraction,EUDI_generic,"WS, RP-PI, OID4VP-IA","🔎, WU, 📸",validators: none in PR1295; Maestro/pipeline precondition not implemented in PR1295; adapt same Interaction / MainInteraction flow with small request/assert changes; generated: test YAML + validators + area pipeline,🟠 req-class: EUDI_required; credimi: PR1295 no YAML,source: FCAF repo; no PR1295 YAML
,"=HYPERLINK(""https://github.com/eu-digital-identity-wallet/eudi-doc-functional-conformance-assessment/blob/88ab69a/docs/fcaf/suts/wallet_solution/relying_party/Interaction/MainInteraction/WS_RP_IA_MainInteraction__067.md"",""WS_RP_IA_MainInteraction_067"")",EUDI_required,🟡 implemented verifier-blocked,,,x,,x,,x,Interaction / MainInteraction,EUDI_generic,"WS, RP-PI, OID4VP-IA","🔎, WU, 📸",validators: none in PR1295; Maestro/pipeline precondition not implemented in PR1295; adapt same Interaction / MainInteraction flow with small request/assert changes; generated: test YAML + validators + area pipeline,🟠 req-class: EUDI_required; credimi: PR1295 no YAML,source: FCAF repo; no PR1295 YAML
,"=HYPERLINK(""https://github.com/eu-digital-identity-wallet/eudi-doc-functional-conformance-assessment/blob/88ab69a/docs/fcaf/suts/wallet_solution/relying_party/Interaction/Metadata/WS_RP_IA_Metadata__008.md"",""WS_RP_IA_Metadata_008"")",EUDI_required,🟢 ready,,,x,,x,,x,Interaction / Metadata,EUDI_generic,"WS, RP-PI, OID4VP-IA","🔎, WU, 📸",validators: json.field_required; preconditions: pipeline.wallet.metadata.direct-post-jwt; manual Maestro pipeline template: fcaf-wallet-solution-relying-party-metadata-direct-post-jwt; live reference wallet submitted PID mdoc with direct_post.jwt to HTTPS response_uri,🟢 req-class: EUDI_required; credimi: PR1295 YAML ready,source: FCAF repo; PR1295 YAML
,"=HYPERLINK(""https://github.com/eu-digital-identity-wallet/eudi-doc-functional-conformance-assessment/blob/88ab69a/docs/fcaf/suts/wallet_solution/relying_party/Interaction/Metadata/WS_RP_IA_Metadata__009.md"",""WS_RP_IA_Metadata_009"")",EUDI_required,🟡 implemented verifier-blocked,,,x,,x,,x,Interaction / Metadata,EUDI_generic,"WS, RP-PI, OID4VP-IA","🔎, WU, 📸",reuses the direct_post.jwt Metadata flow; requires the captured response_uri to be HTTPS and the response parameter to be a compact JWE,🟠 req-class: EUDI_required; execution remains verifier/wallet dependent,source: FCAF repo; shared Metadata direct_post.jwt scenario
,"=HYPERLINK(""https://github.com/eu-digital-identity-wallet/eudi-doc-functional-conformance-assessment/blob/88ab69a/docs/fcaf/suts/wallet_solution/relying_party/Interaction/Metadata/WS_RP_IA_Metadata__010.md"",""WS_RP_IA_Metadata_010"")",EUDI_required,🟡 implemented verifier-blocked,,,x,,x,,x,Interaction / Metadata,EUDI_generic,"WS, RP-PI, OID4VP-IA","🔎, WU, 📸",validators: none in PR1295; Maestro/pipeline precondition not implemented in PR1295; adapt same Interaction / Metadata flow with small request/assert changes; source trigger: click link / scan QR code; generated: test YAML + validators + area pipeline,🟠 req-class: EUDI_required; credimi: PR1295 no YAML,source: FCAF repo; no PR1295 YAML
,"=HYPERLINK(""https://github.com/eu-digital-identity-wallet/eudi-doc-functional-conformance-assessment/blob/88ab69a/docs/fcaf/suts/wallet_solution/relying_party/Interaction/Metadata/WS_RP_IA_Metadata__011.md"",""WS_RP_IA_Metadata_011"")",EUDI_required,🟡 implemented verifier-blocked,,,x,,x,,x,Interaction / Metadata,EUDI_generic,"WS, RP-PI, OID4VP-IA","🔎, WU, 📸",validators: none in PR1295; Maestro/pipeline precondition not implemented in PR1295; adapt same Interaction / Metadata flow with small request/assert changes; generated: test YAML + validators + area pipeline,🟠 req-class: EUDI_required; credimi: PR1295 no YAML,source: FCAF repo; no PR1295 YAML
,"=HYPERLINK(""https://github.com/eu-digital-identity-wallet/eudi-doc-functional-conformance-assessment/blob/88ab69a/docs/fcaf/suts/wallet_solution/relying_party/Interaction/Metadata/WS_RP_IA_Metadata__012.md"",""WS_RP_IA_Metadata_012"")",EUDI_required,🟡 implemented verifier-blocked,,,x,,x,,x,Interaction / Metadata,EUDI_generic,"WS, RP-PI, OID4VP-IA","🔎, WU, 📸",validators: none in PR1295; Maestro/pipeline precondition not implemented in PR1295; adapt same Interaction / Metadata flow with small request/assert changes; source trigger: click link / scan QR code; generated: test YAML + validators + area pipeline,🟠 req-class: EUDI_required; credimi: PR1295 no YAML,source: FCAF repo; no PR1295 YAML
,"=HYPERLINK(""https://github.com/eu-digital-identity-wallet/eudi-doc-functional-conformance-assessment/blob/88ab69a/docs/fcaf/suts/wallet_solution/relying_party/Interaction/Metadata/WS_RP_IA_Metadata__013.md"",""WS_RP_IA_Metadata_013"")",EUDI_required,🟡 implemented verifier-blocked,,,x,,x,,x,Interaction / Metadata,EUDI_generic,"WS, RP-PI, OID4VP-IA","🔎, WU, 📸",validators: none in PR1295; Maestro/pipeline precondition not implemented in PR1295; adapt same Interaction / Metadata flow with small request/assert changes; source trigger: click link / scan QR code; generated: test YAML + validators + area pipeline,🟠 req-class: EUDI_required; credimi: PR1295 no YAML,source: FCAF repo; no PR1295 YAML
,"=HYPERLINK(""https://github.com/eu-digital-identity-wallet/eudi-doc-functional-conformance-assessment/blob/88ab69a/docs/fcaf/suts/wallet_solution/relying_party/Interaction/Metadata/WS_RP_IA_Metadata__015.md"",""WS_RP_IA_Metadata_015"")",EUDI_required,🟡 implemented verifier-blocked,,,x,,x,,x,Interaction / Metadata,EUDI_generic,"WS, RP-PI, OID4VP-IA","🔎, WU, 📸",validators: none in PR1295; Maestro/pipeline precondition not implemented in PR1295; adapt same Interaction / Metadata flow with small request/assert changes; source trigger: click link / scan QR code; generated: test YAML + validators + area pipeline,🟠 req-class: EUDI_required; credimi: PR1295 no YAML,source: FCAF repo; no PR1295 YAML
,"=HYPERLINK(""https://github.com/eu-digital-identity-wallet/eudi-doc-functional-conformance-assessment/blob/88ab69a/docs/fcaf/suts/wallet_solution/relying_party/Interaction/Metadata/WS_RP_IA_Metadata__016.md"",""WS_RP_IA_Metadata_016"")",EUDI_required,🟡 implemented verifier-blocked,,,x,,x,,x,Interaction / Metadata,EUDI_generic,"WS, RP-PI, OID4VP-IA","🔎, WU, 📸",validators: none in PR1295; Maestro/pipeline precondition not implemented in PR1295; adapt same Interaction / Metadata flow with small request/assert changes; source trigger: click link / scan QR code; generated: test YAML + validators + area pipeline,🟠 req-class: EUDI_required; credimi: PR1295 no YAML,source: FCAF repo; no PR1295 YAML
,"=HYPERLINK(""https://github.com/eu-digital-identity-wallet/eudi-doc-functional-conformance-assessment/blob/88ab69a/docs/fcaf/suts/wallet_solution/relying_party/Interaction/ProtocolFlow/WS_RP_IA_ProtocolFlow__001.md"",""WS_RP_IA_ProtocolFlow_001"")",EUDI_required,🟢 ready,,,x,,x,,x,Interaction / ProtocolFlow,EUDI_generic,"WS, RP-PI, OID4VP-IA","🔎, WU, 📸",validators: json.field_equals and json.field_required; preconditions: pipeline.wallet.protocol.request-uri-method-post; manual Maestro pipeline template: fcaf-wallet-solution-relying-party-request-uri-method-post; live reference wallet fetched Request Object with request_uri_method=post and submitted PID mdoc,🟢 req-class: EUDI_required; credimi: PR1295 YAML ready,source: FCAF repo; PR1295 YAML
,"=HYPERLINK(""https://github.com/eu-digital-identity-wallet/eudi-doc-functional-conformance-assessment/blob/88ab69a/docs/fcaf/suts/wallet_solution/relying_party/Interaction/ProtocolFlow/WS_RP_IA_ProtocolFlow__002.md"",""WS_RP_IA_ProtocolFlow_002"")",EUDI_required,🟡 implemented verifier-blocked,,,x,,x,,x,Interaction / ProtocolFlow,EUDI_generic,"WS, RP-PI, OID4VP-IA","🔎, WU, 📸",validates the x5c-backed signed JAR and the Wallet POST retrieval payload before requiring a valid matching presentation and visual consent evidence,🟠 req-class: EUDI_required; execution remains verifier/wallet dependent,source: FCAF repo; shared Interaction Protocol Flow scenario
,"=HYPERLINK(""https://github.com/eu-digital-identity-wallet/eudi-doc-functional-conformance-assessment/blob/88ab69a/docs/fcaf/suts/wallet_solution/relying_party/Interaction/Supportive/WS_RP_IA_Supportive__001.md"",""WS_RP_IA_Supportive_%001"")",EUDI_required,🟢 ready,,,x,,x,,x,Interaction / Supportive,EUDI_generic,"WS, RP-PI, OID4VP-IA","🔎, WU, 📸",validators: json.field_required; preconditions: pipeline.wallet.supportive.redirect-uri; manual Maestro pipeline template: fcaf-wallet-solution-relying-party-supportive-redirect-uri; live reference wallet posted PID mdoc and opened the verifier-provided redirect URI in Chrome,🟢 req-class: EUDI_required; credimi: PR1295 YAML ready,source: FCAF repo; PR1295 YAML
,"=HYPERLINK(""https://github.com/eu-digital-identity-wallet/eudi-doc-functional-conformance-assessment/blob/88ab69a/docs/fcaf/suts/wallet_solution/relying_party/Interaction/Supportive/WS_RP_IA_Supportive__002.md"",""WS_RP_IA_Supportive_002"")",EUDI_required,🟡 implemented verifier-blocked,,,x,,x,,x,Interaction / Supportive,EUDI_generic,"WS, RP-PI, OID4VP-IA","🔎, WU, 📸",validators: none in PR1295; Maestro/pipeline precondition not implemented in PR1295; adapt same Interaction / Supportive flow with small request/assert changes; source trigger: click link / scan QR code; generated: test YAML + proper validators + area pipeline,🟠 req-class: EUDI_required; credimi: PR1295 no YAML,source: FCAF repo; no PR1295 YAML
,"=HYPERLINK(""https://github.com/eu-digital-identity-wallet/eudi-doc-functional-conformance-assessment/blob/88ab69a/docs/fcaf/suts/wallet_solution/relying_party/Interaction/Supportive/WS_RP_IA_Supportive__006.md"",""WS_RP_IA_Supportive_006"")",EUDI_required,🟡 implemented verifier-blocked,,,x,,x,,x,Interaction / Supportive,EUDI_generic,"WS, RP-PI, OID4VP-IA","🔎, WU, 📸",validators: none in PR1295; Maestro/pipeline precondition not implemented in PR1295; adapt same Interaction / Supportive flow with small request/assert changes; generated: test YAML + proper validators + area pipeline,🟠 req-class: EUDI_required; credimi: PR1295 no YAML,source: FCAF repo; no PR1295 YAML
,"=HYPERLINK(""https://github.com/eu-digital-identity-wallet/eudi-doc-functional-conformance-assessment/blob/88ab69a/docs/fcaf/suts/wallet_solution/relying_party/Interaction/Supportive/WS_RP_IA_Supportive__007.md"",""WS_RP_IA_Supportive_007"")",EUDI_required,🟡 implemented verifier-blocked,,,x,,x,,x,Interaction / Supportive,EUDI_generic,"WS, RP-PI, OID4VP-IA","🔎, WU, 📸",sends a signed by-value Request Object through haip-vp and requires an error or no presentation response because request_uri is absent,🟠 req-class: EUDI_required; execution remains verifier/wallet dependent,source: FCAF repo; dedicated HAIP negative scenario
,"=HYPERLINK(""https://github.com/eu-digital-identity-wallet/eudi-doc-functional-conformance-assessment/blob/88ab69a/docs/fcaf/suts/wallet_solution/relying_party/MessageStructure/CredentialFormats/WS_RP_MS_CredentialFormats__029.md"",""WS_RP_MS_CredentialFormats_029"")",EUDI_required,🟡 implemented verifier-blocked,,x,,x,x,,x,MessageStructure / CredentialFormats,EUDI_generic,"WS, RP-PI, OID4VP-PM","🏛️, 🔐, WU, 📸",validators: none in PR1295; Maestro/pipeline precondition not implemented in PR1295; requires MTSL/Token Status List component inside the mock issuer; generated: test YAML + Capture Wallet area pipeline,🟠 req-class: EUDI_required; credimi: PR1295 no YAML,source: FCAF repo; no PR1295 YAML
,"=HYPERLINK(""https://github.com/eu-digital-identity-wallet/eudi-doc-functional-conformance-assessment/blob/88ab69a/docs/fcaf/suts/wallet_solution/relying_party/MessageStructure/CredentialFormats/WS_RP_MS_CredentialFormats__030.md"",""WS_RP_MS_CredentialFormats_030"")",EUDI_required,🟡 implemented verifier-blocked,,x,,x,x,,x,MessageStructure / CredentialFormats,EUDI_generic,"WS, RP-PI, OID4VP-PM","🏛️, 🔐, WU, 📸",validators: none in PR1295; Maestro/pipeline precondition not implemented in PR1295; requires MTSL/Token Status List component inside the mock issuer; generated: test YAML + Capture Wallet area pipeline,🟠 req-class: EUDI_required; credimi: PR1295 no YAML,source: FCAF repo; no PR1295 YAML
,"=HYPERLINK(""https://github.com/eu-digital-identity-wallet/eudi-doc-functional-conformance-assessment/blob/88ab69a/docs/fcaf/suts/wallet_solution/relying_party/MessageStructure/CredentialFormats/WS_RP_MS_CredentialFormats__031.md"",""WS_RP_MS_CredentialFormats_031"")",EUDI_required,🟡 implemented verifier-blocked,,x,,x,x,,x,MessageStructure / CredentialFormats,EUDI_generic,"WS, RP-PI, OID4VP-PM","🏛️, 🔐, WU, 📸",validators: none in PR1295; Maestro/pipeline precondition not implemented in PR1295; requires MTSL/Token Status List component inside the mock issuer; generated: test YAML + Capture Wallet area pipeline,🟠 req-class: EUDI_required; credimi: PR1295 no YAML,source: FCAF repo; no PR1295 YAML
,"=HYPERLINK(""https://github.com/eu-digital-identity-wallet/eudi-doc-functional-conformance-assessment/blob/88ab69a/docs/fcaf/suts/wallet_solution/relying_party/MessageStructure/CredentialFormats/WS_RP_MS_CredentialFormats__032.md"",""WS_RP_MS_CredentialFormats_032"")",EUDI_required,🟡 implemented verifier-blocked,,x,,x,x,,x,MessageStructure / CredentialFormats,EUDI_generic,"WS, RP-PI, OID4VP-PM","🏛️, 🔐, WU, 📸",validators: none in PR1295; Maestro/pipeline precondition not implemented in PR1295; requires MTSL/Token Status List component inside the mock issuer; generated: test YAML + Capture Wallet area pipeline,🟠 req-class: EUDI_required; credimi: PR1295 no YAML,source: FCAF repo; no PR1295 YAML
,"=HYPERLINK(""https://github.com/eu-digital-identity-wallet/eudi-doc-functional-conformance-assessment/blob/88ab69a/docs/fcaf/suts/wallet_solution/relying_party/MessageStructure/CredentialFormats/WS_RP_MS_CredentialFormats__033.md"",""WS_RP_MS_CredentialFormats_033"")",EUDI_required,🟡 implemented verifier-blocked,,x,,x,x,,x,MessageStructure / CredentialFormats,EUDI_generic,"WS, RP-PI, OID4VP-PM","🏛️, 🔐, WU, 📸",validators: none in PR1295; Maestro/pipeline precondition not implemented in PR1295; requires MTSL/Token Status List component inside the mock issuer; generated: test YAML + Capture Wallet area pipeline,🟠 req-class: EUDI_required; credimi: PR1295 no YAML,source: FCAF repo; no PR1295 YAML
,"=HYPERLINK(""https://github.com/eu-digital-identity-wallet/eudi-doc-functional-conformance-assessment/blob/88ab69a/docs/fcaf/suts/wallet_solution/relying_party/MessageStructure/CredentialFormats/WS_RP_MS_CredentialFormats__034.md"",""WS_RP_MS_CredentialFormats_034"")",EUDI_required,🟡 implemented verifier-blocked,,,x,,x,,x,MessageStructure / CredentialFormats,EUDI_generic,"WS, RP-PI, OID4VP-PM","🔎, WU, 📸",reuses the mdoc PID interaction with a given_name values constraint and verifies a returned CBOR UTF-8 text element,🟠 req-class: EUDI_required; live capture-wallet execution remains required,source: FCAF repo; shared mdoc presentation scenario
,"=HYPERLINK(""https://github.com/eu-digital-identity-wallet/eudi-doc-functional-conformance-assessment/blob/88ab69a/docs/fcaf/suts/wallet_solution/relying_party/MessageStructure/CredentialFormats/WS_RP_MS_CredentialFormats__035.md"",""WS_RP_MS_CredentialFormats_035"")",EUDI_required,🟡 implemented verifier-blocked,,,x,,x,,x,MessageStructure / CredentialFormats,EUDI_generic,"WS, RP-PI, OID4VP-PM","🔎, WU, 📸",validators: none in PR1295; Maestro/pipeline precondition not implemented in PR1295; adapt same MessageStructure / CredentialFormats flow with small request/assert changes; generated: test YAML + proper validators + area pipeline,🟠 req-class: EUDI_required; credimi: PR1295 no YAML,source: FCAF repo; no PR1295 YAML
,"=HYPERLINK(""https://github.com/eu-digital-identity-wallet/eudi-doc-functional-conformance-assessment/blob/88ab69a/docs/fcaf/suts/wallet_solution/relying_party/MessageStructure/CredentialFormats/WS_RP_MS_CredentialFormats__036.md"",""WS_RP_MS_CredentialFormats_036"")",EUDI_required,🟡 implemented verifier-blocked,,,x,,x,,x,MessageStructure / CredentialFormats,EUDI_generic,"WS, RP-PI, OID4VP-PM","🔎, WU, 📸",validators: none in PR1295; Maestro/pipeline precondition not implemented in PR1295; adapt same MessageStructure / CredentialFormats flow with small request/assert changes; generated: test YAML + proper validators + area pipeline,🟠 req-class: EUDI_required; credimi: PR1295 no YAML,source: FCAF repo; no PR1295 YAML
,"=HYPERLINK(""https://github.com/eu-digital-identity-wallet/eudi-doc-functional-conformance-assessment/blob/88ab69a/docs/fcaf/suts/wallet_solution/relying_party/MessageStructure/CredentialFormats/WS_RP_MS_CredentialFormats__037.md"",""WS_RP_MS_CredentialFormats_037"")",EUDI_required,🟡 implemented verifier-blocked,,,x,,x,,x,MessageStructure / CredentialFormats,EUDI_generic,"WS, RP-PI, OID4VP-PM","🔎, WU, 📸",validators: none in PR1295; Maestro/pipeline precondition not implemented in PR1295; adapt same MessageStructure / CredentialFormats flow with small request/assert changes; generated: test YAML + proper validators + area pipeline,🟠 req-class: EUDI_required; credimi: PR1295 no YAML,source: FCAF repo; no PR1295 YAML
,"=HYPERLINK(""https://github.com/eu-digital-identity-wallet/eudi-doc-functional-conformance-assessment/blob/88ab69a/docs/fcaf/suts/wallet_solution/relying_party/MessageStructure/CredentialFormats/WS_RP_MS_CredentialFormats__038.md"",""WS_RP_MS_CredentialFormats_038"")",EUDI_required,🟡 implemented verifier-blocked,,,x,,x,,x,MessageStructure / CredentialFormats,EUDI_generic,"WS, RP-PI, OID4VP-PM","🔎, WU, 📸",validators: none in PR1295; Maestro/pipeline precondition not implemented in PR1295; adapt same MessageStructure / CredentialFormats flow with small request/assert changes; generated: test YAML + proper validators + area pipeline,🟠 req-class: EUDI_required; credimi: PR1295 no YAML,source: FCAF repo; no PR1295 YAML
,"=HYPERLINK(""https://github.com/eu-digital-identity-wallet/eudi-doc-functional-conformance-assessment/blob/88ab69a/docs/fcaf/suts/wallet_solution/relying_party/MessageStructure/CredentialFormats/WS_RP_MS_CredentialFormats__039.md"",""WS_RP_MS_CredentialFormats_039"")",EUDI_required,🟡 implemented verifier-blocked,,,x,,x,,x,MessageStructure / CredentialFormats,EUDI_generic,"WS, RP-PI, OID4VP-PM","🔎, WU, 📸",validators: none in PR1295; Maestro/pipeline precondition not implemented in PR1295; adapt same MessageStructure / CredentialFormats flow with small request/assert changes; generated: test YAML + proper validators + area pipeline,🟠 req-class: EUDI_required; credimi: PR1295 no YAML,source: FCAF repo; no PR1295 YAML
,"=HYPERLINK(""https://github.com/eu-digital-identity-wallet/eudi-doc-functional-conformance-assessment/blob/88ab69a/docs/fcaf/suts/wallet_solution/relying_party/MessageStructure/CredentialFormats/WS_RP_MS_CredentialFormats__040.md"",""WS_RP_MS_CredentialFormats_040"")",EUDI_required,🟡 implemented verifier-blocked,,,x,,x,,x,MessageStructure / CredentialFormats,EUDI_generic,"WS, RP-PI, OID4VP-PM","🔎, WU, 📸",validators: none in PR1295; Maestro/pipeline precondition not implemented in PR1295; adapt same MessageStructure / CredentialFormats flow with small request/assert changes; generated: test YAML + proper validators + area pipeline,🟠 req-class: EUDI_required; credimi: PR1295 no YAML,source: FCAF repo; no PR1295 YAML
,"=HYPERLINK(""https://github.com/eu-digital-identity-wallet/eudi-doc-functional-conformance-assessment/blob/88ab69a/docs/fcaf/suts/wallet_solution/relying_party/MessageStructure/CredentialFormats/WS_RP_MS_CredentialFormats__041.md"",""WS_RP_MS_CredentialFormats_041"")",EUDI_required,🟡 implemented verifier-blocked,,,x,,x,,x,MessageStructure / CredentialFormats,EUDI_generic,"WS, RP-PI, OID4VP-PM","🔎, WU, 📸",validators: none in PR1295; Maestro/pipeline precondition not implemented in PR1295; adapt same MessageStructure / CredentialFormats flow with small request/assert changes; generated: test YAML + proper validators + area pipeline,🟠 req-class: EUDI_required; credimi: PR1295 no YAML,source: FCAF repo; no PR1295 YAML
,"=HYPERLINK(""https://github.com/eu-digital-identity-wallet/eudi-doc-functional-conformance-assessment/blob/88ab69a/docs/fcaf/suts/wallet_solution/relying_party/MessageStructure/CredentialFormats/WS_RP_MS_CredentialFormats__044.md"",""WS_RP_MS_CredentialFormats_049"")",EUDI_required,🟡 implemented verifier-blocked,,x,x,x,x,,x,MessageStructure / CredentialFormats,EUDI_generic,"WS, RP-PI, OID4VP-PM","🏛️, 🔐, 🔎, WU, 📸",validators: none in PR1295; Maestro/pipeline precondition not implemented in PR1295; adapt same MessageStructure / CredentialFormats flow with small request/assert changes; requires MTSL/Token Status List component inside the mock issuer; generated: test YAML + proper validators + area pipeline,🟠 req-class: EUDI_required; credimi: PR1295 no YAML,source: FCAF repo; no PR1295 YAML
,"=HYPERLINK(""https://github.com/eu-digital-identity-wallet/eudi-doc-functional-conformance-assessment/blob/88ab69a/docs/fcaf/suts/wallet_solution/relying_party/MessageStructure/CredentialFormats/WS_RP_MS_CredentialFormats__045.md"",""WS_RP_MS_CredentialFormats_045"")",EUDI_required,🟡 implemented verifier-blocked,,,x,,x,,x,MessageStructure / CredentialFormats,EUDI_generic,"WS, RP-PI, OID4VP-PM","🔎, WU, 📸",validators: none in PR1295; Maestro/pipeline precondition not implemented in PR1295; adapt same MessageStructure / CredentialFormats flow with small request/assert changes; generated: test YAML + proper validators + area pipeline,🟠 req-class: EUDI_required; credimi: PR1295 no YAML,source: FCAF repo; no PR1295 YAML
,"=HYPERLINK(""https://github.com/eu-digital-identity-wallet/eudi-doc-functional-conformance-assessment/blob/88ab69a/docs/fcaf/suts/wallet_solution/relying_party/MessageStructure/CredentialFormats/WS_RP_MS_CredentialFormats__046.md"",""WS_RP_MS_CredentialFormats_046"")",EUDI_required,🟡 implemented verifier-blocked,,,x,,x,,x,MessageStructure / CredentialFormats,EUDI_generic,"WS, RP-PI, OID4VP-PM","🔎, WU, 📸",validators: none in PR1295; Maestro/pipeline precondition not implemented in PR1295; adapt same MessageStructure / CredentialFormats flow with small request/assert changes; generated: test YAML + proper validators + area pipeline,🟠 req-class: EUDI_required; credimi: PR1295 no YAML,source: FCAF repo; no PR1295 YAML
,"=HYPERLINK(""https://github.com/eu-digital-identity-wallet/eudi-doc-functional-conformance-assessment/blob/88ab69a/docs/fcaf/suts/wallet_solution/relying_party/MessageStructure/CredentialFormats/WS_RP_MS_CredentialFormats__048.md"",""WS_RP_MS_CredentialFormats_048"")",EUDI_required,🟡 implemented verifier-blocked,,,x,,x,,x,MessageStructure / CredentialFormats,EUDI_generic,"WS, RP-PI, OID4VP-PM","🔎, WU, 📸",validators: none in PR1295; Maestro/pipeline precondition not implemented in PR1295; adapt same MessageStructure / CredentialFormats flow with small request/assert changes; generated: test YAML + proper validators + area pipeline,🟠 req-class: EUDI_required; credimi: PR1295 no YAML,source: FCAF repo; no PR1295 YAML
,"=HYPERLINK(""https://github.com/eu-digital-identity-wallet/eudi-doc-functional-conformance-assessment/blob/88ab69a/docs/fcaf/suts/wallet_solution/relying_party/MessageStructure/Metadata/WS_RP_MS_Metadata__081.md"",""WS_RP_MS_Metadata_081"")",EUDI_required,🟡 implemented verifier-blocked,,x,,x,x,,x,MessageStructure / Metadata,EUDI_generic,"WS, RP-PI, OID4VP-PM","🏛️, 🔐, WU, 📸",validators: none in PR1295; Maestro/pipeline precondition not implemented in PR1295; requires MTSL/Token Status List component inside the mock issuer; generated: test YAML + Capture Wallet area pipeline,🟠 req-class: EUDI_required; credimi: PR1295 no YAML,source: FCAF repo; no PR1295 YAML
,"=HYPERLINK(""https://github.com/eu-digital-identity-wallet/eudi-doc-functional-conformance-assessment/blob/88ab69a/docs/fcaf/suts/wallet_solution/relying_party/MessageStructure/Metadata/WS_RP_MS_Metadata__082.md"",""WS_RP_MS_Metadata_082"")",EUDI_required,🟡 implemented verifier-blocked,,x,,x,x,,x,MessageStructure / Metadata,EUDI_generic,"WS, RP-PI, OID4VP-PM","🏛️, 🔐, WU, 📸",validators: none in PR1295; Maestro/pipeline precondition not implemented in PR1295; requires MTSL/Token Status List component inside the mock issuer; generated: test YAML + Capture Wallet area pipeline,🟠 req-class: EUDI_required; credimi: PR1295 no YAML,source: FCAF repo; no PR1295 YAML
,"=HYPERLINK(""https://github.com/eu-digital-identity-wallet/eudi-doc-functional-conformance-assessment/blob/88ab69a/docs/fcaf/suts/wallet_solution/relying_party/MessageStructure/Metadata/WS_RP_MS_Metadata__083.md"",""WS_RP_MS_Metadata_083"")",EUDI_required,🟡 implemented verifier-blocked,,x,,x,x,,x,MessageStructure / Metadata,EUDI_generic,"WS, RP-PI, OID4VP-PM","🏛️, 🔐, WU, 📸",validators: none in PR1295; Maestro/pipeline precondition not implemented in PR1295; requires MTSL/Token Status List component inside the mock issuer; generated: test YAML + Capture Wallet area pipeline,🟠 req-class: EUDI_required; credimi: PR1295 no YAML,source: FCAF repo; no PR1295 YAML
,"=HYPERLINK(""https://github.com/eu-digital-identity-wallet/eudi-doc-functional-conformance-assessment/blob/88ab69a/docs/fcaf/suts/wallet_solution/relying_party/MessageStructure/Metadata/WS_RP_MS_Metadata__084.md"",""WS_RP_MS_Metadata_084"")",EUDI_required,🟡 implemented verifier-blocked,,x,,x,x,,x,MessageStructure / Metadata,EUDI_generic,"WS, RP-PI, OID4VP-PM","🏛️, 🔐, WU, 📸",validators: none in PR1295; Maestro/pipeline precondition not implemented in PR1295; requires MTSL/Token Status List component inside the mock issuer; generated: test YAML + Capture Wallet area pipeline,🟠 req-class: EUDI_required; credimi: PR1295 no YAML,source: FCAF repo; no PR1295 YAML
,"=HYPERLINK(""https://github.com/eu-digital-identity-wallet/eudi-doc-functional-conformance-assessment/blob/88ab69a/docs/fcaf/suts/wallet_solution/relying_party/MessageStructure/Metadata/WS_RP_MS_Metadata__085.md"",""WS_RP_MS_Metadata_085"")",EUDI_required,🟡 implemented verifier-blocked,,x,,x,x,,x,MessageStructure / Metadata,EUDI_generic,"WS, RP-PI, OID4VP-PM","🏛️, 🔐, WU, 📸",validators: none in PR1295; Maestro/pipeline precondition not implemented in PR1295; requires MTSL/Token Status List component inside the mock issuer; generated: test YAML + Capture Wallet area pipeline,🟠 req-class: EUDI_required; credimi: PR1295 no YAML,source: FCAF repo; no PR1295 YAML
,"=HYPERLINK(""https://github.com/eu-digital-identity-wallet/eudi-doc-functional-conformance-assessment/blob/88ab69a/docs/fcaf/suts/wallet_solution/relying_party/MessageStructure/Metadata/WS_RP_MS_Metadata__086.md"",""WS_RP_MS_Metadata_086"")",EUDI_required,🟡 implemented verifier-blocked,,x,,x,x,,x,MessageStructure / Metadata,EUDI_generic,"WS, RP-PI, OID4VP-PM","🏛️, 🔐, WU, 📸",validators: none in PR1295; Maestro/pipeline precondition not implemented in PR1295; requires MTSL/Token Status List component inside the mock issuer; generated: test YAML + Capture Wallet area pipeline,🟠 req-class: EUDI_required; credimi: PR1295 no YAML,source: FCAF repo; no PR1295 YAML
,"=HYPERLINK(""https://github.com/eu-digital-identity-wallet/eudi-doc-functional-conformance-assessment/blob/88ab69a/docs/fcaf/suts/wallet_solution/relying_party/MessageStructure/Metadata/WS_RP_MS_Metadata__087.md"",""WS_RP_MS_Metadata_087"")",EUDI_required,🟡 implemented verifier-blocked,,x,,x,x,,x,MessageStructure / Metadata,EUDI_generic,"WS, RP-PI, OID4VP-PM","🏛️, 🔐, WU, 📸",validators: none in PR1295; Maestro/pipeline precondition not implemented in PR1295; requires MTSL/Token Status List component inside the mock issuer; generated: test YAML + Capture Wallet area pipeline,🟠 req-class: EUDI_required; credimi: PR1295 no YAML,source: FCAF repo; no PR1295 YAML
,"=HYPERLINK(""https://github.com/eu-digital-identity-wallet/eudi-doc-functional-conformance-assessment/blob/88ab69a/docs/fcaf/suts/wallet_solution/relying_party/MessageStructure/Metadata/WS_RP_MS_Metadata__088.md"",""WS_RP_MS_Metadata_088"")",EUDI_required,🟡 implemented verifier-blocked,,x,,x,x,,x,MessageStructure / Metadata,EUDI_generic,"WS, RP-PI, OID4VP-PM","🏛️, 🔐, WU, 📸",validators: none in PR1295; Maestro/pipeline precondition not implemented in PR1295; requires MTSL/Token Status List component inside the mock issuer; generated: test YAML + Capture Wallet area pipeline,🟠 req-class: EUDI_required; credimi: PR1295 no YAML,source: FCAF repo; no PR1295 YAML
,"=HYPERLINK(""https://github.com/eu-digital-identity-wallet/eudi-doc-functional-conformance-assessment/blob/88ab69a/docs/fcaf/suts/wallet_solution/relying_party/MessageStructure/Metadata/WS_RP_MS_Metadata__089.md"",""WS_RP_MS_Metadata_089"")",EUDI_required,🟡 implemented verifier-blocked,,x,,x,x,,x,MessageStructure / Metadata,EUDI_generic,"WS, RP-PI, OID4VP-PM","🏛️, 🔐, WU, 📸",validators: none in PR1295; Maestro/pipeline precondition not implemented in PR1295; requires MTSL/Token Status List component inside the mock issuer; generated: test YAML + Capture Wallet area pipeline,🟠 req-class: EUDI_required; credimi: PR1295 no YAML,source: FCAF repo; no PR1295 YAML
,"=HYPERLINK(""https://github.com/eu-digital-identity-wallet/eudi-doc-functional-conformance-assessment/blob/88ab69a/docs/fcaf/suts/wallet_solution/relying_party/MessageStructure/Metadata/WS_RP_MS_Metadata__090.md"",""WS_RP_MS_Metadata_090"")",EUDI_required,🟡 implemented verifier-blocked,,x,,x,x,,x,MessageStructure / Metadata,EUDI_generic,"WS, RP-PI, OID4VP-PM","🏛️, 🔐, WU, 📸",validators: none in PR1295; Maestro/pipeline precondition not implemented in PR1295; requires MTSL/Token Status List component inside the mock issuer; generated: test YAML + Capture Wallet area pipeline,🟠 req-class: EUDI_required; credimi: PR1295 no YAML,source: FCAF repo; no PR1295 YAML
,"=HYPERLINK(""https://github.com/eu-digital-identity-wallet/eudi-doc-functional-conformance-assessment/blob/88ab69a/docs/fcaf/suts/wallet_solution/relying_party/MessageStructure/Metadata/WS_RP_MS_Metadata__091.md"",""WS_RP_MS_Metadata_091"")",EUDI_required,🟡 implemented verifier-blocked,,x,,x,x,,x,MessageStructure / Metadata,EUDI_generic,"WS, RP-PI, OID4VP-PM","🏛️, 🔐, WU, 📸",validators: none in PR1295; Maestro/pipeline precondition not implemented in PR1295; requires MTSL/Token Status List component inside the mock issuer; generated: test YAML + Capture Wallet area pipeline,🟠 req-class: EUDI_required; credimi: PR1295 no YAML,source: FCAF repo; no PR1295 YAML
,"=HYPERLINK(""https://github.com/eu-digital-identity-wallet/eudi-doc-functional-conformance-assessment/blob/88ab69a/docs/fcaf/suts/wallet_solution/relying_party/MessageStructure/Metadata/WS_RP_MS_Metadata__092.md"",""WS_RP_MS_Metadata_092"")",EUDI_required,🟡 implemented verifier-blocked,,x,,x,x,,x,MessageStructure / Metadata,EUDI_generic,"WS, RP-PI, OID4VP-PM","🏛️, 🔐, WU, 📸",validators: none in PR1295; Maestro/pipeline precondition not implemented in PR1295; requires MTSL/Token Status List component inside the mock issuer; generated: test YAML + Capture Wallet area pipeline,🟠 req-class: EUDI_required; credimi: PR1295 no YAML,source: FCAF repo; no PR1295 YAML
,"=HYPERLINK(""https://github.com/eu-digital-identity-wallet/eudi-doc-functional-conformance-assessment/blob/88ab69a/docs/fcaf/suts/wallet_solution/relying_party/MessageStructure/Metadata/WS_RP_MS_Metadata__093.md"",""WS_RP_MS_Metadata_093"")",EUDI_required,🟡 implemented verifier-blocked,,x,,x,x,,x,MessageStructure / Metadata,EUDI_generic,"WS, RP-PI, OID4VP-PM","🏛️, 🔐, WU, 📸",validators: none in PR1295; Maestro/pipeline precondition not implemented in PR1295; requires MTSL/Token Status List component inside the mock issuer; generated: test YAML + Capture Wallet area pipeline,🟠 req-class: EUDI_required; credimi: PR1295 no YAML,source: FCAF repo; no PR1295 YAML
,"=HYPERLINK(""https://github.com/eu-digital-identity-wallet/eudi-doc-functional-conformance-assessment/blob/88ab69a/docs/fcaf/suts/wallet_solution/relying_party/MessageStructure/Metadata/WS_RP_MS_Metadata__094.md"",""WS_RP_MS_Metadata_094"")",EUDI_required,🟡 implemented verifier-blocked,,x,,x,x,,x,MessageStructure / Metadata,EUDI_generic,"WS, RP-PI, OID4VP-PM","🏛️, 🔐, WU, 📸",validators: none in PR1295; Maestro/pipeline precondition not implemented in PR1295; requires MTSL/Token Status List component inside the mock issuer; generated: test YAML + Capture Wallet area pipeline,🟠 req-class: EUDI_required; credimi: PR1295 no YAML,source: FCAF repo; no PR1295 YAML
,"=HYPERLINK(""https://github.com/eu-digital-identity-wallet/eudi-doc-functional-conformance-assessment/blob/88ab69a/docs/fcaf/suts/wallet_solution/relying_party/MessageStructure/Metadata/WS_RP_MS_Metadata__095.md"",""WS_RP_MS_Metadata_095"")",EUDI_required,🟡 implemented verifier-blocked,,x,,x,x,,x,MessageStructure / Metadata,EUDI_generic,"WS, RP-PI, OID4VP-PM","🏛️, 🔐, WU, 📸",validators: none in PR1295; Maestro/pipeline precondition not implemented in PR1295; requires MTSL/Token Status List component inside the mock issuer; generated: test YAML + Capture Wallet area pipeline,🟠 req-class: EUDI_required; credimi: PR1295 no YAML,source: FCAF repo; no PR1295 YAML
,"=HYPERLINK(""https://github.com/eu-digital-identity-wallet/eudi-doc-functional-conformance-assessment/blob/88ab69a/docs/fcaf/suts/wallet_solution/relying_party/MessageStructure/Metadata/WS_RP_MS_Metadata__096.md"",""WS_RP_MS_Metadata_096"")",EUDI_required,🟡 implemented verifier-blocked,,x,,x,x,,x,MessageStructure / Metadata,EUDI_generic,"WS, RP-PI, OID4VP-PM","🏛️, 🔐, WU, 📸",validators: none in PR1295; Maestro/pipeline precondition not implemented in PR1295; requires MTSL/Token Status List component inside the mock issuer; generated: test YAML + Capture Wallet area pipeline,🟠 req-class: EUDI_required; credimi: PR1295 no YAML,source: FCAF repo; no PR1295 YAML
,"=HYPERLINK(""https://github.com/eu-digital-identity-wallet/eudi-doc-functional-conformance-assessment/blob/88ab69a/docs/fcaf/suts/wallet_solution/relying_party/MessageStructure/Metadata/WS_RP_MS_Metadata__097.md"",""WS_RP_MS_Metadata_097"")",EUDI_required,🟡 implemented verifier-blocked,,x,,x,x,,x,MessageStructure / Metadata,EUDI_generic,"WS, RP-PI, OID4VP-PM","🏛️, 🔐, WU, 📸",validators: none in PR1295; Maestro/pipeline precondition not implemented in PR1295; requires MTSL/Token Status List component inside the mock issuer; generated: test YAML + Capture Wallet area pipeline,🟠 req-class: EUDI_required; credimi: PR1295 no YAML,source: FCAF repo; no PR1295 YAML
,"=HYPERLINK(""https://github.com/eu-digital-identity-wallet/eudi-doc-functional-conformance-assessment/blob/88ab69a/docs/fcaf/suts/wallet_solution/relying_party/MessageStructure/Metadata/WS_RP_MS_Metadata__098.md"",""WS_RP_MS_Metadata_098"")",EUDI_required,🟡 implemented verifier-blocked,,x,,x,x,,x,MessageStructure / Metadata,EUDI_generic,"WS, RP-PI, OID4VP-PM","🏛️, 🔐, WU, 📸",validators: none in PR1295; Maestro/pipeline precondition not implemented in PR1295; requires MTSL/Token Status List component inside the mock issuer; generated: test YAML + Capture Wallet area pipeline,🟠 req-class: EUDI_required; credimi: PR1295 no YAML,source: FCAF repo; no PR1295 YAML
,"=HYPERLINK(""https://github.com/eu-digital-identity-wallet/eudi-doc-functional-conformance-assessment/blob/88ab69a/docs/fcaf/suts/wallet_solution/relying_party/MessageStructure/Metadata/WS_RP_MS_Metadata__099.md"",""WS_RP_MS_Metadata_099"")",EUDI_required,🟡 implemented verifier-blocked,,x,,x,x,,x,MessageStructure / Metadata,EUDI_generic,"WS, RP-PI, OID4VP-PM","🏛️, 🔐, WU, 📸",validators: none in PR1295; Maestro/pipeline precondition not implemented in PR1295; requires MTSL/Token Status List component inside the mock issuer; generated: test YAML + Capture Wallet area pipeline,🟠 req-class: EUDI_required; credimi: PR1295 no YAML,source: FCAF repo; no PR1295 YAML
,"=HYPERLINK(""https://github.com/eu-digital-identity-wallet/eudi-doc-functional-conformance-assessment/blob/88ab69a/docs/fcaf/suts/wallet_solution/relying_party/MessageStructure/Metadata/WS_RP_MS_Metadata__100.md"",""WS_RP_MS_Metadata_100"")",EUDI_required,🟡 implemented verifier-blocked,,x,,x,x,,x,MessageStructure / Metadata,EUDI_generic,"WS, RP-PI, OID4VP-PM","🏛️, 🔐, WU, 📸",validators: none in PR1295; Maestro/pipeline precondition not implemented in PR1295; requires MTSL/Token Status List component inside the mock issuer; generated: test YAML + Capture Wallet area pipeline,🟠 req-class: EUDI_required; credimi: PR1295 no YAML,source: FCAF repo; no PR1295 YAML
,"=HYPERLINK(""https://github.com/eu-digital-identity-wallet/eudi-doc-functional-conformance-assessment/blob/88ab69a/docs/fcaf/suts/wallet_solution/relying_party/MessageStructure/Metadata/WS_RP_MS_Metadata__101.md"",""WS_RP_MS_Metadata_101"")",EUDI_required,🟡 implemented verifier-blocked,,x,,x,x,,x,MessageStructure / Metadata,EUDI_generic,"WS, RP-PI, OID4VP-PM","🏛️, 🔐, WU, 📸",validators: none in PR1295; Maestro/pipeline precondition not implemented in PR1295; requires MTSL/Token Status List component inside the mock issuer; generated: test YAML + Capture Wallet area pipeline,🟠 req-class: EUDI_required; credimi: PR1295 no YAML,source: FCAF repo; no PR1295 YAML
,"=HYPERLINK(""https://github.com/eu-digital-identity-wallet/eudi-doc-functional-conformance-assessment/blob/88ab69a/docs/fcaf/suts/wallet_solution/relying_party/MessageStructure/Metadata/WS_RP_MS_Metadata__102.md"",""WS_RP_MS_Metadata_102"")",EUDI_required,🟡 implemented verifier-blocked,,x,,x,x,,x,MessageStructure / Metadata,EUDI_generic,"WS, RP-PI, OID4VP-PM","🏛️, 🔐, WU, 📸",validators: none in PR1295; Maestro/pipeline precondition not implemented in PR1295; requires MTSL/Token Status List component inside the mock issuer; generated: test YAML + Capture Wallet area pipeline,🟠 req-class: EUDI_required; credimi: PR1295 no YAML,source: FCAF repo; no PR1295 YAML
,"=HYPERLINK(""https://github.com/eu-digital-identity-wallet/eudi-doc-functional-conformance-assessment/blob/88ab69a/docs/fcaf/suts/wallet_solution/relying_party/MessageStructure/Metadata/WS_RP_MS_Metadata__103.md"",""WS_RP_MS_Metadata_103"")",EUDI_required,🟡 implemented verifier-blocked,,x,,x,x,,x,MessageStructure / Metadata,EUDI_generic,"WS, RP-PI, OID4VP-PM","🏛️, 🔐, WU, 📸",validators: none in PR1295; Maestro/pipeline precondition not implemented in PR1295; requires MTSL/Token Status List component inside the mock issuer; generated: test YAML + Capture Wallet area pipeline,🟠 req-class: EUDI_required; credimi: PR1295 no YAML,source: FCAF repo; no PR1295 YAML
,"=HYPERLINK(""https://github.com/eu-digital-identity-wallet/eudi-doc-functional-conformance-assessment/blob/88ab69a/docs/fcaf/suts/wallet_solution/relying_party/MessageStructure/Metadata/WS_RP_MS_Metadata__104.md"",""WS_RP_MS_Metadata_104"")",EUDI_required,🟢 ready,,,x,,x,,x,MessageStructure / Metadata,EUDI_generic,"WS, RP-PI, OID4VP-PM","🔎, WU, 📸",validators: jwt.payload_object_keys_allowed and json.field_required; preconditions: pipeline.wallet.protocol.request-object-by-value; reuses live by-value Request Object Maestro flow; request JAR client_metadata contained only defined parameters and the reference wallet submitted PID mdoc,🟢 req-class: EUDI_required; credimi: PR1295 YAML ready,source: FCAF repo; PR1295 YAML
,"=HYPERLINK(""https://github.com/eu-digital-identity-wallet/eudi-doc-functional-conformance-assessment/blob/88ab69a/docs/fcaf/suts/wallet_solution/relying_party/MessageStructure/Metadata/WS_RP_MS_Metadata__105.md"",""WS_RP_MS_Metadata_105"")",EUDI_required,🟡 implemented verifier-blocked,,,x,,x,,x,MessageStructure / Metadata,EUDI_generic,"WS, RP-PI, OID4VP-PM","🔎, WU, 📸",validators: none in PR1295; Maestro/pipeline precondition not implemented in PR1295; adapt same MessageStructure / Metadata flow with small request/assert changes; source trigger: click link / scan QR code; generated: test YAML + proper validators + area pipeline,🟠 req-class: EUDI_required; credimi: PR1295 no YAML,source: FCAF repo; no PR1295 YAML
,"=HYPERLINK(""https://github.com/eu-digital-identity-wallet/eudi-doc-functional-conformance-assessment/blob/88ab69a/docs/fcaf/suts/wallet_solution/relying_party/MessageStructure/Metadata/WS_RP_MS_Metadata__106.md"",""WS_RP_MS_Metadata_106"")",EUDI_required,🟡 implemented verifier-blocked,,,x,,x,,x,MessageStructure / Metadata,EUDI_generic,"WS, RP-PI, OID4VP-PM","🔎, WU, 📸",validators: none in PR1295; Maestro/pipeline precondition not implemented in PR1295; adapt same MessageStructure / Metadata flow with small request/assert changes; source trigger: click link / scan QR code; generated: test YAML + proper validators + area pipeline,🟠 req-class: EUDI_required; credimi: PR1295 no YAML,source: FCAF repo; no PR1295 YAML
,"=HYPERLINK(""https://github.com/eu-digital-identity-wallet/eudi-doc-functional-conformance-assessment/blob/88ab69a/docs/fcaf/suts/wallet_solution/relying_party/MessageStructure/Metadata/WS_RP_MS_Metadata__107.md"",""WS_RP_MS_Metadata_107"")",EUDI_required,🟡 implemented verifier-blocked,,,x,,x,,x,MessageStructure / Metadata,EUDI_generic,"WS, RP-PI, OID4VP-PM","🔎, WU, 📸",validators: none in PR1295; Maestro/pipeline precondition not implemented in PR1295; adapt same MessageStructure / Metadata flow with small request/assert changes; source trigger: click link / scan QR code; generated: test YAML + proper validators + area pipeline,🟠 req-class: EUDI_required; credimi: PR1295 no YAML,source: FCAF repo; no PR1295 YAML
,"=HYPERLINK(""https://github.com/eu-digital-identity-wallet/eudi-doc-functional-conformance-assessment/blob/88ab69a/docs/fcaf/suts/wallet_solution/relying_party/MessageStructure/Metadata/WS_RP_MS_Metadata__108.md"",""WS_RP_MS_Metadata_108"")",EUDI_required,🟡 implemented verifier-blocked,,,x,,x,,x,MessageStructure / Metadata,EUDI_generic,"WS, RP-PI, OID4VP-PM","🔎, WU, 📸",validators: none in PR1295; Maestro/pipeline precondition not implemented in PR1295; adapt same MessageStructure / Metadata flow with small request/assert changes; source trigger: click link / scan QR code; generated: test YAML + proper validators + area pipeline,🟠 req-class: EUDI_required; credimi: PR1295 no YAML,source: FCAF repo; no PR1295 YAML
,"=HYPERLINK(""https://github.com/eu-digital-identity-wallet/eudi-doc-functional-conformance-assessment/blob/88ab69a/docs/fcaf/suts/wallet_solution/relying_party/MessageStructure/Metadata/WS_RP_MS_Metadata__109.md"",""WS_RP_MS_Metadata_109"")",EUDI_required,🟡 implemented verifier-blocked,,,x,,x,,x,MessageStructure / Metadata,EUDI_generic,"WS, RP-PI, OID4VP-PM","🔎, WU, 📸",validators: none in PR1295; Maestro/pipeline precondition not implemented in PR1295; adapt same MessageStructure / Metadata flow with small request/assert changes; source trigger: click link / scan QR code; generated: test YAML + proper validators + area pipeline,🟠 req-class: EUDI_required; credimi: PR1295 no YAML,source: FCAF repo; no PR1295 YAML
,"=HYPERLINK(""https://github.com/eu-digital-identity-wallet/eudi-doc-functional-conformance-assessment/blob/88ab69a/docs/fcaf/suts/wallet_solution/relying_party/MessageStructure/Metadata/WS_RP_MS_Metadata__111.md"",""WS_RP_MS_Metadata_111"")",EUDI_required,🟡 implemented verifier-blocked,,,x,,,,,MessageStructure / Metadata,EUDI_generic,"WS, RP-PI, OID4VP-PM",🔎,validators: none in PR1295; Maestro/pipeline precondition not implemented in PR1295; source trigger: click link / scan QR code; generated: test YAML + Capture Wallet area pipeline,🟠 req-class: EUDI_required; credimi: PR1295 no YAML,source: FCAF repo; no PR1295 YAML
,"=HYPERLINK(""https://github.com/eu-digital-identity-wallet/eudi-doc-functional-conformance-assessment/blob/88ab69a/docs/fcaf/suts/wallet_solution/relying_party/MessageStructure/Metadata/WS_RP_MS_Metadata__115.md"",""WS_RP_MS_Metadata_115"")",EUDI_required,🟡 implemented verifier-blocked,,,x,,,,,MessageStructure / Metadata,EUDI_generic,"WS, RP-PI, OID4VP-PM",🔎,validators: none in PR1295; Maestro/pipeline precondition not implemented in PR1295; source trigger: click link / scan QR code; generated: test YAML + Capture Wallet area pipeline,🟠 req-class: EUDI_required; credimi: PR1295 no YAML,source: FCAF repo; no PR1295 YAML
,"=HYPERLINK(""https://github.com/eu-digital-identity-wallet/eudi-doc-functional-conformance-assessment/blob/88ab69a/docs/fcaf/suts/wallet_solution/relying_party/MessageStructure/Metadata/WS_RP_MS_Metadata__116.md"",""WS_RP_MS_Metadata_116"")",EUDI_required,🟡 implemented verifier-blocked,,,x,,x,,x,MessageStructure / Metadata,EUDI_generic,"WS, RP-PI, OID4VP-PM","🔎, WU, 📸",validators: none in PR1295; Maestro/pipeline precondition not implemented in PR1295; adapt same MessageStructure / Metadata flow with small request/assert changes; source trigger: click link / scan QR code; generated: test YAML + proper validators + area pipeline,🟠 req-class: EUDI_required; credimi: PR1295 no YAML,source: FCAF repo; no PR1295 YAML
,"=HYPERLINK(""https://github.com/eu-digital-identity-wallet/eudi-doc-functional-conformance-assessment/blob/88ab69a/docs/fcaf/suts/wallet_solution/relying_party/MessageStructure/Metadata/WS_RP_MS_Metadata__117.md"",""WS_RP_MS_Metadata_117"")",EUDI_required,🟡 implemented verifier-blocked,,,x,,x,,x,MessageStructure / Metadata,EUDI_generic,"WS, RP-PI, OID4VP-PM","🔎, WU, 📸",validators: none in PR1295; Maestro/pipeline precondition not implemented in PR1295; adapt same MessageStructure / Metadata flow with small request/assert changes; source trigger: click link / scan QR code; generated: test YAML + proper validators + area pipeline,🟠 req-class: EUDI_required; credimi: PR1295 no YAML,source: FCAF repo; no PR1295 YAML
,"=HYPERLINK(""https://github.com/eu-digital-identity-wallet/eudi-doc-functional-conformance-assessment/blob/88ab69a/docs/fcaf/suts/wallet_solution/relying_party/MessageStructure/Metadata/WS_RP_MS_Metadata__118.md"",""WS_RP_MS_Metadata_118"")",EUDI_required,🟡 implemented verifier-blocked,,,x,,x,,x,MessageStructure / Metadata,EUDI_generic,"WS, RP-PI, OID4VP-PM","🔎, WU, 📸",validators: none in PR1295; Maestro/pipeline precondition not implemented in PR1295; adapt same MessageStructure / Metadata flow with small request/assert changes; source trigger: click link / scan QR code; generated: test YAML + proper validators + area pipeline,🟠 req-class: EUDI_required; credimi: PR1295 no YAML,source: FCAF repo; no PR1295 YAML
,"=HYPERLINK(""https://github.com/eu-digital-identity-wallet/eudi-doc-functional-conformance-assessment/blob/88ab69a/docs/fcaf/suts/wallet_solution/relying_party/MessageStructure/Metadata/WS_RP_MS_Metadata__119.md"",""WS_RP_MS_Metadata_119"")",EUDI_required,🟡 implemented verifier-blocked,,,x,,x,,x,MessageStructure / Metadata,EUDI_generic,"WS, RP-PI, OID4VP-PM","🔎, WU, 📸",validators: none in PR1295; Maestro/pipeline precondition not implemented in PR1295; adapt same MessageStructure / Metadata flow with small request/assert changes; source trigger: click link / scan QR code; generated: test YAML + proper validators + area pipeline,🟠 req-class: EUDI_required; credimi: PR1295 no YAML,source: FCAF repo; no PR1295 YAML
,"=HYPERLINK(""https://github.com/eu-digital-identity-wallet/eudi-doc-functional-conformance-assessment/blob/88ab69a/docs/fcaf/suts/wallet_solution/relying_party/MessageStructure/Metadata/WS_RP_MS_Metadata__120.md"",""WS_RP_MS_Metadata_120"")",EUDI_required,🟡 implemented verifier-blocked,,,x,,x,,x,MessageStructure / Metadata,EUDI_generic,"WS, RP-PI, OID4VP-PM","🔎, WU, 📸",validators: none in PR1295; Maestro/pipeline precondition not implemented in PR1295; adapt same MessageStructure / Metadata flow with small request/assert changes; source trigger: click link / scan QR code; generated: test YAML + proper validators + area pipeline,🟠 req-class: EUDI_required; credimi: PR1295 no YAML,source: FCAF repo; no PR1295 YAML
,"=HYPERLINK(""https://github.com/eu-digital-identity-wallet/eudi-doc-functional-conformance-assessment/blob/88ab69a/docs/fcaf/suts/wallet_solution/relying_party/MessageStructure/Metadata/WS_RP_MS_Metadata__121.md"",""WS_RP_MS_Metadata_121"")",EUDI_required,🟡 implemented verifier-blocked,,,x,,x,,x,MessageStructure / Metadata,EUDI_generic,"WS, RP-PI, OID4VP-PM","🔎, WU, 📸",validators: none in PR1295; Maestro/pipeline precondition not implemented in PR1295; adapt same MessageStructure / Metadata flow with small request/assert changes; source trigger: click link / scan QR code; generated: test YAML + proper validators + area pipeline,🟠 req-class: EUDI_required; credimi: PR1295 no YAML,source: FCAF repo; no PR1295 YAML
,"=HYPERLINK(""https://github.com/eu-digital-identity-wallet/eudi-doc-functional-conformance-assessment/blob/88ab69a/docs/fcaf/suts/wallet_solution/relying_party/MessageStructure/Metadata/WS_RP_MS_Metadata__122.md"",""WS_RP_MS_Metadata_122"")",EUDI_required,🟡 implemented verifier-blocked,,,x,,x,,x,MessageStructure / Metadata,EUDI_generic,"WS, RP-PI, OID4VP-PM","🔎, WU, 📸",validators: none in PR1295; Maestro/pipeline precondition not implemented in PR1295; adapt same MessageStructure / Metadata flow with small request/assert changes; source trigger: click link / scan QR code; generated: test YAML + proper validators + area pipeline,🟠 req-class: EUDI_required; credimi: PR1295 no YAML,source: FCAF repo; no PR1295 YAML
,"=HYPERLINK(""https://github.com/eu-digital-identity-wallet/eudi-doc-functional-conformance-assessment/blob/88ab69a/docs/fcaf/suts/wallet_solution/relying_party/MessageStructure/Metadata/WS_RP_MS_Metadata__123.md"",""WS_RP_MS_Metadata_123"")",EUDI_required,🟡 implemented verifier-blocked,,,x,,x,,x,MessageStructure / Metadata,EUDI_generic,"WS, RP-PI, OID4VP-PM","🔎, WU, 📸",validators: none in PR1295; Maestro/pipeline precondition not implemented in PR1295; adapt same MessageStructure / Metadata flow with small request/assert changes; source trigger: click link / scan QR code; generated: test YAML + proper validators + area pipeline,🟠 req-class: EUDI_required; credimi: PR1295 no YAML,source: FCAF repo; no PR1295 YAML
,"=HYPERLINK(""https://github.com/eu-digital-identity-wallet/eudi-doc-functional-conformance-assessment/blob/88ab69a/docs/fcaf/suts/wallet_solution/relying_party/MessageStructure/Metadata/WS_RP_MS_Metadata__124.md"",""WS_RP_MS_Metadata_124"")",EUDI_required,🟡 implemented verifier-blocked,,,x,,x,,x,MessageStructure / Metadata,EUDI_generic,"WS, RP-PI, OID4VP-PM","🔎, WU, 📸",validators: none in PR1295; Maestro/pipeline precondition not implemented in PR1295; adapt same MessageStructure / Metadata flow with small request/assert changes; source trigger: click link / scan QR code; generated: test YAML + proper validators + area pipeline,🟠 req-class: EUDI_required; credimi: PR1295 no YAML,source: FCAF repo; no PR1295 YAML
,"=HYPERLINK(""https://github.com/eu-digital-identity-wallet/eudi-doc-functional-conformance-assessment/blob/88ab69a/docs/fcaf/suts/wallet_solution/relying_party/MessageStructure/Metadata/WS_RP_MS_Metadata__125.md"",""WS_RP_MS_Metadata_125"")",EUDI_required,🟡 implemented verifier-blocked,,,x,,,,,MessageStructure / Metadata,EUDI_generic,"WS, RP-PI, OID4VP-PM",🔎,validators: none in PR1295; Maestro/pipeline precondition not implemented in PR1295; source trigger: click link / scan QR code; generated: test YAML + Capture Wallet area pipeline,🟠 req-class: EUDI_required; credimi: PR1295 no YAML,source: FCAF repo; no PR1295 YAML
,"=HYPERLINK(""https://github.com/eu-digital-identity-wallet/eudi-doc-functional-conformance-assessment/blob/88ab69a/docs/fcaf/suts/wallet_solution/relying_party/MessageStructure/Metadata/WS_RP_MS_Metadata__126.md"",""WS_RP_MS_Metadata_126"")",EUDI_required,🟡 implemented verifier-blocked,,,x,,,,,MessageStructure / Metadata,EUDI_generic,"WS, RP-PI, OID4VP-PM",🔎,validators: none in PR1295; Maestro/pipeline precondition not implemented in PR1295; source trigger: click link / scan QR code; generated: test YAML + Capture Wallet area pipeline,🟠 req-class: EUDI_required; credimi: PR1295 no YAML,source: FCAF repo; no PR1295 YAML
,"=HYPERLINK(""https://github.com/eu-digital-identity-wallet/eudi-doc-functional-conformance-assessment/blob/88ab69a/docs/fcaf/suts/wallet_solution/relying_party/MessageStructure/Metadata/WS_RP_MS_Metadata__127.md"",""WS_RP_MS_Metadata_127"")",EUDI_required,🟡 implemented verifier-blocked,,,x,,,,,MessageStructure / Metadata,EUDI_generic,"WS, RP-PI, OID4VP-PM",🔎,validators: none in PR1295; Maestro/pipeline precondition not implemented in PR1295; source trigger: click link / scan QR code; generated: test YAML + Capture Wallet area pipeline,🟠 req-class: EUDI_required; credimi: PR1295 no YAML,source: FCAF repo; no PR1295 YAML
,"=HYPERLINK(""https://github.com/eu-digital-identity-wallet/eudi-doc-functional-conformance-assessment/blob/88ab69a/docs/fcaf/suts/wallet_solution/relying_party/MessageStructure/Metadata/WS_RP_MS_Metadata__128.md"",""WS_RP_MS_Metadata_128"")",EUDI_required,🟡 implemented verifier-blocked,,,x,,,,,MessageStructure / Metadata,EUDI_generic,"WS, RP-PI, OID4VP-PM",🔎,validators: none in PR1295; Maestro/pipeline precondition not implemented in PR1295; source trigger: click link / scan QR code; generated: test YAML + Capture Wallet area pipeline,🟠 req-class: EUDI_required; credimi: PR1295 no YAML,source: FCAF repo; no PR1295 YAML
,"=HYPERLINK(""https://github.com/eu-digital-identity-wallet/eudi-doc-functional-conformance-assessment/blob/88ab69a/docs/fcaf/suts/wallet_solution/relying_party/MessageStructure/Metadata/WS_RP_MS_Metadata__129.md"",""WS_RP_MS_Metadata_129"")",EUDI_required,🟡 implemented verifier-blocked,,,x,,,,,MessageStructure / Metadata,EUDI_generic,"WS, RP-PI, OID4VP-PM",🔎,validators: none in PR1295; Maestro/pipeline precondition not implemented in PR1295; source trigger: click link / scan QR code; generated: test YAML + Capture Wallet area pipeline,🟠 req-class: EUDI_required; credimi: PR1295 no YAML,source: FCAF repo; no PR1295 YAML
,"=HYPERLINK(""https://github.com/eu-digital-identity-wallet/eudi-doc-functional-conformance-assessment/blob/88ab69a/docs/fcaf/suts/wallet_solution/relying_party/MessageStructure/Metadata/WS_RP_MS_Metadata__130.md"",""WS_RP_MS_Metadata_130"")",EUDI_required,🟡 implemented verifier-blocked,,,x,,,,,MessageStructure / Metadata,EUDI_generic,"WS, RP-PI, OID4VP-PM",🔎,validators: none in PR1295; Maestro/pipeline precondition not implemented in PR1295; source trigger: click link / scan QR code; generated: test YAML + Capture Wallet area pipeline,🟠 req-class: EUDI_required; credimi: PR1295 no YAML,source: FCAF repo; no PR1295 YAML
,"=HYPERLINK(""https://github.com/eu-digital-identity-wallet/eudi-doc-functional-conformance-assessment/blob/88ab69a/docs/fcaf/suts/wallet_solution/relying_party/MessageStructure/Metadata/WS_RP_MS_Metadata__131.md"",""WS_RP_MS_Metadata_131"")",EUDI_required,🟡 implemented verifier-blocked,,,x,,,,,MessageStructure / Metadata,EUDI_generic,"WS, RP-PI, OID4VP-PM",🔎,validators: none in PR1295; Maestro/pipeline precondition not implemented in PR1295; source trigger: click link / scan QR code; generated: test YAML + Capture Wallet area pipeline,🟠 req-class: EUDI_required; credimi: PR1295 no YAML,source: FCAF repo; no PR1295 YAML
,"=HYPERLINK(""https://github.com/eu-digital-identity-wallet/eudi-doc-functional-conformance-assessment/blob/88ab69a/docs/fcaf/suts/wallet_solution/relying_party/MessageStructure/Metadata/WS_RP_MS_Metadata__132.md"",""WS_RP_MS_Metadata_132"")",EUDI_required,🟡 implemented verifier-blocked,,,x,,,,,MessageStructure / Metadata,EUDI_generic,"WS, RP-PI, OID4VP-PM",🔎,validators: none in PR1295; Maestro/pipeline precondition not implemented in PR1295; source trigger: click link / scan QR code; generated: test YAML + Capture Wallet area pipeline,🟠 req-class: EUDI_required; credimi: PR1295 no YAML,source: FCAF repo; no PR1295 YAML
,"=HYPERLINK(""https://github.com/eu-digital-identity-wallet/eudi-doc-functional-conformance-assessment/blob/88ab69a/docs/fcaf/suts/wallet_solution/relying_party/MessageStructure/Metadata/WS_RP_MS_Metadata__133.md"",""WS_RP_MS_Metadata_133"")",EUDI_required,🟡 implemented verifier-blocked,,,x,,x,,x,MessageStructure / Metadata,EUDI_generic,"WS, RP-PI, OID4VP-PM","🔎, WU, 📸",validators: none in PR1295; Maestro/pipeline precondition not implemented in PR1295; adapt same MessageStructure / Metadata flow with small request/assert changes; source trigger: click link / scan QR code; generated: test YAML + proper validators + area pipeline,🟠 req-class: EUDI_required; credimi: PR1295 no YAML,source: FCAF repo; no PR1295 YAML
,"=HYPERLINK(""https://github.com/eu-digital-identity-wallet/eudi-doc-functional-conformance-assessment/blob/88ab69a/docs/fcaf/suts/wallet_solution/relying_party/MessageStructure/Metadata/WS_RP_MS_Metadata__134.md"",""WS_RP_MS_Metadata_134"")",EUDI_required,🟡 implemented verifier-blocked,,,x,,,,,MessageStructure / Metadata,EUDI_generic,"WS, RP-PI, OID4VP-PM",🔎,validators: none in PR1295; Maestro/pipeline precondition not implemented in PR1295; source trigger: click link / scan QR code; generated: test YAML + Capture Wallet area pipeline,🟠 req-class: EUDI_required; credimi: PR1295 no YAML,source: FCAF repo; no PR1295 YAML
,"=HYPERLINK(""https://github.com/eu-digital-identity-wallet/eudi-doc-functional-conformance-assessment/blob/88ab69a/docs/fcaf/suts/wallet_solution/relying_party/MessageStructure/Metadata/WS_RP_MS_Metadata__135.md"",""WS_RP_MS_Metadata_135"")",EUDI_required,🟡 implemented verifier-blocked,,,x,,,,,MessageStructure / Metadata,EUDI_generic,"WS, RP-PI, OID4VP-PM",🔎,validators: none in PR1295; Maestro/pipeline precondition not implemented in PR1295; source trigger: click link / scan QR code; generated: test YAML + Capture Wallet area pipeline,🟠 req-class: EUDI_required; credimi: PR1295 no YAML,source: FCAF repo; no PR1295 YAML
,"=HYPERLINK(""https://github.com/eu-digital-identity-wallet/eudi-doc-functional-conformance-assessment/blob/88ab69a/docs/fcaf/suts/wallet_solution/relying_party/MessageStructure/Metadata/WS_RP_MS_Metadata__136.md"",""WS_RP_MS_Metadata_136"")",EUDI_required,🟡 implemented verifier-blocked,,,x,,x,,x,MessageStructure / Metadata,EUDI_generic,"WS, RP-PI, OID4VP-PM","🔎, WU, 📸",validators: none in PR1295; Maestro/pipeline precondition not implemented in PR1295; adapt same MessageStructure / Metadata flow with small request/assert changes; source trigger: click link / scan QR code; generated: test YAML + proper validators + area pipeline,🟠 req-class: EUDI_required; credimi: PR1295 no YAML,source: FCAF repo; no PR1295 YAML
,"=HYPERLINK(""https://github.com/eu-digital-identity-wallet/eudi-doc-functional-conformance-assessment/blob/88ab69a/docs/fcaf/suts/wallet_solution/relying_party/MessageStructure/Metadata/WS_RP_MS_Metadata__137.md"",""WS_RP_MS_Metadata_137"")",EUDI_required,🟡 implemented verifier-blocked,,,x,,x,,x,MessageStructure / Metadata,EUDI_generic,"WS, RP-PI, OID4VP-PM","🔎, WU, 📸",validators: none in PR1295; Maestro/pipeline precondition not implemented in PR1295; adapt same MessageStructure / Metadata flow with small request/assert changes; source trigger: click link / scan QR code; generated: test YAML + proper validators + area pipeline,🟠 req-class: EUDI_required; credimi: PR1295 no YAML,source: FCAF repo; no PR1295 YAML
,"=HYPERLINK(""https://github.com/eu-digital-identity-wallet/eudi-doc-functional-conformance-assessment/blob/88ab69a/docs/fcaf/suts/wallet_solution/relying_party/MessageStructure/Metadata/WS_RP_MS_Metadata__138.md"",""WS_RP_MS_Metadata_138"")",EUDI_required,🟢 ready,,,x,,x,,x,MessageStructure / Metadata,EUDI_generic,"WS, RP-PI, OID4VP-PM","🔎, WU, 📸",reuses the capture-wallet request_uri_method=post flow; validator oid4vp.wallet_nonce_matches_request_object compares the posted wallet_nonce with the signed Request Object claim; successful DCQL response and stored visual evidence remain required,🟢 req-class: EUDI_required; Credimi scenario and test YAML,source: FCAF repo; shared dcql protocol-messages scenario
,"=HYPERLINK(""https://github.com/eu-digital-identity-wallet/eudi-doc-functional-conformance-assessment/blob/88ab69a/docs/fcaf/suts/wallet_solution/relying_party/MessageStructure/Metadata/WS_RP_MS_Metadata__139.md"",""WS_RP_MS_Metadata_139"")",EUDI_required,🟡 implemented verifier-blocked,,,x,,x,,x,MessageStructure / Metadata,EUDI_generic,"WS, RP-PI, OID4VP-PM","🔎, WU, 📸",validators: none in PR1295; Maestro/pipeline precondition not implemented in PR1295; adapt same MessageStructure / Metadata flow with small request/assert changes; source trigger: click link / scan QR code; generated: test YAML + proper validators + area pipeline,🟠 req-class: EUDI_required; credimi: PR1295 no YAML,source: FCAF repo; no PR1295 YAML
,"=HYPERLINK(""https://github.com/eu-digital-identity-wallet/eudi-doc-functional-conformance-assessment/blob/88ab69a/docs/fcaf/suts/wallet_solution/relying_party/MessageStructure/Metadata/WS_RP_MS_Metadata__140.md"",""WS_RP_MS_Metadata_140"")",EUDI_required,🟡 implemented verifier-blocked,,,x,,x,,x,MessageStructure / Metadata,EUDI_generic,"WS, RP-PI, OID4VP-PM","🔎, WU, 📸",validators: none in PR1295; Maestro/pipeline precondition not implemented in PR1295; adapt same MessageStructure / Metadata flow with small request/assert changes; source trigger: click link / scan QR code; generated: test YAML + proper validators + area pipeline,🟠 req-class: EUDI_required; credimi: PR1295 no YAML,source: FCAF repo; no PR1295 YAML
,"=HYPERLINK(""https://github.com/eu-digital-identity-wallet/eudi-doc-functional-conformance-assessment/blob/88ab69a/docs/fcaf/suts/wallet_solution/relying_party/MessageStructure/Metadata/WS_RP_MS_Metadata__141.md"",""WS_RP_MS_Metadata_141"")",EUDI_required,🟡 implemented verifier-blocked,,,x,,x,,x,MessageStructure / Metadata,EUDI_generic,"WS, RP-PI, OID4VP-PM","🔎, WU, 📸",reuses the SD-JWT VC presentation and validates the issuer x5c chain in the protected header,🟠 req-class: EUDI_required; live capture-wallet execution remains required,source: FCAF repo; shared SD-JWT presentation scenario
,"=HYPERLINK(""https://github.com/eu-digital-identity-wallet/eudi-doc-functional-conformance-assessment/blob/88ab69a/docs/fcaf/suts/wallet_solution/relying_party/MessageStructure/ProtocolMessages/WS_RP_MS_ProtocolMessages__004.md"",""WS_RP_MS_ProtocolMessages_004"")",EUDI_required,🟢 ready,,,x,,x,,x,MessageStructure / ProtocolMessages,EUDI_generic,"WS, RP-PI, OID4VP-PM","🔎, WU, 📸",validators: jwt.header_field_equals and json.field_required; preconditions: pipeline.wallet.protocol.request-object-by-value; manual Maestro pipeline template: fcaf-wallet-solution-relying-party-request-object-by-value; live reference wallet accepted a by-value Request Object with typ=oauth-authz-req+jwt and submitted PID mdoc,🟢 req-class: EUDI_required; credimi: PR1295 YAML ready,source: FCAF repo; PR1295 YAML
,"=HYPERLINK(""https://github.com/eu-digital-identity-wallet/eudi-doc-functional-conformance-assessment/blob/88ab69a/docs/fcaf/suts/wallet_solution/relying_party/MessageStructure/ProtocolMessages/WS_RP_MS_ProtocolMessages__005.md"",""WS_RP_MS_ProtocolMessages_005"")",EUDI_required,🟢 ready,,,x,,x,,x,MessageStructure / ProtocolMessages,EUDI_generic,"WS, RP-PI, OID4VP-PM","🔎, WU, 📸",validators: jwt.header_field_equals and json.field_required; preconditions: pipeline.wallet.protocol.request-uri-method-post and pipeline.wallet.protocol.request-object-by-value; reuses live by-reference POST retrieval and same-verifier by-value JAR header evidence,🟢 req-class: EUDI_required; credimi: PR1295 YAML ready,source: FCAF repo; PR1295 YAML
,"=HYPERLINK(""https://github.com/eu-digital-identity-wallet/eudi-doc-functional-conformance-assessment/blob/88ab69a/docs/fcaf/suts/wallet_solution/relying_party/MessageStructure/ProtocolMessages/WS_RP_MS_ProtocolMessages__006.md"",""WS_RP_MS_ProtocolMessages_006"")",EUDI_required,🟡 implemented verifier-blocked,,,x,,x,,x,MessageStructure / ProtocolMessages,EUDI_generic,"WS, RP-PI, OID4VP-PM","🔎, WU, 📸",validators: dcql.response_satisfies_constraints; preconditions: pipeline.dcql.same-credential-multiple-queries; reuses the multi-query presentation evidence; source trigger: click link / scan QR code; generated: test YAML + proper validators + area pipeline,🟠 req-class: EUDI_required; credimi: PR1295 no YAML,source: FCAF repo; no PR1295 YAML
,"=HYPERLINK(""https://github.com/eu-digital-identity-wallet/eudi-doc-functional-conformance-assessment/blob/88ab69a/docs/fcaf/suts/wallet_solution/relying_party/MessageStructure/ProtocolMessages/WS_RP_MS_ProtocolMessages__007.md"",""WS_RP_MS_ProtocolMessages_007"")",EUDI_required,🟡 implemented verifier-blocked,,,x,,x,,x,MessageStructure / ProtocolMessages,EUDI_generic,"WS, RP-PI, OID4VP-PM","🔎, WU, 📸",validators: none in PR1295; Maestro/pipeline precondition not implemented in PR1295; adapt same MessageStructure / ProtocolMessages flow with small request/assert changes; source trigger: click link / scan QR code; generated: test YAML + proper validators + area pipeline,🟠 req-class: EUDI_required; credimi: PR1295 no YAML,source: FCAF repo; no PR1295 YAML
,"=HYPERLINK(""https://github.com/eu-digital-identity-wallet/eudi-doc-functional-conformance-assessment/blob/88ab69a/docs/fcaf/suts/wallet_solution/relying_party/MessageStructure/ProtocolMessages/WS_RP_MS_ProtocolMessages__008.md"",""WS_RP_MS_ProtocolMessages_008"")",EUDI_required,🟢 ready,,,x,,x,,x,MessageStructure / ProtocolMessages,EUDI_generic,"WS, RP-PI, OID4VP-PM","🔎, WU, 📸",validators: jwt.payload_field_presence and json.field_required; preconditions: pipeline.wallet.protocol.request-object-by-value; live reference JAR contained client_id without iss and the wallet completed PID mdoc presentation,🟢 req-class: EUDI_required; credimi: PR1295 YAML ready,source: FCAF repo; PR1295 YAML
,"=HYPERLINK(""https://github.com/eu-digital-identity-wallet/eudi-doc-functional-conformance-assessment/blob/88ab69a/docs/fcaf/suts/wallet_solution/relying_party/MessageStructure/ProtocolMessages/WS_RP_MS_ProtocolMessages__009.md"",""WS_RP_MS_ProtocolMessages_009"")",EUDI_required,🟡 implemented verifier-blocked,,,x,,x,,x,MessageStructure / ProtocolMessages,EUDI_generic,"WS, RP-PI, OID4VP-PM","🔎, WU, 📸",validators: none in PR1295; Maestro/pipeline precondition not implemented in PR1295; adapt same MessageStructure / ProtocolMessages flow with small request/assert changes; source trigger: click link / scan QR code; generated: test YAML + proper validators + area pipeline,🟠 req-class: EUDI_required; credimi: PR1295 no YAML,source: FCAF repo; no PR1295 YAML
,"=HYPERLINK(""https://github.com/eu-digital-identity-wallet/eudi-doc-functional-conformance-assessment/blob/88ab69a/docs/fcaf/suts/wallet_solution/relying_party/MessageStructure/ProtocolMessages/WS_RP_MS_ProtocolMessages__010.md"",""WS_RP_MS_ProtocolMessages_010"")",EUDI_required,🟡 implemented verifier-blocked,,,x,,x,,x,MessageStructure / ProtocolMessages,EUDI_generic,"WS, RP-PI, OID4VP-PM","🔎, WU, 📸",validators: none in PR1295; Maestro/pipeline precondition not implemented in PR1295; adapt same MessageStructure / ProtocolMessages flow with small request/assert changes; source trigger: click link / scan QR code; generated: test YAML + proper validators + area pipeline,🟠 req-class: EUDI_required; credimi: PR1295 no YAML,source: FCAF repo; no PR1295 YAML
,"=HYPERLINK(""https://github.com/eu-digital-identity-wallet/eudi-doc-functional-conformance-assessment/blob/88ab69a/docs/fcaf/suts/wallet_solution/relying_party/MessageStructure/ProtocolMessages/WS_RP_MS_ProtocolMessages__011.md"",""WS_RP_MS_ProtocolMessages_011"")",EUDI_required,🟡 implemented verifier-blocked,,,x,,x,,x,MessageStructure / ProtocolMessages,EUDI_generic,"WS, RP-PI, OID4VP-PM","🔎, WU, 📸",validators: none in PR1295; Maestro/pipeline precondition not implemented in PR1295; adapt same MessageStructure / ProtocolMessages flow with small request/assert changes; source trigger: click link / scan QR code; generated: test YAML + proper validators + area pipeline,🟠 req-class: EUDI_required; credimi: PR1295 no YAML,source: FCAF repo; no PR1295 YAML
,"=HYPERLINK(""https://github.com/eu-digital-identity-wallet/eudi-doc-functional-conformance-assessment/blob/88ab69a/docs/fcaf/suts/wallet_solution/relying_party/MessageStructure/ProtocolMessages/WS_RP_MS_ProtocolMessages__012.md"",""WS_RP_MS_ProtocolMessages_012"")",EUDI_required,🟢 ready,,,x,,x,x,x,MessageStructure / ProtocolMessages,EUDI_generic,"WS, RP-PI, OID4VP-PM","CDV, 🔎, WU, 📸",validators: dcql.response_satisfies_constraints; preconditions: pipeline.dcql.credentials-match; evidence: dcql_exchange and visual_evidence,🟢 req-class: EUDI_required; credimi: PR1295 YAML ready,source: FCAF repo; PR1295 YAML
,"=HYPERLINK(""https://github.com/eu-digital-identity-wallet/eudi-doc-functional-conformance-assessment/blob/88ab69a/docs/fcaf/suts/wallet_solution/relying_party/MessageStructure/ProtocolMessages/WS_RP_MS_ProtocolMessages__013.md"",""WS_RP_MS_ProtocolMessages_013"")",EUDI_required,🟡 implemented verifier-blocked,,,x,,x,,x,MessageStructure / ProtocolMessages,EUDI_generic,"WS, RP-PI, OID4VP-PM","🔎, WU, 📸",validators: none in PR1295; Maestro/pipeline precondition not implemented in PR1295; adapt same MessageStructure / ProtocolMessages flow with small request/assert changes; source trigger: click link / scan QR code; generated: test YAML + proper validators + area pipeline,🟠 req-class: EUDI_required; credimi: PR1295 no YAML,source: FCAF repo; no PR1295 YAML
,"=HYPERLINK(""https://github.com/eu-digital-identity-wallet/eudi-doc-functional-conformance-assessment/blob/88ab69a/docs/fcaf/suts/wallet_solution/relying_party/MessageStructure/ProtocolMessages/WS_RP_MS_ProtocolMessages__014.md"",""WS_RP_MS_ProtocolMessages_014"")",EUDI_required,🟢 ready,,,x,,x,,x,MessageStructure / ProtocolMessages,EUDI_generic,"WS, RP-PI, OID4VP-PM","🔎, WU, 📸",reuses no-matching-credentials evidence to validate the access_denied response and the absence of a credential-selection flow,🟠 req-class: EUDI_required; live reference wallet execution remains required,source: FCAF repo; shared no-matching-credentials scenario
,"=HYPERLINK(""https://github.com/eu-digital-identity-wallet/eudi-doc-functional-conformance-assessment/blob/88ab69a/docs/fcaf/suts/wallet_solution/relying_party/MessageStructure/ProtocolMessages/WS_RP_MS_ProtocolMessages__015.md"",""WS_RP_MS_ProtocolMessages_015"")",EUDI_required,🟡 implemented verifier-blocked,,,x,,x,,x,MessageStructure / ProtocolMessages,EUDI_generic,"WS, RP-PI, OID4VP-PM","🔎, WU, 📸",validators: none in PR1295; Maestro/pipeline precondition not implemented in PR1295; adapt same MessageStructure / ProtocolMessages flow with small request/assert changes; source trigger: click link / scan QR code; generated: test YAML + proper validators + area pipeline,🟠 req-class: EUDI_required; credimi: PR1295 no YAML,source: FCAF repo; no PR1295 YAML
,"=HYPERLINK(""https://github.com/eu-digital-identity-wallet/eudi-doc-functional-conformance-assessment/blob/88ab69a/docs/fcaf/suts/wallet_solution/relying_party/MessageStructure/ProtocolMessages/WS_RP_MS_ProtocolMessages__016.md"",""WS_RP_MS_ProtocolMessages_016"")",EUDI_required,🟡 implemented verifier-blocked,,,x,,x,,x,MessageStructure / ProtocolMessages,EUDI_generic,"WS, RP-PI, OID4VP-PM","🔎, WU, 📸",validators: none in PR1295; Maestro/pipeline precondition not implemented in PR1295; adapt same MessageStructure / ProtocolMessages flow with small request/assert changes; source trigger: click link / scan QR code; generated: test YAML + proper validators + area pipeline,🟠 req-class: EUDI_required; credimi: PR1295 no YAML,source: FCAF repo; no PR1295 YAML
,"=HYPERLINK(""https://github.com/eu-digital-identity-wallet/eudi-doc-functional-conformance-assessment/blob/88ab69a/docs/fcaf/suts/wallet_solution/relying_party/MessageStructure/ProtocolMessages/WS_RP_MS_ProtocolMessages__017.md"",""WS_RP_MS_ProtocolMessages_017"")",EUDI_required,🟡 implemented verifier-blocked,,,x,,x,,x,MessageStructure / ProtocolMessages,EUDI_generic,"WS, RP-PI, OID4VP-PM","🔎, WU, 📸",validators: none in PR1295; Maestro/pipeline precondition not implemented in PR1295; adapt same MessageStructure / ProtocolMessages flow with small request/assert changes; source trigger: click link / scan QR code; generated: test YAML + proper validators + area pipeline,🟠 req-class: EUDI_required; credimi: PR1295 no YAML,source: FCAF repo; no PR1295 YAML
,"=HYPERLINK(""https://github.com/eu-digital-identity-wallet/eudi-doc-functional-conformance-assessment/blob/88ab69a/docs/fcaf/suts/wallet_solution/relying_party/MessageStructure/ProtocolMessages/WS_RP_MS_ProtocolMessages__018.md"",""WS_RP_MS_ProtocolMessages_018"")",EUDI_required,🟡 implemented verifier-blocked,,,x,,x,,x,MessageStructure / ProtocolMessages,EUDI_generic,"WS, RP-PI, OID4VP-PM","🔎, WU, 📸",validators: none in PR1295; Maestro/pipeline precondition not implemented in PR1295; adapt same MessageStructure / ProtocolMessages flow with small request/assert changes; source trigger: click link / scan QR code; generated: test YAML + proper validators + area pipeline,🟠 req-class: EUDI_required; credimi: PR1295 no YAML,source: FCAF repo; no PR1295 YAML
,"=HYPERLINK(""https://github.com/eu-digital-identity-wallet/eudi-doc-functional-conformance-assessment/blob/88ab69a/docs/fcaf/suts/wallet_solution/relying_party/MessageStructure/ProtocolMessages/WS_RP_MS_ProtocolMessages__019.md"",""WS_RP_MS_ProtocolMessages_019"")",EUDI_required,🟢 ready,,,x,,x,,x,MessageStructure / ProtocolMessages,EUDI_generic,"WS, RP-PI, OID4VP-PM","🔎, WU, 📸",validators: jwt.payload_field_presence and json.field_required; preconditions: pipeline.wallet.protocol.request-object-by-value; live reference JAR contained dcql_query without scope and the wallet completed PID mdoc presentation; EUDIW UI 2026.06 uses wallet core 0.28.1 whose VPConfiguration leaves knownDCQLQueriesPerScope at its empty default, so scope queries are unsupported and no scope values are defined; visual evidence: exported screenshot_urls asserted by evidence.non_empty,🟢 req-class: EUDI_required; credimi: PR1295 YAML ready,source: FCAF repo; PR1295 YAML
,"=HYPERLINK(""https://github.com/eu-digital-identity-wallet/eudi-doc-functional-conformance-assessment/blob/88ab69a/docs/fcaf/suts/wallet_solution/relying_party/MessageStructure/ProtocolMessages/WS_RP_MS_ProtocolMessages__021.md"",""WS_RP_MS_ProtocolMessages_021"")",EUDI_required,🟢 ready,,,x,,x,,x,MessageStructure / ProtocolMessages,EUDI_generic,"WS, RP-PI, OID4VP-PM","🔎, WU, 📸",reuses conflicting DCQL and scope evidence to validate the required invalid_request response,🟠 req-class: EUDI_required; live reference wallet execution remains required,source: FCAF repo; shared ProtocolMessages 141 scenario
,"=HYPERLINK(""https://github.com/eu-digital-identity-wallet/eudi-doc-functional-conformance-assessment/blob/88ab69a/docs/fcaf/suts/wallet_solution/relying_party/MessageStructure/ProtocolMessages/WS_RP_MS_ProtocolMessages__022.md"",""WS_RP_MS_ProtocolMessages_022"")",EUDI_required,🟢 ready,,,x,,x,,x,MessageStructure / ProtocolMessages,EUDI_generic,"WS, RP-PI, OID4VP-PM","🔎, WU, 📸",validators: json.field_equals and json.field_required; preconditions: pipeline.wallet.protocol.request-uri-method-get; reusable Maestro pipeline fetches the signed Request Object with request_uri_method=get and completes PID mdoc presentation; visual evidence: exported screenshot_urls asserted by evidence.non_empty,🟢 req-class: EUDI_required; credimi: PR1295 YAML ready,source: FCAF repo; PR1295 YAML
,"=HYPERLINK(""https://github.com/eu-digital-identity-wallet/eudi-doc-functional-conformance-assessment/blob/88ab69a/docs/fcaf/suts/wallet_solution/relying_party/MessageStructure/ProtocolMessages/WS_RP_MS_ProtocolMessages__023.md"",""WS_RP_MS_ProtocolMessages_023"")",EUDI_required,🟢 ready,,,x,,x,,x,MessageStructure / ProtocolMessages,EUDI_generic,"WS, RP-PI, OID4VP-PM","🔎, WU, 📸",validators: json.field_equals and json.field_required; preconditions: pipeline.wallet.protocol.request-uri-method-post; reusable Maestro pipeline fetches the signed Request Object with request_uri_method=post and completes PID mdoc presentation; visual evidence: exported screenshot_urls asserted by evidence.non_empty,🟢 req-class: EUDI_required; credimi: PR1295 YAML ready,source: FCAF repo; PR1295 YAML
,"=HYPERLINK(""https://github.com/eu-digital-identity-wallet/eudi-doc-functional-conformance-assessment/blob/88ab69a/docs/fcaf/suts/wallet_solution/relying_party/MessageStructure/ProtocolMessages/WS_RP_MS_ProtocolMessages__024.md"",""WS_RP_MS_ProtocolMessages_024"")",EUDI_required,🟢 ready,,,x,,x,,x,MessageStructure / ProtocolMessages,EUDI_generic,"WS, RP-PI, OID4VP-PM","🔎, WU, 📸",reuses unsupported transaction_data type evidence to validate the invalid_transaction_data response,🟠 req-class: EUDI_required; live reference wallet execution remains required,source: FCAF repo; shared ProtocolMessages 135 scenario
,"=HYPERLINK(""https://github.com/eu-digital-identity-wallet/eudi-doc-functional-conformance-assessment/blob/88ab69a/docs/fcaf/suts/wallet_solution/relying_party/MessageStructure/ProtocolMessages/WS_RP_MS_ProtocolMessages__025.md"",""WS_RP_MS_ProtocolMessages_025"")",EUDI_required,🟡 implemented verifier-blocked,,,x,,x,,x,MessageStructure / ProtocolMessages,EUDI_generic,"WS, RP-PI, OID4VP-PM","🔎, WU, 📸",validators: none in PR1295; Maestro/pipeline precondition not implemented in PR1295; adapt same MessageStructure / ProtocolMessages flow with small request/assert changes; source trigger: click link / scan QR code; generated: test YAML + proper validators + area pipeline,🟠 req-class: EUDI_required; credimi: PR1295 no YAML,source: FCAF repo; no PR1295 YAML
,"=HYPERLINK(""https://github.com/eu-digital-identity-wallet/eudi-doc-functional-conformance-assessment/blob/88ab69a/docs/fcaf/suts/wallet_solution/relying_party/MessageStructure/ProtocolMessages/WS_RP_MS_ProtocolMessages__026.md"",""WS_RP_MS_ProtocolMessages_026"")",EUDI_required,🟡 implemented verifier-blocked,,,x,,x,,x,MessageStructure / ProtocolMessages,EUDI_generic,"WS, RP-PI, OID4VP-PM","🔎, WU, 📸",validators: none in PR1295; Maestro/pipeline precondition not implemented in PR1295; adapt same MessageStructure / ProtocolMessages flow with small request/assert changes; source trigger: click link / scan QR code; generated: test YAML + proper validators + area pipeline,🟠 req-class: EUDI_required; credimi: PR1295 no YAML,source: FCAF repo; no PR1295 YAML
,"=HYPERLINK(""https://github.com/eu-digital-identity-wallet/eudi-doc-functional-conformance-assessment/blob/88ab69a/docs/fcaf/suts/wallet_solution/relying_party/MessageStructure/ProtocolMessages/WS_RP_MS_ProtocolMessages__027.md"",""WS_RP_MS_ProtocolMessages_027"")",EUDI_required,🟢 ready,,,x,,x,,x,MessageStructure / ProtocolMessages,EUDI_generic,"WS, RP-PI, OID4VP-PM","🔎, WU, 📸",reuses the transaction-data credential-ID mismatch flow; validator proves the signed Request Object contains a non-empty string credential ID absent from the DCQL query and the captured response must return invalid_transaction_data,🟠 req-class: EUDI_required; credimi: YAML ready,source: FCAF repo; Capture Wallet nested transaction_data probe 02/09/2026
,"=HYPERLINK(""https://github.com/eu-digital-identity-wallet/eudi-doc-functional-conformance-assessment/blob/88ab69a/docs/fcaf/suts/wallet_solution/relying_party/MessageStructure/ProtocolMessages/WS_RP_MS_ProtocolMessages__028.md"",""WS_RP_MS_ProtocolMessages_028"")",EUDI_required,🟢 ready,,,x,,x,,x,MessageStructure / ProtocolMessages,EUDI_generic,"WS, RP-PI, OID4VP-PM","🔎, WU, 📸",validator verifies every signed transaction_data credential_ids entry is a non-empty string matching a DCQL credential ID; the captured response must satisfy the DCQL query and visual evidence must be stored,🟠 req-class: EUDI_required; credimi: YAML ready,source: FCAF repo; Capture Wallet nested transaction_data probe 02/09/2026
,"=HYPERLINK(""https://github.com/eu-digital-identity-wallet/eudi-doc-functional-conformance-assessment/blob/88ab69a/docs/fcaf/suts/wallet_solution/relying_party/MessageStructure/ProtocolMessages/WS_RP_MS_ProtocolMessages__031.md"",""WS_RP_MS_ProtocolMessages_031"")",EUDI_required,🟢 ready,,,x,,x,x,x,MessageStructure / ProtocolMessages,EUDI_generic,"WS, RP-PI, OID4VP-PM","CDV, 🔎, WU, 📸",validators: json.field_required; preconditions: pipeline.wallet.protocol.request-uri-method-post; visual evidence included,🟠 req-class: EUDI_required; credimi: PR1295 catalog; path: tests,source: FCAF repo; credimi-id matches source
,"=HYPERLINK(""https://github.com/eu-digital-identity-wallet/eudi-doc-functional-conformance-assessment/blob/88ab69a/docs/fcaf/suts/wallet_solution/relying_party/MessageStructure/ProtocolMessages/WS_RP_MS_ProtocolMessages__032.md"",""WS_RP_MS_ProtocolMessages_032"")",EUDI_required,🟢 ready,,,x,,x,,x,MessageStructure / ProtocolMessages,EUDI_generic,"WS, RP-PI, OID4VP-PM","🔎, WU, 📸",reuses a by-value Request Object without state and validates that state is absent from the successful response,🟠 req-class: EUDI_required; live reference wallet execution remains required,source: FCAF repo; shared by-value Request Object scenario
,"=HYPERLINK(""https://github.com/eu-digital-identity-wallet/eudi-doc-functional-conformance-assessment/blob/88ab69a/docs/fcaf/suts/wallet_solution/relying_party/MessageStructure/ProtocolMessages/WS_RP_MS_ProtocolMessages__033.md"",""WS_RP_MS_ProtocolMessages_033"")",EUDI_required,🟡 implemented verifier-blocked,,,x,,x,,x,MessageStructure / ProtocolMessages,EUDI_generic,"WS, RP-PI, OID4VP-PM","🔎, WU, 📸",validators: none in PR1295; Maestro/pipeline precondition not implemented in PR1295; adapt same MessageStructure / ProtocolMessages flow with small request/assert changes; generated: test YAML + proper validators + area pipeline,🟠 req-class: EUDI_required; credimi: PR1295 no YAML,source: FCAF repo; no PR1295 YAML
,"=HYPERLINK(""https://github.com/eu-digital-identity-wallet/eudi-doc-functional-conformance-assessment/blob/88ab69a/docs/fcaf/suts/wallet_solution/relying_party/MessageStructure/ProtocolMessages/WS_RP_MS_ProtocolMessages__034.md"",""WS_RP_MS_ProtocolMessages_034"")",EUDI_required,🟡 implemented verifier-blocked,,,x,,x,,x,MessageStructure / ProtocolMessages,EUDI_generic,"WS, RP-PI, OID4VP-PM","🔎, WU, 📸",validators: none in PR1295; Maestro/pipeline precondition not implemented in PR1295; adapt same MessageStructure / ProtocolMessages flow with small request/assert changes; generated: test YAML + proper validators + area pipeline,🟠 req-class: EUDI_required; credimi: PR1295 no YAML,source: FCAF repo; no PR1295 YAML
,"=HYPERLINK(""https://github.com/eu-digital-identity-wallet/eudi-doc-functional-conformance-assessment/blob/88ab69a/docs/fcaf/suts/wallet_solution/relying_party/MessageStructure/ProtocolMessages/WS_RP_MS_ProtocolMessages__035.md"",""WS_RP_MS_ProtocolMessages_035"")",EUDI_required,🟢 ready,,,x,,x,,x,MessageStructure / ProtocolMessages,EUDI_generic,"WS, RP-PI, OID4VP-PM","🔎, WU, 📸",validators: jwt.payload_field_equals and json.field_required; preconditions: pipeline.wallet.protocol.request-object-by-value; live by-value Request Object uses response_type=vp_token and the wallet completed the presentation; visual evidence: exported screenshot_urls asserted by evidence.non_empty,🟢 req-class: EUDI_required; credimi: PR1295 YAML ready,source: FCAF repo; PR1295 YAML
,"=HYPERLINK(""https://github.com/eu-digital-identity-wallet/eudi-doc-functional-conformance-assessment/blob/88ab69a/docs/fcaf/suts/wallet_solution/relying_party/MessageStructure/ProtocolMessages/WS_RP_MS_ProtocolMessages__036.md"",""WS_RP_MS_ProtocolMessages_036"")",EUDI_required,🟢 ready,,,x,,x,,x,MessageStructure / ProtocolMessages,EUDI_generic,"WS, RP-PI, OID4VP-PM","🔎, WU, 📸",validators: jwt.payload_field_equals; json.field_required; dcql.response_satisfies_constraints; preconditions: request-object-by-value plus DCQL multiple credentials, credential_sets, and claim_sets pipelines; verifies response_type=vp_token and successful vp_token responses across four query shapes; visual evidence: exported screenshot_urls asserted by evidence.non_empty,🟢 req-class: EUDI_required; credimi: PR1295 YAML ready,source: FCAF repo; PR1295 YAML
,"=HYPERLINK(""https://github.com/eu-digital-identity-wallet/eudi-doc-functional-conformance-assessment/blob/88ab69a/docs/fcaf/suts/wallet_solution/relying_party/MessageStructure/ProtocolMessages/WS_RP_MS_ProtocolMessages__037.md"",""WS_RP_MS_ProtocolMessages_037"")",EUDI_required,🟢 ready,,,x,,x,,x,MessageStructure / ProtocolMessages,EUDI_generic,"WS, RP-PI, OID4VP-PM","🔎, WU, 📸",validators: jwt.payload_field_equals and json.field_presence; preconditions: pipeline.wallet.protocol.request-object-by-value; verifies the vp_token response excludes code, access_token, and token_type; visual evidence: exported screenshot_urls asserted by evidence.non_empty,🟢 req-class: EUDI_required; credimi: PR1295 YAML ready,source: FCAF repo; PR1295 YAML
,"=HYPERLINK(""https://github.com/eu-digital-identity-wallet/eudi-doc-functional-conformance-assessment/blob/88ab69a/docs/fcaf/suts/wallet_solution/relying_party/MessageStructure/ProtocolMessages/WS_RP_MS_ProtocolMessages__039.md"",""WS_RP_MS_ProtocolMessages_039"")",EUDI_required,🟡 implemented verifier-blocked,,,x,,x,,x,MessageStructure / ProtocolMessages,EUDI_generic,"WS, RP-PI, OID4VP-PM","🔎, WU, 📸",validators: none in PR1295; Maestro/pipeline precondition not implemented in PR1295; adapt same MessageStructure / ProtocolMessages flow with small request/assert changes; source trigger: click link / scan QR code; generated: test YAML + proper validators + area pipeline,🟠 req-class: EUDI_required; credimi: PR1295 no YAML,source: FCAF repo; no PR1295 YAML
,"=HYPERLINK(""https://github.com/eu-digital-identity-wallet/eudi-doc-functional-conformance-assessment/blob/88ab69a/docs/fcaf/suts/wallet_solution/relying_party/MessageStructure/ProtocolMessages/WS_RP_MS_ProtocolMessages__041.md"",""WS_RP_MS_ProtocolMessages_041"")",EUDI_required,🟡 implemented verifier-blocked,,,x,,x,,x,MessageStructure / ProtocolMessages,EUDI_generic,"WS, RP-PI, OID4VP-PM","🔎, WU, 📸",validators: none in PR1295; Maestro/pipeline precondition not implemented in PR1295; adapt same MessageStructure / ProtocolMessages flow with small request/assert changes; source trigger: click link / scan QR code; generated: test YAML + proper validators + area pipeline,🟠 req-class: EUDI_required; credimi: PR1295 no YAML,source: FCAF repo; no PR1295 YAML
,"=HYPERLINK(""https://github.com/eu-digital-identity-wallet/eudi-doc-functional-conformance-assessment/blob/88ab69a/docs/fcaf/suts/wallet_solution/relying_party/MessageStructure/ProtocolMessages/WS_RP_MS_ProtocolMessages__042.md"",""WS_RP_MS_ProtocolMessages_042"")",EUDI_required,🟡 implemented verifier-blocked,,,x,,x,,x,MessageStructure / ProtocolMessages,EUDI_generic,"WS, RP-PI, OID4VP-PM","🔎, WU, 📸",validators: none in PR1295; Maestro/pipeline precondition not implemented in PR1295; adapt same MessageStructure / ProtocolMessages flow with small request/assert changes; source trigger: click link / scan QR code; generated: test YAML + proper validators + area pipeline,🟠 req-class: EUDI_required; credimi: PR1295 no YAML,source: FCAF repo; no PR1295 YAML
,"=HYPERLINK(""https://github.com/eu-digital-identity-wallet/eudi-doc-functional-conformance-assessment/blob/88ab69a/docs/fcaf/suts/wallet_solution/relying_party/MessageStructure/ProtocolMessages/WS_RP_MS_ProtocolMessages__043.md"",""WS_RP_MS_ProtocolMessages_043"")",EUDI_required,🟡 implemented verifier-blocked,,,x,,x,,x,MessageStructure / ProtocolMessages,EUDI_generic,"WS, RP-PI, OID4VP-PM","🔎, WU, 📸",validators: none in PR1295; Maestro/pipeline precondition not implemented in PR1295; adapt same MessageStructure / ProtocolMessages flow with small request/assert changes; source trigger: click link / scan QR code; generated: test YAML + proper validators + area pipeline,🟠 req-class: EUDI_required; credimi: PR1295 no YAML,source: FCAF repo; no PR1295 YAML
,"=HYPERLINK(""https://github.com/eu-digital-identity-wallet/eudi-doc-functional-conformance-assessment/blob/88ab69a/docs/fcaf/suts/wallet_solution/relying_party/MessageStructure/ProtocolMessages/WS_RP_MS_ProtocolMessages__044.md"",""WS_RP_MS_ProtocolMessages_044"")",EUDI_required,🟡 implemented verifier-blocked,,,x,,x,,x,MessageStructure / ProtocolMessages,EUDI_generic,"WS, RP-PI, OID4VP-PM","🔎, WU, 📸",validators: none in PR1295; Maestro/pipeline precondition not implemented in PR1295; adapt same MessageStructure / ProtocolMessages flow with small request/assert changes; source trigger: click link / scan QR code; generated: test YAML + proper validators + area pipeline,🟠 req-class: EUDI_required; credimi: PR1295 no YAML,source: FCAF repo; no PR1295 YAML
,"=HYPERLINK(""https://github.com/eu-digital-identity-wallet/eudi-doc-functional-conformance-assessment/blob/88ab69a/docs/fcaf/suts/wallet_solution/relying_party/MessageStructure/ProtocolMessages/WS_RP_MS_ProtocolMessages__045.md"",""WS_RP_MS_ProtocolMessages_045"")",EUDI_required,🟢 ready,,,x,,x,,x,MessageStructure / ProtocolMessages,EUDI_generic,"WS, RP-PI, OID4VP-PM","🔎, WU, 📸",validator: oid4vp.wallet_nonce_matches_request_object; shared capture-wallet request_uri_method=post flow requires the Wallet POST wallet_nonce to match the returned signed Request Object claim; successful DCQL response and stored visual evidence remain required,🟢 req-class: EUDI_required; Credimi scenario and test YAML,source: FCAF repo; shared dcql protocol-messages scenario
,"=HYPERLINK(""https://github.com/eu-digital-identity-wallet/eudi-doc-functional-conformance-assessment/blob/88ab69a/docs/fcaf/suts/wallet_solution/relying_party/MessageStructure/ProtocolMessages/WS_RP_MS_ProtocolMessages__046.md"",""WS_RP_MS_ProtocolMessages_046"")",EUDI_required,🟡 implemented verifier-blocked,,,x,,x,,x,MessageStructure / ProtocolMessages,EUDI_generic,"WS, RP-PI, OID4VP-PM","🔎, WU, 📸",validators: none in PR1295; Maestro/pipeline precondition not implemented in PR1295; adapt same MessageStructure / ProtocolMessages flow with small request/assert changes; source trigger: click link / scan QR code; generated: test YAML + proper validators + area pipeline,🟠 req-class: EUDI_required; credimi: PR1295 no YAML,source: FCAF repo; no PR1295 YAML
,"=HYPERLINK(""https://github.com/eu-digital-identity-wallet/eudi-doc-functional-conformance-assessment/blob/88ab69a/docs/fcaf/suts/wallet_solution/relying_party/MessageStructure/ProtocolMessages/WS_RP_MS_ProtocolMessages__047.md"",""WS_RP_MS_ProtocolMessages_047"")",EUDI_required,🟡 implemented verifier-blocked,,,x,,x,,x,MessageStructure / ProtocolMessages,EUDI_generic,"WS, RP-PI, OID4VP-PM","🔎, WU, 📸",validators: none in PR1295; Maestro/pipeline precondition not implemented in PR1295; adapt same MessageStructure / ProtocolMessages flow with small request/assert changes; source trigger: click link / scan QR code; generated: test YAML + proper validators + area pipeline,🟠 req-class: EUDI_required; credimi: PR1295 no YAML,source: FCAF repo; no PR1295 YAML
,"=HYPERLINK(""https://github.com/eu-digital-identity-wallet/eudi-doc-functional-conformance-assessment/blob/88ab69a/docs/fcaf/suts/wallet_solution/relying_party/MessageStructure/ProtocolMessages/WS_RP_MS_ProtocolMessages__048.md"",""WS_RP_MS_ProtocolMessages_048"")",EUDI_required,🟡 implemented verifier-blocked,,,x,,x,,x,MessageStructure / ProtocolMessages,EUDI_generic,"WS, RP-PI, OID4VP-PM","🔎, WU, 📸",validators: none in PR1295; Maestro/pipeline precondition not implemented in PR1295; adapt same MessageStructure / ProtocolMessages flow with small request/assert changes; source trigger: click link / scan QR code; generated: test YAML + proper validators + area pipeline,🟠 req-class: EUDI_required; credimi: PR1295 no YAML,source: FCAF repo; no PR1295 YAML
,"=HYPERLINK(""https://github.com/eu-digital-identity-wallet/eudi-doc-functional-conformance-assessment/blob/88ab69a/docs/fcaf/suts/wallet_solution/relying_party/MessageStructure/ProtocolMessages/WS_RP_MS_ProtocolMessages__049.md"",""WS_RP_MS_ProtocolMessages_049"")",EUDI_required,🟡 implemented verifier-blocked,,,x,,x,,x,MessageStructure / ProtocolMessages,EUDI_generic,"WS, RP-PI, OID4VP-PM","🔎, WU, 📸",validators: none in PR1295; Maestro/pipeline precondition not implemented in PR1295; adapt same MessageStructure / ProtocolMessages flow with small request/assert changes; source trigger: click link / scan QR code; generated: test YAML + proper validators + area pipeline,🟠 req-class: EUDI_required; credimi: PR1295 no YAML,source: FCAF repo; no PR1295 YAML
,"=HYPERLINK(""https://github.com/eu-digital-identity-wallet/eudi-doc-functional-conformance-assessment/blob/88ab69a/docs/fcaf/suts/wallet_solution/relying_party/MessageStructure/ProtocolMessages/WS_RP_MS_ProtocolMessages__050.md"",""WS_RP_MS_ProtocolMessages_050"")",EUDI_required,🟢 ready,,,x,,x,,x,MessageStructure / ProtocolMessages,EUDI_generic,"WS, RP-PI, OID4VP-PM","🔎, WU, 📸",validator: oid4vp.client_id_matches_request_object; shared successful DCQL flow retrieves the outer deeplink and signed Request Object and requires their client_id values to match exactly, including the Client Identifier Prefix; successful DCQL response and stored visual evidence remain required,🟢 req-class: EUDI_required; Credimi scenario and test YAML,source: FCAF repo; shared dcql protocol-messages scenario
,"=HYPERLINK(""https://github.com/eu-digital-identity-wallet/eudi-doc-functional-conformance-assessment/blob/88ab69a/docs/fcaf/suts/wallet_solution/relying_party/MessageStructure/ProtocolMessages/WS_RP_MS_ProtocolMessages__051.md"",""WS_RP_MS_ProtocolMessages_051"")",EUDI_required,🟡 implemented verifier-blocked,,,x,,x,,x,MessageStructure / ProtocolMessages,EUDI_generic,"WS, RP-PI, OID4VP-PM","🔎, WU, 📸",validators: none in PR1295; Maestro/pipeline precondition not implemented in PR1295; adapt same MessageStructure / ProtocolMessages flow with small request/assert changes; source trigger: click link / scan QR code; generated: test YAML + proper validators + area pipeline,🟠 req-class: EUDI_required; credimi: PR1295 no YAML,source: FCAF repo; no PR1295 YAML
,"=HYPERLINK(""https://github.com/eu-digital-identity-wallet/eudi-doc-functional-conformance-assessment/blob/88ab69a/docs/fcaf/suts/wallet_solution/relying_party/MessageStructure/ProtocolMessages/WS_RP_MS_ProtocolMessages__052.md"",""WS_RP_MS_ProtocolMessages_052"")",EUDI_required,🟢 ready,,,x,,x,,x,MessageStructure / ProtocolMessages,EUDI_generic,"WS, RP-PI, OID4VP-PM","🔎, WU, 📸",validators: dcql.response_satisfies_constraints; preconditions: pipeline.dcql.credentials-match; verifies a non-empty credentials array with valid identified entries and a matching vp_token presentation for every entry; visual evidence: exported screenshot_urls asserted by evidence.non_empty,🟢 req-class: EUDI_required; credimi: PR1295 YAML ready,source: FCAF repo; PR1295 YAML
,"=HYPERLINK(""https://github.com/eu-digital-identity-wallet/eudi-doc-functional-conformance-assessment/blob/88ab69a/docs/fcaf/suts/wallet_solution/relying_party/MessageStructure/ProtocolMessages/WS_RP_MS_ProtocolMessages__053.md"",""WS_RP_MS_ProtocolMessages_053"")",EUDI_required,🟡 implemented verifier-blocked,,,x,,x,,x,MessageStructure / ProtocolMessages,EUDI_generic,"WS, RP-PI, OID4VP-PM","🔎, WU, 📸",validators: none in PR1295; Maestro/pipeline precondition not implemented in PR1295; adapt same MessageStructure / ProtocolMessages flow with small request/assert changes; generated: test YAML + proper validators + area pipeline,🟠 req-class: EUDI_required; credimi: PR1295 no YAML,source: FCAF repo; no PR1295 YAML
,"=HYPERLINK(""https://github.com/eu-digital-identity-wallet/eudi-doc-functional-conformance-assessment/blob/88ab69a/docs/fcaf/suts/wallet_solution/relying_party/MessageStructure/ProtocolMessages/WS_RP_MS_ProtocolMessages__054.md"",""WS_RP_MS_ProtocolMessages_054"")",EUDI_required,🟢 ready,,,x,,x,,x,MessageStructure / ProtocolMessages,EUDI_generic,"WS, RP-PI, OID4VP-PM","🔎, WU, 📸",capture-wallet session sends a DCQL query with credentials omitted; validation requires an invalid_request response and stored Wallet visual evidence,🟢 req-class: EUDI_required; credimi: dedicated capture-wallet scenario and exact aggregate evidence binding,source: FCAF repo
,"=HYPERLINK(""https://github.com/eu-digital-identity-wallet/eudi-doc-functional-conformance-assessment/blob/88ab69a/docs/fcaf/suts/wallet_solution/relying_party/MessageStructure/ProtocolMessages/WS_RP_MS_ProtocolMessages__055.md"",""WS_RP_MS_ProtocolMessages_055"")",EUDI_required,🟢 ready,,,x,,x,,x,MessageStructure / ProtocolMessages,EUDI_generic,"WS, RP-PI, OID4VP-PM","🔎, WU, 📸",capture-wallet session sends an empty DCQL credentials array; validation requires invalid_request and stored Wallet visual evidence,🟢 req-class: EUDI_required; credimi: dedicated capture-wallet scenario and exact aggregate evidence binding,source: FCAF repo
,"=HYPERLINK(""https://github.com/eu-digital-identity-wallet/eudi-doc-functional-conformance-assessment/blob/88ab69a/docs/fcaf/suts/wallet_solution/relying_party/MessageStructure/ProtocolMessages/WS_RP_MS_ProtocolMessages__056.md"",""WS_RP_MS_ProtocolMessages_056"")",EUDI_required,🟢 ready,,,x,,x,,x,MessageStructure / ProtocolMessages,EUDI_generic,"WS, RP-PI, OID4VP-PM","🔎, WU, 📸",capture-wallet session sends a non-array DCQL credentials value; validation requires invalid_request and stored Wallet visual evidence,🟢 req-class: EUDI_required; credimi: dedicated capture-wallet scenario and exact aggregate evidence binding,source: FCAF repo
,"=HYPERLINK(""https://github.com/eu-digital-identity-wallet/eudi-doc-functional-conformance-assessment/blob/88ab69a/docs/fcaf/suts/wallet_solution/relying_party/MessageStructure/ProtocolMessages/WS_RP_MS_ProtocolMessages__057.md"",""WS_RP_MS_ProtocolMessages_057"")",EUDI_required,🟢 ready,,,x,,x,,x,MessageStructure / ProtocolMessages,EUDI_generic,"WS, RP-PI, OID4VP-PM","🔎, WU, 📸",validators: dcql.response_satisfies_constraints; preconditions: pipeline.dcql.credentials-match; proves credential_sets is absent while valid credential entries still produce matching vp_token presentations; visual evidence: exported screenshot_urls asserted by evidence.non_empty,🟢 req-class: EUDI_required; credimi: PR1295 YAML ready,source: FCAF repo; PR1295 YAML
,"=HYPERLINK(""https://github.com/eu-digital-identity-wallet/eudi-doc-functional-conformance-assessment/blob/88ab69a/docs/fcaf/suts/wallet_solution/relying_party/MessageStructure/ProtocolMessages/WS_RP_MS_ProtocolMessages__058.md"",""WS_RP_MS_ProtocolMessages_058"")",EUDI_required,🟡 implemented verifier-blocked,,,x,,x,,x,MessageStructure / ProtocolMessages,EUDI_generic,"WS, RP-PI, OID4VP-PM","🔎, WU, 📸",validators: none in PR1295; Maestro/pipeline precondition not implemented in PR1295; adapt same MessageStructure / ProtocolMessages flow with small request/assert changes; generated: test YAML + proper validators + area pipeline,🟠 req-class: EUDI_required; credimi: PR1295 no YAML,source: FCAF repo; no PR1295 YAML
,"=HYPERLINK(""https://github.com/eu-digital-identity-wallet/eudi-doc-functional-conformance-assessment/blob/88ab69a/docs/fcaf/suts/wallet_solution/relying_party/MessageStructure/ProtocolMessages/WS_RP_MS_ProtocolMessages__059.md"",""WS_RP_MS_ProtocolMessages_059"")",EUDI_required,🟢 ready,,,x,,x,,x,MessageStructure / ProtocolMessages,EUDI_generic,"WS, RP-PI, OID4VP-PM","🔎, WU, 📸",valid PID DCQL request includes an unknown top-level property; validation proves its presence and the successful Wallet response,🟢 req-class: EUDI_required; credimi: dedicated exact aggregate evidence binding,source: FCAF repo
,"=HYPERLINK(""https://github.com/eu-digital-identity-wallet/eudi-doc-functional-conformance-assessment/blob/88ab69a/docs/fcaf/suts/wallet_solution/relying_party/MessageStructure/ProtocolMessages/WS_RP_MS_ProtocolMessages__060.md"",""WS_RP_MS_ProtocolMessages_060"")",EUDI_required,🟢 ready,,,x,,x,,x,MessageStructure / ProtocolMessages,EUDI_generic,"WS, RP-PI, OID4VP-PM","🔎, WU, 📸",valid PID DCQL request includes an unknown nested credential property; validation proves its presence and the successful Wallet response,🟢 req-class: EUDI_required; credimi: dedicated exact aggregate evidence binding,source: FCAF repo
,"=HYPERLINK(""https://github.com/eu-digital-identity-wallet/eudi-doc-functional-conformance-assessment/blob/88ab69a/docs/fcaf/suts/wallet_solution/relying_party/MessageStructure/ProtocolMessages/WS_RP_MS_ProtocolMessages__061.md"",""WS_RP_MS_ProtocolMessages_061"")",EUDI_required,🟡 implemented verifier-blocked,,,x,,x,,x,MessageStructure / ProtocolMessages,EUDI_generic,"WS, RP-PI, OID4VP-PM","🔎, WU, 📸",validators: none in PR1295; Maestro/pipeline precondition not implemented in PR1295; adapt same MessageStructure / ProtocolMessages flow with small request/assert changes; generated: test YAML + proper validators + area pipeline,🟠 req-class: EUDI_required; credimi: PR1295 no YAML,source: FCAF repo; no PR1295 YAML
,"=HYPERLINK(""https://github.com/eu-digital-identity-wallet/eudi-doc-functional-conformance-assessment/blob/88ab69a/docs/fcaf/suts/wallet_solution/relying_party/MessageStructure/ProtocolMessages/WS_RP_MS_ProtocolMessages__062.md"",""WS_RP_MS_ProtocolMessages_062"")",EUDI_required,🟡 implemented verifier-blocked,,,x,,x,,x,MessageStructure / ProtocolMessages,EUDI_generic,"WS, RP-PI, OID4VP-PM","🔎, WU, 📸",validators: none in PR1295; Maestro/pipeline precondition not implemented in PR1295; adapt same MessageStructure / ProtocolMessages flow with small request/assert changes; generated: test YAML + proper validators + area pipeline,🟠 req-class: EUDI_required; credimi: PR1295 no YAML,source: FCAF repo; no PR1295 YAML
,"=HYPERLINK(""https://github.com/eu-digital-identity-wallet/eudi-doc-functional-conformance-assessment/blob/88ab69a/docs/fcaf/suts/wallet_solution/relying_party/MessageStructure/ProtocolMessages/WS_RP_MS_ProtocolMessages__063.md"",""WS_RP_MS_ProtocolMessages_063"")",EUDI_required,🟡 implemented verifier-blocked,,,x,,x,,x,MessageStructure / ProtocolMessages,EUDI_generic,"WS, RP-PI, OID4VP-PM","🔎, WU, 📸",validators: none in PR1295; Maestro/pipeline precondition not implemented in PR1295; adapt same MessageStructure / ProtocolMessages flow with small request/assert changes; generated: test YAML + proper validators + area pipeline,🟠 req-class: EUDI_required; credimi: PR1295 no YAML,source: FCAF repo; no PR1295 YAML
,"=HYPERLINK(""https://github.com/eu-digital-identity-wallet/eudi-doc-functional-conformance-assessment/blob/88ab69a/docs/fcaf/suts/wallet_solution/relying_party/MessageStructure/ProtocolMessages/WS_RP_MS_ProtocolMessages__064.md"",""WS_RP_MS_ProtocolMessages_064"")",EUDI_required,🟢 ready,,,x,,x,,x,MessageStructure / ProtocolMessages,EUDI_generic,"WS, RP-PI, OID4VP-PM","🔎, WU, 📸",validators: dcql.response_satisfies_constraints; independent preconditions: pipeline.dcql.valid-id-alphanumeric uses pididentity01 and pipeline.dcql.valid-id-special uses pid_birth-02; each request validates the id grammar and independently requires a matching vp_token presentation; visual evidence: exported screenshot_urls asserted by evidence.non_empty,🟢 req-class: EUDI_required; credimi: PR1295 YAML ready,source: FCAF repo; PR1295 YAML
,"=HYPERLINK(""https://github.com/eu-digital-identity-wallet/eudi-doc-functional-conformance-assessment/blob/88ab69a/docs/fcaf/suts/wallet_solution/relying_party/MessageStructure/ProtocolMessages/WS_RP_MS_ProtocolMessages__065.md"",""WS_RP_MS_ProtocolMessages_065"")",EUDI_required,🟡 implemented verifier-blocked,,,x,,x,,x,MessageStructure / ProtocolMessages,EUDI_generic,"WS, RP-PI, OID4VP-PM","🔎, WU, 📸",validators: none in PR1295; Maestro/pipeline precondition not implemented in PR1295; adapt same MessageStructure / ProtocolMessages flow with small request/assert changes; generated: test YAML + proper validators + area pipeline,🟠 req-class: EUDI_required; credimi: PR1295 no YAML,source: FCAF repo; no PR1295 YAML
,"=HYPERLINK(""https://github.com/eu-digital-identity-wallet/eudi-doc-functional-conformance-assessment/blob/88ab69a/docs/fcaf/suts/wallet_solution/relying_party/MessageStructure/ProtocolMessages/WS_RP_MS_ProtocolMessages__066.md"",""WS_RP_MS_ProtocolMessages_066"")",EUDI_required,🟡 implemented verifier-blocked,,,x,,x,,x,MessageStructure / ProtocolMessages,EUDI_generic,"WS, RP-PI, OID4VP-PM","🔎, WU, 📸",validators: none in PR1295; Maestro/pipeline precondition not implemented in PR1295; adapt same MessageStructure / ProtocolMessages flow with small request/assert changes; generated: test YAML + proper validators + area pipeline,🟠 req-class: EUDI_required; credimi: PR1295 no YAML,source: FCAF repo; no PR1295 YAML
,"=HYPERLINK(""https://github.com/eu-digital-identity-wallet/eudi-doc-functional-conformance-assessment/blob/88ab69a/docs/fcaf/suts/wallet_solution/relying_party/MessageStructure/ProtocolMessages/WS_RP_MS_ProtocolMessages__067.md"",""WS_RP_MS_ProtocolMessages_067"")",EUDI_required,🟢 ready,,,x,,x,,x,MessageStructure / ProtocolMessages,EUDI_generic,"WS, RP-PI, OID4VP-PM","🔎, WU, 📸",validators: dcql.response_satisfies_constraints; independent preconditions exercise dc+sd-jwt and mso_mdoc; each query validates format-specific meta and independently requires a matching vp_token presentation; visual evidence: exported screenshot_urls asserted by evidence.non_empty,🟢 req-class: EUDI_required; credimi: PR1295 YAML ready,source: FCAF repo; PR1295 YAML
,"=HYPERLINK(""https://github.com/eu-digital-identity-wallet/eudi-doc-functional-conformance-assessment/blob/88ab69a/docs/fcaf/suts/wallet_solution/relying_party/MessageStructure/ProtocolMessages/WS_RP_MS_ProtocolMessages__068.md"",""WS_RP_MS_ProtocolMessages_068"")",EUDI_required,🟡 implemented verifier-blocked,,,x,,x,,x,MessageStructure / ProtocolMessages,EUDI_generic,"WS, RP-PI, OID4VP-PM","🔎, WU, 📸",validators: none in PR1295; Maestro/pipeline precondition not implemented in PR1295; adapt same MessageStructure / ProtocolMessages flow with small request/assert changes; generated: test YAML + proper validators + area pipeline,🟠 req-class: EUDI_required; credimi: PR1295 no YAML,source: FCAF repo; no PR1295 YAML
,"=HYPERLINK(""https://github.com/eu-digital-identity-wallet/eudi-doc-functional-conformance-assessment/blob/88ab69a/docs/fcaf/suts/wallet_solution/relying_party/MessageStructure/ProtocolMessages/WS_RP_MS_ProtocolMessages__069.md"",""WS_RP_MS_ProtocolMessages_069"")",EUDI_required,🟡 implemented verifier-blocked,,,x,,x,,x,MessageStructure / ProtocolMessages,EUDI_generic,"WS, RP-PI, OID4VP-PM","🔎, WU, 📸",validators: none in PR1295; Maestro/pipeline precondition not implemented in PR1295; adapt same MessageStructure / ProtocolMessages flow with small request/assert changes; generated: test YAML + proper validators + area pipeline,🟠 req-class: EUDI_required; credimi: PR1295 no YAML,source: FCAF repo; no PR1295 YAML
,"=HYPERLINK(""https://github.com/eu-digital-identity-wallet/eudi-doc-functional-conformance-assessment/blob/88ab69a/docs/fcaf/suts/wallet_solution/relying_party/MessageStructure/ProtocolMessages/WS_RP_MS_ProtocolMessages__070.md"",""WS_RP_MS_ProtocolMessages_070"")",EUDI_required,🟢 ready,,,x,,x,,x,MessageStructure / ProtocolMessages,EUDI_generic,"WS, RP-PI, OID4VP-PM","🔎, WU, 📸",validators: dcql.response_satisfies_constraints; preconditions: pipeline.dcql.credentials-match with multiple matching PID credentials; proves multiple is omitted and exactly one presentation is returned per credential query id; visual evidence: exported screenshot_urls asserted by evidence.non_empty,🟢 req-class: EUDI_required; credimi: PR1295 YAML ready,source: FCAF repo; PR1295 YAML
,"=HYPERLINK(""https://github.com/eu-digital-identity-wallet/eudi-doc-functional-conformance-assessment/blob/88ab69a/docs/fcaf/suts/wallet_solution/relying_party/MessageStructure/ProtocolMessages/WS_RP_MS_ProtocolMessages__071.md"",""WS_RP_MS_ProtocolMessages_071"")",EUDI_required,🟢 ready,,,x,,x,,x,MessageStructure / ProtocolMessages,EUDI_generic,"WS, RP-PI, OID4VP-PM","🔎, WU, 📸",validators: dcql.response_satisfies_constraints and evidence.non_empty; preconditions: pipeline.dcql.multiple-true exports protocol and screenshot URL evidence; proves multiple is true, at least two presentations are returned, and stored selection/submission screenshots are present,🟢 req-class: EUDI_required; credimi: PR1295 YAML ready,source: FCAF repo; PR1295 YAML
,"=HYPERLINK(""https://github.com/eu-digital-identity-wallet/eudi-doc-functional-conformance-assessment/blob/88ab69a/docs/fcaf/suts/wallet_solution/relying_party/MessageStructure/ProtocolMessages/WS_RP_MS_ProtocolMessages__072.md"",""WS_RP_MS_ProtocolMessages_072"")",EUDI_required,🟢 ready,,,x,,x,,x,MessageStructure / ProtocolMessages,EUDI_generic,"WS, RP-PI, OID4VP-PM","🔎, WU, 📸",validator: oid4vp.dcql_multiple_non_boolean; Capture Wallet delivers the malformed multiple value in its signed Request Object and the test requires an invalid_request error or a credential-free discontinuation plus stored visual evidence,🟢 req-class: EUDI_required; Credimi scenario and test YAML,source: FCAF repo; dedicated dcql multiple-non-boolean scenario
,"=HYPERLINK(""https://github.com/eu-digital-identity-wallet/eudi-doc-functional-conformance-assessment/blob/88ab69a/docs/fcaf/suts/wallet_solution/relying_party/MessageStructure/ProtocolMessages/WS_RP_MS_ProtocolMessages__073.md"",""WS_RP_MS_ProtocolMessages_073"")",EUDI_required,🟢 ready,,,x,,x,,x,MessageStructure / ProtocolMessages,EUDI_generic,"WS, RP-PI, OID4VP-PM","🔎, WU, 📸",validators: dcql.response_satisfies_constraints and evidence.non_empty; independent pipelines use identical format, id, and claims while only VCT meta changes; requires a credential only for matching meta and stored screenshots for both paths,🟢 req-class: EUDI_required; credimi: PR1295 YAML ready,source: FCAF repo; PR1295 YAML
,"=HYPERLINK(""https://github.com/eu-digital-identity-wallet/eudi-doc-functional-conformance-assessment/blob/88ab69a/docs/fcaf/suts/wallet_solution/relying_party/MessageStructure/ProtocolMessages/WS_RP_MS_ProtocolMessages__074.md"",""WS_RP_MS_ProtocolMessages_074"")",EUDI_required,🟢 ready,,,x,,x,,x,MessageStructure / ProtocolMessages,EUDI_generic,"WS, RP-PI, OID4VP-PM","🔎, WU, 📸",validator: oid4vp.dcql_meta_format_mismatch; Capture Wallet delivers the mdoc doctype_value metadata with an SD-JWT credential format and the test requires an invalid_request error or a credential-free discontinuation plus stored visual evidence,🟢 req-class: EUDI_required; Credimi scenario and test YAML,source: FCAF repo; dedicated dcql meta-format-mismatch scenario
,"=HYPERLINK(""https://github.com/eu-digital-identity-wallet/eudi-doc-functional-conformance-assessment/blob/88ab69a/docs/fcaf/suts/wallet_solution/relying_party/MessageStructure/ProtocolMessages/WS_RP_MS_ProtocolMessages__075.md"",""WS_RP_MS_ProtocolMessages_075"")",EUDI_required,🟢 ready,,,x,,x,,x,MessageStructure / ProtocolMessages,EUDI_generic,"WS, RP-PI, OID4VP-PM","🔎, WU, 📸",validator: oid4vp.dcql_meta_omitted; Capture Wallet delivers a DCQL credential without meta in its signed Request Object and the test requires an invalid_request error or a credential-free discontinuation plus stored visual evidence,🟢 req-class: EUDI_required; Credimi scenario and test YAML,source: FCAF repo; dedicated dcql meta-omitted scenario
,"=HYPERLINK(""https://github.com/eu-digital-identity-wallet/eudi-doc-functional-conformance-assessment/blob/88ab69a/docs/fcaf/suts/wallet_solution/relying_party/MessageStructure/ProtocolMessages/WS_RP_MS_ProtocolMessages__076.md"",""WS_RP_MS_ProtocolMessages_076"")",EUDI_required,🟢 ready,,,x,,x,,x,MessageStructure / ProtocolMessages,EUDI_generic,"WS, RP-PI, OID4VP-PM","🔎, WU, 📸",validator: oid4vp.dcql_meta_empty; Capture Wallet delivers an empty DCQL meta object in its signed Request Object and the test requires a matching credential response plus stored visual evidence,🟢 req-class: EUDI_required; Credimi scenario and test YAML,source: FCAF repo; dedicated dcql meta-empty scenario
,"=HYPERLINK(""https://github.com/eu-digital-identity-wallet/eudi-doc-functional-conformance-assessment/blob/88ab69a/docs/fcaf/suts/wallet_solution/relying_party/MessageStructure/ProtocolMessages/WS_RP_MS_ProtocolMessages__077.md"",""WS_RP_MS_ProtocolMessages_077"")",EUDI_required,🟢 ready,,,x,,x,,x,MessageStructure / ProtocolMessages,EUDI_generic,"WS, RP-PI, OID4VP-PM","🔎, WU, 📸",validator: oid4vp.dcql_trusted_authorities_empty; Capture Wallet delivers an empty trusted_authorities array in its signed Request Object and the test requires an invalid_request error or a credential-free discontinuation plus stored visual evidence,🟢 req-class: EUDI_required; Credimi scenario and test YAML,source: FCAF repo; dedicated trusted-authorities-empty scenario
,"=HYPERLINK(""https://github.com/eu-digital-identity-wallet/eudi-doc-functional-conformance-assessment/blob/88ab69a/docs/fcaf/suts/wallet_solution/relying_party/MessageStructure/ProtocolMessages/WS_RP_MS_ProtocolMessages__078.md"",""WS_RP_MS_ProtocolMessages_078"")",EUDI_required,🟡 implemented verifier-blocked,,,x,,x,,x,MessageStructure / ProtocolMessages,EUDI_generic,"WS, RP-PI, OID4VP-PM","🔎, WU, 📸",validators: none in PR1295; Maestro/pipeline precondition not implemented in PR1295; adapt same MessageStructure / ProtocolMessages flow with small request/assert changes; generated: test YAML + proper validators + area pipeline,🟠 req-class: EUDI_required; credimi: PR1295 no YAML,source: FCAF repo; no PR1295 YAML
,"=HYPERLINK(""https://github.com/eu-digital-identity-wallet/eudi-doc-functional-conformance-assessment/blob/88ab69a/docs/fcaf/suts/wallet_solution/relying_party/MessageStructure/ProtocolMessages/WS_RP_MS_ProtocolMessages__079.md"",""WS_RP_MS_ProtocolMessages_079"")",EUDI_required,🟡 implemented verifier-blocked,,,x,,x,,x,MessageStructure / ProtocolMessages,EUDI_generic,"WS, RP-PI, OID4VP-PM","🔎, WU, 📸",validators: none in PR1295; Maestro/pipeline precondition not implemented in PR1295; adapt same MessageStructure / ProtocolMessages flow with small request/assert changes; generated: test YAML + proper validators + area pipeline,🟠 req-class: EUDI_required; credimi: PR1295 no YAML,source: FCAF repo; no PR1295 YAML
,"=HYPERLINK(""https://github.com/eu-digital-identity-wallet/eudi-doc-functional-conformance-assessment/blob/88ab69a/docs/fcaf/suts/wallet_solution/relying_party/MessageStructure/ProtocolMessages/WS_RP_MS_ProtocolMessages__080.md"",""WS_RP_MS_ProtocolMessages_080"")",EUDI_required,🟢 ready,,,x,,x,,x,MessageStructure / ProtocolMessages,EUDI_generic,"WS, RP-PI, OID4VP-PM","🔎, WU, 📸",validators: dcql.response_satisfies_constraints and evidence.non_empty; valid credential query explicitly omits trusted_authorities and requires a matching vp_token without error plus stored visual evidence,🟢 req-class: EUDI_required; credimi: PR1295 YAML ready,source: FCAF repo; PR1295 YAML
,"=HYPERLINK(""https://github.com/eu-digital-identity-wallet/eudi-doc-functional-conformance-assessment/blob/88ab69a/docs/fcaf/suts/wallet_solution/relying_party/MessageStructure/ProtocolMessages/WS_RP_MS_ProtocolMessages__081.md"",""WS_RP_MS_ProtocolMessages_081"")",EUDI_required,🟢 ready,,,x,,x,,x,MessageStructure / ProtocolMessages,EUDI_generic,"WS, RP-PI, OID4VP-PM","🔎, WU, 📸",validators: generic dcql property_type and evidence.minimum_items; wallet matrix accepts boolean true and false while rejecting numeric 0/1/random plus case variants yes/no Y/N numeric strings and arbitrary strings; requires visual evidence for all 16 interactions,🟢 req-class: EUDI_required; credimi: PR1295 YAML ready,source: FCAF repo; PR1295 YAML
,"=HYPERLINK(""https://github.com/eu-digital-identity-wallet/eudi-doc-functional-conformance-assessment/blob/88ab69a/docs/fcaf/suts/wallet_solution/relying_party/MessageStructure/ProtocolMessages/WS_RP_MS_ProtocolMessages__082.md"",""WS_RP_MS_ProtocolMessages_082"")",EUDI_required,🟢 ready,,,x,,x,,x,MessageStructure / ProtocolMessages,EUDI_generic,"WS, RP-PI, OID4VP-PM","🔎, WU, 📸",validators: dcql.response_satisfies_constraints and evidence.non_empty; valid credential query explicitly omits claims and requires a matching vp_token without error plus stored successful-share evidence,🟢 req-class: EUDI_required; credimi: PR1295 YAML ready,source: FCAF repo; PR1295 YAML
,"=HYPERLINK(""https://github.com/eu-digital-identity-wallet/eudi-doc-functional-conformance-assessment/blob/88ab69a/docs/fcaf/suts/wallet_solution/relying_party/MessageStructure/ProtocolMessages/WS_RP_MS_ProtocolMessages__083.md"",""WS_RP_MS_ProtocolMessages_083"")",EUDI_required,🟢 ready,,,x,,x,,x,MessageStructure / ProtocolMessages,EUDI_generic,"WS, RP-PI, OID4VP-PM","🔎, WU, 📸",validators: dcql.response_satisfies_constraints and evidence.non_empty; proves claims is present as an empty array no vp_token is returned and the wallet rejection screen is stored,🟢 req-class: EUDI_required; credimi: PR1295 YAML ready,source: FCAF repo; PR1295 YAML
,"=HYPERLINK(""https://github.com/eu-digital-identity-wallet/eudi-doc-functional-conformance-assessment/blob/88ab69a/docs/fcaf/suts/wallet_solution/relying_party/MessageStructure/ProtocolMessages/WS_RP_MS_ProtocolMessages__084.md"",""WS_RP_MS_ProtocolMessages_084"")",EUDI_required,🟢 ready,,,x,,x,,x,MessageStructure / ProtocolMessages,EUDI_generic,"WS, RP-PI, OID4VP-PM","🔎, WU, 📸",validators: generic dcql property_type and evidence.minimum_items; rejects claims encoded as null boolean number string or object and stores visual evidence for all seven non-array variants,🟢 req-class: EUDI_required; credimi: PR1295 YAML ready,source: FCAF repo; PR1295 YAML
,"=HYPERLINK(""https://github.com/eu-digital-identity-wallet/eudi-doc-functional-conformance-assessment/blob/88ab69a/docs/fcaf/suts/wallet_solution/relying_party/MessageStructure/ProtocolMessages/WS_RP_MS_ProtocolMessages__085.md"",""WS_RP_MS_ProtocolMessages_085"")",EUDI_required,🟢 ready,,,x,,x,,x,MessageStructure / ProtocolMessages,EUDI_generic,"WS, RP-PI, OID4VP-PM","🔎, WU, 📸",validators: generic dcql empty_array and evidence.non_empty; proves claim_sets is present as an empty array no vp_token is returned and the wallet rejection screen is stored,🟢 req-class: EUDI_required; credimi: PR1295 YAML ready,source: FCAF repo; PR1295 YAML
,"=HYPERLINK(""https://github.com/eu-digital-identity-wallet/eudi-doc-functional-conformance-assessment/blob/88ab69a/docs/fcaf/suts/wallet_solution/relying_party/MessageStructure/ProtocolMessages/WS_RP_MS_ProtocolMessages__086.md"",""WS_RP_MS_ProtocolMessages_086"")",EUDI_required,🟡 implemented verifier-blocked,,,x,,x,,x,MessageStructure / ProtocolMessages,EUDI_generic,"WS, RP-PI, OID4VP-PM","🔎, WU, 📸",validators: none in PR1295; Maestro/pipeline precondition not implemented in PR1295; adapt same MessageStructure / ProtocolMessages flow with small request/assert changes; generated: test YAML + proper validators + area pipeline,🟠 req-class: EUDI_required; credimi: PR1295 no YAML,source: FCAF repo; no PR1295 YAML
,"=HYPERLINK(""https://github.com/eu-digital-identity-wallet/eudi-doc-functional-conformance-assessment/blob/88ab69a/docs/fcaf/suts/wallet_solution/relying_party/MessageStructure/ProtocolMessages/WS_RP_MS_ProtocolMessages__086.md"",""WS_RP_MS_ProtocolMessages_086"")",EUDI_required,🟢 ready,,,x,,x,,x,MessageStructure / ProtocolMessages,EUDI_generic,"WS, RP-PI, OID4VP-PM","🔎, WU, 📸",validators: generic dcql property_type and evidence.minimum_items; rejects claim_sets encoded as null boolean number string or object and stores visual evidence for all seven non-array variants,🟢 req-class: EUDI_required; credimi: PR1295 YAML ready,source: FCAF repo; PR1295 YAML
,"=HYPERLINK(""https://github.com/eu-digital-identity-wallet/eudi-doc-functional-conformance-assessment/blob/88ab69a/docs/fcaf/suts/wallet_solution/relying_party/MessageStructure/ProtocolMessages/WS_RP_MS_ProtocolMessages__087.md"",""WS_RP_MS_ProtocolMessages_087"")",EUDI_required,🟡 implemented verifier-blocked,,,x,,x,,x,MessageStructure / ProtocolMessages,EUDI_generic,"WS, RP-PI, OID4VP-PM","🔎, WU, 📸",validators: none in PR1295; Maestro/pipeline precondition not implemented in PR1295; adapt same MessageStructure / ProtocolMessages flow with small request/assert changes; generated: test YAML + proper validators + area pipeline,🟠 req-class: EUDI_required; credimi: PR1295 no YAML,source: FCAF repo; no PR1295 YAML
,"=HYPERLINK(""https://github.com/eu-digital-identity-wallet/eudi-doc-functional-conformance-assessment/blob/88ab69a/docs/fcaf/suts/wallet_solution/relying_party/MessageStructure/ProtocolMessages/WS_RP_MS_ProtocolMessages__087.md"",""WS_RP_MS_ProtocolMessages_087"")",EUDI_required,🟡 implemented verifier-blocked,,,x,,x,,x,MessageStructure / ProtocolMessages,EUDI_generic,"WS, RP-PI, OID4VP-PM","🔎, WU, 📸",validators: dcql.response_satisfies_constraints and evidence.non_empty; wallet renders one consent screen with two PID entries but after one share/PIN flow returns Credential not found and verifier responds HTTP 400; implementation exposes a wallet conformance failure; generated: test YAML + proper validators + area pipeline,🟠 req-class: EUDI_required; credimi: PR1295 YAML reproduces failure,source: FCAF repo; PR1295 YAML
,"=HYPERLINK(""https://github.com/eu-digital-identity-wallet/eudi-doc-functional-conformance-assessment/blob/88ab69a/docs/fcaf/suts/wallet_solution/relying_party/MessageStructure/ProtocolMessages/WS_RP_MS_ProtocolMessages__088.md"",""WS_RP_MS_ProtocolMessages_088"")",EUDI_required,🟢 ready,,,x,,x,,x,MessageStructure / ProtocolMessages,EUDI_generic,"WS, RP-PI, OID4VP-PM","🔎, WU, 📸",validators: oid4vp.dcql_trusted_authorities_unsupported_type dcql.response_satisfies_constraints and evidence.non_empty; Capture Wallet delivers the unsupported type in its signed Request Object and the test requires an error or credential-free discontinuation plus stored visual evidence,🟢 req-class: EUDI_required; credimi: PR1295 YAML ready,source: FCAF repo; PR1295 YAML
,"=HYPERLINK(""https://github.com/eu-digital-identity-wallet/eudi-doc-functional-conformance-assessment/blob/88ab69a/docs/fcaf/suts/wallet_solution/relying_party/MessageStructure/ProtocolMessages/WS_RP_MS_ProtocolMessages__089.md"",""WS_RP_MS_ProtocolMessages_089"")",EUDI_required,🟢 ready,,,x,,x,,x,MessageStructure / ProtocolMessages,EUDI_generic,"WS, RP-PI, OID4VP-PM","🔎, WU, 📸",validators: oid4vp.dcql_trusted_authorities_missing_type dcql.response_satisfies_constraints and evidence.non_empty; Capture Wallet delivers a trusted authority without type in its signed Request Object and the test requires an error or credential-free discontinuation plus stored visual evidence,🟢 req-class: EUDI_required; credimi: PR1295 YAML ready,source: FCAF repo; PR1295 YAML
,"=HYPERLINK(""https://github.com/eu-digital-identity-wallet/eudi-doc-functional-conformance-assessment/blob/88ab69a/docs/fcaf/suts/wallet_solution/relying_party/MessageStructure/ProtocolMessages/WS_RP_MS_ProtocolMessages__090.md"",""WS_RP_MS_ProtocolMessages_090"")",EUDI_required,🟢 ready,,,x,,x,,x,MessageStructure / ProtocolMessages,EUDI_generic,"WS, RP-PI, OID4VP-PM","🔎, WU, 📸",validators: json.field_presence dcql.response_satisfies_constraints and evidence.non_empty; proves type is present values is absent and wallet rejects or discontinues the malformed request,🟢 req-class: EUDI_required; credimi: PR1295 YAML ready,source: FCAF repo; PR1295 YAML
,"=HYPERLINK(""https://github.com/eu-digital-identity-wallet/eudi-doc-functional-conformance-assessment/blob/88ab69a/docs/fcaf/suts/wallet_solution/relying_party/MessageStructure/ProtocolMessages/WS_RP_MS_ProtocolMessages__091.md"",""WS_RP_MS_ProtocolMessages_091"")",EUDI_required,🟢 ready,,,x,,x,,x,MessageStructure / ProtocolMessages,EUDI_generic,"WS, RP-PI, OID4VP-PM","🔎, WU, 📸",validators: nested trusted_authority_property_type and evidence.minimum_items; rejects null booleans zero non-zero number array and object values for trusted_authorities.type while preserving valid values and stores visual evidence for all seven interactions,🟢 req-class: EUDI_required; credimi: PR1295 YAML ready,source: FCAF repo; PR1295 YAML
,"=HYPERLINK(""https://github.com/eu-digital-identity-wallet/eudi-doc-functional-conformance-assessment/blob/88ab69a/docs/fcaf/suts/wallet_solution/relying_party/MessageStructure/ProtocolMessages/WS_RP_MS_ProtocolMessages__092.md"",""WS_RP_MS_ProtocolMessages_092"")",EUDI_required,🟢 ready,,,x,,x,,x,MessageStructure / ProtocolMessages,EUDI_generic,"WS, RP-PI, OID4VP-PM","🔎, WU, 📸",validators: nested trusted_authority_property_type and evidence.minimum_items; rejects null booleans zero non-zero number string and object values for trusted_authorities.values while preserving a valid type and stores visual evidence for all seven interactions,🟢 req-class: EUDI_required; credimi: PR1295 YAML ready,source: FCAF repo; PR1295 YAML
,"=HYPERLINK(""https://github.com/eu-digital-identity-wallet/eudi-doc-functional-conformance-assessment/blob/88ab69a/docs/fcaf/suts/wallet_solution/relying_party/MessageStructure/ProtocolMessages/WS_RP_MS_ProtocolMessages__093.md"",""WS_RP_MS_ProtocolMessages_093"")",EUDI_required,🟢 ready,,,x,,x,,x,MessageStructure / ProtocolMessages,EUDI_generic,"WS, RP-PI, OID4VP-PM","🔎, WU, 📸",validators: nested trusted_authority_array_item_type and evidence.minimum_items; rejects arrays containing null boolean zero non-zero number array or object items while preserving valid string-array context and stores visual evidence for all seven interactions,🟢 req-class: EUDI_required; credimi: PR1295 YAML ready,source: FCAF repo; PR1295 YAML
,"=HYPERLINK(""https://github.com/eu-digital-identity-wallet/eudi-doc-functional-conformance-assessment/blob/88ab69a/docs/fcaf/suts/wallet_solution/relying_party/MessageStructure/ProtocolMessages/WS_RP_MS_ProtocolMessages__094.md"",""WS_RP_MS_ProtocolMessages_094"")",EUDI_required,🟢 ready,,,x,,x,,x,MessageStructure / ProtocolMessages,EUDI_generic,"WS, RP-PI, OID4VP-PM","🔎, WU, 📸",validators: trusted_authority_empty_string_item and evidence.minimum_items; rejects single and mixed trusted_authorities.values arrays containing an empty string while preserving valid type and string-array shape and stores visual evidence for both interactions,🟢 req-class: EUDI_required; credimi: PR1295 YAML ready,source: FCAF repo; PR1295 YAML
,"=HYPERLINK(""https://github.com/eu-digital-identity-wallet/eudi-doc-functional-conformance-assessment/blob/88ab69a/docs/fcaf/suts/wallet_solution/relying_party/MessageStructure/ProtocolMessages/WS_RP_MS_ProtocolMessages__096.md"",""WS_RP_MS_ProtocolMessages_096"")",EUDI_required,🟢 ready,,,x,,x,,x,MessageStructure / ProtocolMessages,EUDI_generic,"WS, RP-PI, OID4VP-PM","CDV, 🔎, WU, 📸",Dedicated Capture Wallet scenario omits credential-set options; validator proves the omission and requires captured `invalid_request` with no presentation,🟢 req-class: EUDI_required; credimi: dedicated scenario and test YAML ready,source: FCAF repo; Capture Wallet signed-request probe
,"=HYPERLINK(""https://github.com/eu-digital-identity-wallet/eudi-doc-functional-conformance-assessment/blob/88ab69a/docs/fcaf/suts/wallet_solution/relying_party/MessageStructure/ProtocolMessages/WS_RP_MS_ProtocolMessages__097.md"",""WS_RP_MS_ProtocolMessages_097"")",EUDI_required,🟢 ready,,,x,,x,,x,MessageStructure / ProtocolMessages,EUDI_generic,"WS, RP-PI, OID4VP-PM","CDV, 🔎, WU, 📸",Dedicated Capture Wallet scenario delivers empty credential-set options; validator proves the empty array and requires captured `invalid_request` with no presentation,🟢 req-class: EUDI_required; credimi: dedicated scenario and test YAML ready,source: FCAF repo; Capture Wallet signed-request probe
,"=HYPERLINK(""https://github.com/eu-digital-identity-wallet/eudi-doc-functional-conformance-assessment/blob/88ab69a/docs/fcaf/suts/wallet_solution/relying_party/MessageStructure/ProtocolMessages/WS_RP_MS_ProtocolMessages__098.md"",""WS_RP_MS_ProtocolMessages_098"")",EUDI_required,🟢 ready,,,x,,x,,x,MessageStructure / ProtocolMessages,EUDI_generic,"WS, RP-PI, OID4VP-PM","CDV, 🔎, WU, 📸",Dedicated Capture Wallet scenario delivers a non-array credential-set options value; validator proves the type error and requires captured `invalid_request` with no presentation,🟢 req-class: EUDI_required; credimi: dedicated scenario and test YAML ready,source: FCAF repo; Capture Wallet signed-request probe
,"=HYPERLINK(""https://github.com/eu-digital-identity-wallet/eudi-doc-functional-conformance-assessment/blob/88ab69a/docs/fcaf/suts/wallet_solution/relying_party/MessageStructure/ProtocolMessages/WS_RP_MS_ProtocolMessages__099.md"",""WS_RP_MS_ProtocolMessages_099"")",EUDI_required,🟡 implemented verifier-blocked,,,x,,x,,x,MessageStructure / ProtocolMessages,EUDI_generic,"WS, RP-PI, OID4VP-PM","🔎, WU, 📸",validators: dcql.credential_sets_options_valid_references; preconditions: pipeline.dcql.credential-sets-options-valid-references; wallet Share/PIN/vp_token flow verified; beta capture verifier certificate SAN mismatch documented as MOCK-VERIFIER-001,🟠 req-class: EUDI_required; credimi: PR1295 YAML implemented; verifier-blocked,source: FCAF repo; PR1295 YAML implemented
,"=HYPERLINK(""https://github.com/eu-digital-identity-wallet/eudi-doc-functional-conformance-assessment/blob/88ab69a/docs/fcaf/suts/wallet_solution/relying_party/MessageStructure/ProtocolMessages/WS_RP_MS_ProtocolMessages__100.md"",""WS_RP_MS_ProtocolMessages_100"")",EUDI_required,🟢 ready,,,x,,x,,x,MessageStructure / ProtocolMessages,EUDI_generic,"WS, RP-PI, OID4VP-PM","CDV, 🔎, WU, 📸",Dedicated Capture Wallet scenario delivers an unknown credential-set option reference; validator proves the invalid reference and requires a privacy-preserving error with no presentation,🟢 req-class: EUDI_required; credimi: dedicated scenario and test YAML ready,source: FCAF repo; Capture Wallet signed-request probe
,"=HYPERLINK(""https://github.com/eu-digital-identity-wallet/eudi-doc-functional-conformance-assessment/blob/88ab69a/docs/fcaf/suts/wallet_solution/relying_party/MessageStructure/ProtocolMessages/WS_RP_MS_ProtocolMessages__101.md"",""WS_RP_MS_ProtocolMessages_101"")",EUDI_required,🟡 implemented verifier-blocked,,,x,,x,,x,MessageStructure / ProtocolMessages,EUDI_generic,"WS, RP-PI, OID4VP-PM","🔎, WU, 📸",validators: dcql.response_satisfies_constraints; preconditions: pipeline.dcql.credential-sets-required-true-match; emulator verified Share/PIN/vp_token submission; beta verifier certificate SAN mismatch documented as MOCK-VERIFIER-001,🟠 req-class: EUDI_required; credimi: PR1295 YAML implemented; verifier-blocked,source: FCAF repo; PR1295 YAML implemented
,"=HYPERLINK(""https://github.com/eu-digital-identity-wallet/eudi-doc-functional-conformance-assessment/blob/88ab69a/docs/fcaf/suts/wallet_solution/relying_party/MessageStructure/ProtocolMessages/WS_RP_MS_ProtocolMessages__102.md"",""WS_RP_MS_ProtocolMessages_102"")",EUDI_required,🟡 implemented verifier-blocked,,,x,,x,,x,MessageStructure / ProtocolMessages,EUDI_generic,"WS, RP-PI, OID4VP-PM","🔎, WU, 📸",validators: none in PR1295; Maestro/pipeline precondition not implemented in PR1295; adapt same MessageStructure / ProtocolMessages flow with small request/assert changes; generated: test YAML + proper validators + area pipeline,🟠 req-class: EUDI_required; credimi: PR1295 no YAML,source: FCAF repo; no PR1295 YAML
,"=HYPERLINK(""https://github.com/eu-digital-identity-wallet/eudi-doc-functional-conformance-assessment/blob/88ab69a/docs/fcaf/suts/wallet_solution/relying_party/MessageStructure/ProtocolMessages/WS_RP_MS_ProtocolMessages__103.md"",""WS_RP_MS_ProtocolMessages_103"")",EUDI_required,🟡 implemented verifier-blocked,,,x,,x,,x,MessageStructure / ProtocolMessages,EUDI_generic,"WS, RP-PI, OID4VP-PM","🔎, WU, 📸",validators: none in PR1295; Maestro/pipeline precondition not implemented in PR1295; adapt same MessageStructure / ProtocolMessages flow with small request/assert changes; generated: test YAML + proper validators + area pipeline,🟠 req-class: EUDI_required; credimi: PR1295 no YAML,source: FCAF repo; no PR1295 YAML
,"=HYPERLINK(""https://github.com/eu-digital-identity-wallet/eudi-doc-functional-conformance-assessment/blob/88ab69a/docs/fcaf/suts/wallet_solution/relying_party/MessageStructure/ProtocolMessages/WS_RP_MS_ProtocolMessages__104.md"",""WS_RP_MS_ProtocolMessages_104"")",EUDI_required,🟡 implemented verifier-blocked,,,x,,x,,x,MessageStructure / ProtocolMessages,EUDI_generic,"WS, RP-PI, OID4VP-PM","🔎, WU, 📸",validators: none in PR1295; Maestro/pipeline precondition not implemented in PR1295; adapt same MessageStructure / ProtocolMessages flow with small request/assert changes; generated: test YAML + proper validators + area pipeline,🟠 req-class: EUDI_required; credimi: PR1295 no YAML,source: FCAF repo; no PR1295 YAML
,"=HYPERLINK(""https://github.com/eu-digital-identity-wallet/eudi-doc-functional-conformance-assessment/blob/88ab69a/docs/fcaf/suts/wallet_solution/relying_party/MessageStructure/ProtocolMessages/WS_RP_MS_ProtocolMessages__105.md"",""WS_RP_MS_ProtocolMessages_105"")",EUDI_required,🟡 implemented verifier-blocked,,,x,,x,,x,MessageStructure / ProtocolMessages,EUDI_generic,"WS, RP-PI, OID4VP-PM","🔎, WU, 📸",validators: none in PR1295; Maestro/pipeline precondition not implemented in PR1295; adapt same MessageStructure / ProtocolMessages flow with small request/assert changes; generated: test YAML + proper validators + area pipeline,🟠 req-class: EUDI_required; credimi: PR1295 no YAML,source: FCAF repo; no PR1295 YAML
,"=HYPERLINK(""https://github.com/eu-digital-identity-wallet/eudi-doc-functional-conformance-assessment/blob/88ab69a/docs/fcaf/suts/wallet_solution/relying_party/MessageStructure/ProtocolMessages/WS_RP_MS_ProtocolMessages__106.md"",""WS_RP_MS_ProtocolMessages_106"")",EUDI_required,🟢 ready,,,x,,x,,x,MessageStructure / ProtocolMessages,EUDI_generic,"WS, RP-PI, OID4VP-PM","🔎, WU, 📸",validators: dcql.response_satisfies_constraints; requires an unmatched claim path no returned credential access_denied and stored unavailable-document evidence,🟢 req-class: EUDI_required; credimi: PR1295 YAML ready,source: FCAF repo; PR1295 YAML
,"=HYPERLINK(""https://github.com/eu-digital-identity-wallet/eudi-doc-functional-conformance-assessment/blob/88ab69a/docs/fcaf/suts/wallet_solution/relying_party/MessageStructure/ProtocolMessages/WS_RP_MS_ProtocolMessages__107.md"",""WS_RP_MS_ProtocolMessages_107"")",EUDI_required,🟢 ready,,,x,,x,,x,MessageStructure / ProtocolMessages,EUDI_generic,"WS, RP-PI, OID4VP-PM","🔎, WU, 📸",Dedicated Capture Wallet scenario delivers a claim value that cannot match; validators require no presentation, captured `access_denied`, and unavailable-document visual evidence,🟢 req-class: EUDI_required; credimi: dedicated scenario and test YAML ready,source: FCAF repo; Capture Wallet signed-request probe
,"=HYPERLINK(""https://github.com/eu-digital-identity-wallet/eudi-doc-functional-conformance-assessment/blob/88ab69a/docs/fcaf/suts/wallet_solution/relying_party/MessageStructure/ProtocolMessages/WS_RP_MS_ProtocolMessages__108.md"",""WS_RP_MS_ProtocolMessages_108"")",EUDI_required,🟢 ready,,,x,,x,,x,MessageStructure / ProtocolMessages,EUDI_generic,"WS, RP-PI, OID4VP-PM","CDV, 🔎, WU, 📸",Dedicated Capture Wallet scenario delivers a missing claim ID with credential-level claim_sets; validator proves the malformed shape and requires captured `invalid_request` with no presentation,🟢 req-class: EUDI_required; credimi: dedicated scenario and test YAML ready,source: FCAF repo; Capture Wallet signed-request probe
,"=HYPERLINK(""https://github.com/eu-digital-identity-wallet/eudi-doc-functional-conformance-assessment/blob/88ab69a/docs/fcaf/suts/wallet_solution/relying_party/MessageStructure/ProtocolMessages/WS_RP_MS_ProtocolMessages__109.md"",""WS_RP_MS_ProtocolMessages_109"")",EUDI_required,🟢 ready,,,x,,x,,x,MessageStructure / ProtocolMessages,EUDI_generic,"WS, RP-PI, OID4VP-PM","CDV, 🔎, WU, 📸",Dedicated Capture Wallet scenario delivers claims without IDs or claim_sets; validator proves the shape and requires a matching vp_token plus visual evidence,🟢 req-class: EUDI_required; credimi: dedicated scenario and test YAML ready,source: FCAF repo; Capture Wallet signed-request probe
,"=HYPERLINK(""https://github.com/eu-digital-identity-wallet/eudi-doc-functional-conformance-assessment/blob/88ab69a/docs/fcaf/suts/wallet_solution/relying_party/MessageStructure/ProtocolMessages/WS_RP_MS_ProtocolMessages__110.md"",""WS_RP_MS_ProtocolMessages_110"")",EUDI_required,🟢 ready,,,x,,x,,x,MessageStructure / ProtocolMessages,EUDI_generic,"WS, RP-PI, OID4VP-PM","CDV, 🔎, WU, 📸",Dedicated Capture Wallet scenario delivers duplicate claim IDs; validator proves the duplicate and requires captured `invalid_request` with no presentation,🟢 req-class: EUDI_required; credimi: dedicated scenario and test YAML ready,source: FCAF repo; Capture Wallet signed-request probe
,"=HYPERLINK(""https://github.com/eu-digital-identity-wallet/eudi-doc-functional-conformance-assessment/blob/88ab69a/docs/fcaf/suts/wallet_solution/relying_party/MessageStructure/ProtocolMessages/WS_RP_MS_ProtocolMessages__111.md"",""WS_RP_MS_ProtocolMessages_111"")",EUDI_required,🟢 ready,,,x,,x,,x,MessageStructure / ProtocolMessages,EUDI_generic,"WS, RP-PI, OID4VP-PM","CDV, 🔎, WU, 📸",Dedicated Capture Wallet scenario delivers source-defined empty claim ID; validator proves malformed ID and requires captured `invalid_request` with no presentation,🟢 req-class: EUDI_required; credimi: dedicated scenario and test YAML ready,source: FCAF repo; Capture Wallet signed-request probe
,"=HYPERLINK(""https://github.com/eu-digital-identity-wallet/eudi-doc-functional-conformance-assessment/blob/88ab69a/docs/fcaf/suts/wallet_solution/relying_party/MessageStructure/ProtocolMessages/WS_RP_MS_ProtocolMessages__112.md"",""WS_RP_MS_ProtocolMessages_112"")",EUDI_required,🟢 ready,,,x,,x,,x,MessageStructure / ProtocolMessages,EUDI_generic,"WS, RP-PI, OID4VP-PM","CDV, 🔎, WU, 📸",Dedicated Capture Wallet scenario delivers source-defined claim ID with forbidden characters; validator proves malformed ID and requires captured `invalid_request` with no presentation,🟢 req-class: EUDI_required; credimi: dedicated scenario and test YAML ready,source: FCAF repo; Capture Wallet signed-request probe
,"=HYPERLINK(""https://github.com/eu-digital-identity-wallet/eudi-doc-functional-conformance-assessment/blob/88ab69a/docs/fcaf/suts/wallet_solution/relying_party/MessageStructure/ProtocolMessages/WS_RP_MS_ProtocolMessages__113.md"",""WS_RP_MS_ProtocolMessages_113"")",EUDI_required,🟢 ready,,,x,,x,,x,MessageStructure / ProtocolMessages,EUDI_generic,"WS, RP-PI, OID4VP-PM","CDV, 🔎, WU, 📸",Dedicated Capture Wallet scenario delivers source-defined claim object without `path`; validator proves malformed structure and requires captured `invalid_request` with no presentation,🟢 req-class: EUDI_required; credimi: dedicated scenario and test YAML ready,source: FCAF repo; Capture Wallet signed-request probe
,"=HYPERLINK(""https://github.com/eu-digital-identity-wallet/eudi-doc-functional-conformance-assessment/blob/88ab69a/docs/fcaf/suts/wallet_solution/relying_party/MessageStructure/ProtocolMessages/WS_RP_MS_ProtocolMessages__114.md"",""WS_RP_MS_ProtocolMessages_114"")",EUDI_required,🟢 ready,,,x,,x,,x,MessageStructure / ProtocolMessages,EUDI_generic,"WS, RP-PI, OID4VP-PM","CDV, 🔎, WU, 📸",Dedicated Capture Wallet scenario delivers source-defined empty `path: []`; validator proves malformed structure and requires captured `invalid_request` with no presentation,🟢 req-class: EUDI_required; credimi: dedicated scenario and test YAML ready,source: FCAF repo; Capture Wallet signed-request probe
,"=HYPERLINK(""https://github.com/eu-digital-identity-wallet/eudi-doc-functional-conformance-assessment/blob/88ab69a/docs/fcaf/suts/wallet_solution/relying_party/MessageStructure/ProtocolMessages/WS_RP_MS_ProtocolMessages__115.md"",""WS_RP_MS_ProtocolMessages_115"")",EUDI_required,🟢 ready,,,x,,x,,x,MessageStructure / ProtocolMessages,EUDI_generic,"WS, RP-PI, OID4VP-PM","CDV, 🔎, WU, 📸",Dedicated Capture Wallet scenario delivers non-array `path: "given_name"`; validator proves malformed structure and requires captured `invalid_request` with no presentation,🟢 req-class: EUDI_required; credimi: dedicated scenario and test YAML ready,source: FCAF repo; Capture Wallet signed-request probe from case 122
,"=HYPERLINK(""https://github.com/eu-digital-identity-wallet/eudi-doc-functional-conformance-assessment/blob/88ab69a/docs/fcaf/suts/wallet_solution/relying_party/MessageStructure/ProtocolMessages/WS_RP_MS_ProtocolMessages__116.md"",""WS_RP_MS_ProtocolMessages_116"")",EUDI_required,🟢 ready,,,x,,x,,x,MessageStructure / ProtocolMessages,EUDI_generic,"WS, RP-PI, OID4VP-PM","CDV, 🔎, WU, 📸",validators: claims_without_values and evidence.non_empty; requires values absence valid paths matching vp_token and successful wallet sharing screenshot,🟢 req-class: EUDI_required; credimi: PR1295 YAML ready,source: FCAF repo; PR1295 YAML
,"=HYPERLINK(""https://github.com/eu-digital-identity-wallet/eudi-doc-functional-conformance-assessment/blob/88ab69a/docs/fcaf/suts/wallet_solution/relying_party/MessageStructure/ProtocolMessages/WS_RP_MS_ProtocolMessages__117.md"",""WS_RP_MS_ProtocolMessages_117"")",EUDI_required,🟢 ready,,,x,,x,,x,MessageStructure / ProtocolMessages,EUDI_generic,"WS, RP-PI, OID4VP-PM","CDV, 🔎, WU, 📸",validators: without_credential_sets and evidence.non_empty; emulator passed with two query ids in vp_token and two PID rows exposing Given Name(s) before consent and after successful sharing,🟢 req-class: EUDI_required; credimi: PR1295 YAML ready,source: FCAF repo; PR1295 YAML
,"=HYPERLINK(""https://github.com/eu-digital-identity-wallet/eudi-doc-functional-conformance-assessment/blob/88ab69a/docs/fcaf/suts/wallet_solution/relying_party/MessageStructure/ProtocolMessages/WS_RP_MS_ProtocolMessages__118.md"",""WS_RP_MS_ProtocolMessages_118"")",EUDI_required,🟢 ready,,,x,,x,,x,MessageStructure / ProtocolMessages,EUDI_generic,"WS, RP-PI, OID4VP-PM","CDV, 🔎, WU, 📸",validators: claim_path_allowed_components and evidence.non_empty; parses SD-JWT and resolves string null and non-negative integer paths; emulator offered old and fresh nationality-bearing PIDs but both UI rows and both HTTP 200 presentations exposed only given_name so strict assertions fail,🟢 req-class: EUDI_required; credimi: PR1295 YAML ready,source: FCAF repo; PR1295 YAML
,"=HYPERLINK(""https://github.com/eu-digital-identity-wallet/eudi-doc-functional-conformance-assessment/blob/88ab69a/docs/fcaf/suts/wallet_solution/relying_party/MessageStructure/ProtocolMessages/WS_RP_MS_ProtocolMessages__119.md"",""WS_RP_MS_ProtocolMessages_119"")",EUDI_required,🟢 ready,,,x,,x,,x,MessageStructure / ProtocolMessages,EUDI_generic,"WS, RP-PI, OID4VP-PM","🔎, WU, 📸",validators: oid4vp.dcql_empty_claim_path dcql.response_satisfies_constraints and evidence.non_empty; reuses the exact empty-claim-path Wallet interaction and requires rejection or discontinuation,🟢 req-class: EUDI_required; credimi: PR1295 YAML ready,source: FCAF repo; PR1295 YAML
,"=HYPERLINK(""https://github.com/eu-digital-identity-wallet/eudi-doc-functional-conformance-assessment/blob/88ab69a/docs/fcaf/suts/wallet_solution/relying_party/MessageStructure/ProtocolMessages/WS_RP_MS_ProtocolMessages__120.md"",""WS_RP_MS_ProtocolMessages_120"")",EUDI_required,🟢 ready,,,x,,x,,x,MessageStructure / ProtocolMessages,EUDI_generic,"WS, RP-PI, OID4VP-PM","🔎, WU, 📸",Capture Wallet delivers the source-defined Boolean claim path unchanged in the signed Authorization Request; strict validator requires captured `invalid_request` and no presentation,🟢 req-class: EUDI_required; credimi: dedicated scenario and test YAML ready,source: FCAF repo; Capture Wallet signed-request probe from case 123
,"=HYPERLINK(""https://github.com/eu-digital-identity-wallet/eudi-doc-functional-conformance-assessment/blob/88ab69a/docs/fcaf/suts/wallet_solution/relying_party/MessageStructure/ProtocolMessages/WS_RP_MS_ProtocolMessages__121.md"",""WS_RP_MS_ProtocolMessages_121"")",EUDI_required,🟢 ready,,,x,,x,,x,MessageStructure / ProtocolMessages,EUDI_generic,"WS, RP-PI, OID4VP-PM","🔎, WU, 📸",Capture Wallet delivers the source-defined negative integer claim path unchanged in the signed Authorization Request; strict validator requires captured `invalid_request` and no presentation,🟢 req-class: EUDI_required; credimi: dedicated scenario and test YAML ready,source: FCAF repo; Capture Wallet signed-request probe
,"=HYPERLINK(""https://github.com/eu-digital-identity-wallet/eudi-doc-functional-conformance-assessment/blob/88ab69a/docs/fcaf/suts/wallet_solution/relying_party/MessageStructure/ProtocolMessages/WS_RP_MS_ProtocolMessages__122.md"",""WS_RP_MS_ProtocolMessages_122"")",EUDI_required,🟢 ready,,,x,,x,,x,MessageStructure / ProtocolMessages,EUDI_generic,"WS, RP-PI, OID4VP-PM","🔎, WU, 📸",Capture Wallet delivers the source-defined string claim path unchanged in the signed Authorization Request; strict validator requires captured `invalid_request` and no presentation,🟢 req-class: EUDI_required; credimi: dedicated scenario and test YAML ready,source: FCAF repo; Capture Wallet signed-request probe
,"=HYPERLINK(""https://github.com/eu-digital-identity-wallet/eudi-doc-functional-conformance-assessment/blob/88ab69a/docs/fcaf/suts/wallet_solution/relying_party/MessageStructure/ProtocolMessages/WS_RP_MS_ProtocolMessages__123.md"",""WS_RP_MS_ProtocolMessages_123"")",EUDI_required,🟢 ready,,,x,,x,,x,MessageStructure / ProtocolMessages,EUDI_generic,"WS, RP-PI, OID4VP-PM","🔎, WU, 📸",Capture Wallet delivers `path: [true]` unchanged in the signed Authorization Request; strict validator requires captured `invalid_request` and no presentation,🟢 req-class: EUDI_required; credimi: dedicated scenario and test YAML ready,source: FCAF repo; Capture Wallet signed-request probe
,"=HYPERLINK(""https://github.com/eu-digital-identity-wallet/eudi-doc-functional-conformance-assessment/blob/88ab69a/docs/fcaf/suts/wallet_solution/relying_party/MessageStructure/ProtocolMessages/WS_RP_MS_ProtocolMessages__124.md"",""WS_RP_MS_ProtocolMessages_124"")",EUDI_required,🟡 implemented verifier-blocked,,,x,,x,,x,MessageStructure / ProtocolMessages,EUDI_generic,"WS, RP-PI, OID4VP-PM","🔎, WU, 📸",not implemented: public verifier strips unknown input fields from the signed Authorization Request; skipped pending raw mock verifier; generated: test YAML + Capture Wallet area pipeline,🟠 req-class: EUDI_required; blocked: mock verifier; credimi: PR1295 no YAML,source: FCAF repo; no PR1295 YAML
,"=HYPERLINK(""https://github.com/eu-digital-identity-wallet/eudi-doc-functional-conformance-assessment/blob/88ab69a/docs/fcaf/suts/wallet_solution/relying_party/MessageStructure/ProtocolMessages/WS_RP_MS_ProtocolMessages__125.md"",""WS_RP_MS_ProtocolMessages_125"")",EUDI_required,🟡 implemented verifier-blocked,,,x,,x,,x,MessageStructure / ProtocolMessages,EUDI_generic,"WS, RP-PI, OID4VP-PM","🔎, WU, 📸",not implemented: skipped pending mock response_uri returning HTTP 200 with a non-JSON body after Wallet submission; generated: test YAML + Capture Wallet area pipeline,🟠 req-class: EUDI_required; blocked: configurable mock verifier response; credimi: PR1295 no YAML,source: FCAF repo; no PR1295 YAML
,"=HYPERLINK(""https://github.com/eu-digital-identity-wallet/eudi-doc-functional-conformance-assessment/blob/88ab69a/docs/fcaf/suts/wallet_solution/relying_party/MessageStructure/ProtocolMessages/WS_RP_MS_ProtocolMessages__126.md"",""WS_RP_MS_ProtocolMessages_126"")",EUDI_required,🟡 implemented verifier-blocked,,,x,,x,,x,MessageStructure / ProtocolMessages,EUDI_generic,"WS, RP-PI, OID4VP-PM","🔎, WU, 📸",not implemented: skipped pending mock response_uri returning HTTP 400 with JSON after Wallet submission; generated: test YAML + Capture Wallet area pipeline,🟠 req-class: EUDI_required; blocked: configurable mock verifier response; credimi: PR1295 no YAML,source: FCAF repo; no PR1295 YAML
,"=HYPERLINK(""https://github.com/eu-digital-identity-wallet/eudi-doc-functional-conformance-assessment/blob/88ab69a/docs/fcaf/suts/wallet_solution/relying_party/MessageStructure/ProtocolMessages/WS_RP_MS_ProtocolMessages__127.md"",""WS_RP_MS_ProtocolMessages_127"")",EUDI_required,🟡 implemented verifier-blocked,,,x,,x,,x,MessageStructure / ProtocolMessages,EUDI_generic,"WS, RP-PI, OID4VP-PM","🔎, WU, 📸",not implemented: skipped pending configurable HTTP 200 JSON response containing an unknown parameter and redirect evidence; generated: test YAML + Capture Wallet area pipeline,🟠 req-class: EUDI_required; blocked: configurable mock verifier response; credimi: PR1295 no YAML,source: FCAF repo; no PR1295 YAML
,"=HYPERLINK(""https://github.com/eu-digital-identity-wallet/eudi-doc-functional-conformance-assessment/blob/88ab69a/docs/fcaf/suts/wallet_solution/relying_party/MessageStructure/ProtocolMessages/WS_RP_MS_ProtocolMessages__128.md"",""WS_RP_MS_ProtocolMessages_128"")",EUDI_required,🟡 implemented verifier-blocked,,,x,,x,,x,MessageStructure / ProtocolMessages,EUDI_generic,"WS, RP-PI, OID4VP-PM","🔎, WU, 📸",not implemented: skipped pending unknown signed request parameter plus configurable unknown JSON response parameter; generated: test YAML + Capture Wallet area pipeline,🟠 req-class: EUDI_required; blocked: configurable mock verifier; credimi: PR1295 no YAML,source: FCAF repo; no PR1295 YAML
,"=HYPERLINK(""https://github.com/eu-digital-identity-wallet/eudi-doc-functional-conformance-assessment/blob/88ab69a/docs/fcaf/suts/wallet_solution/relying_party/MessageStructure/ProtocolMessages/WS_RP_MS_ProtocolMessages__129.md"",""WS_RP_MS_ProtocolMessages_129"")",EUDI_required,🟡 implemented verifier-blocked,,,x,,x,,x,MessageStructure / ProtocolMessages,EUDI_generic,"WS, RP-PI, OID4VP-PM","🔎, WU, 📸",not implemented: public result API omits the raw compact JWE needed to compare its protected kid with client_metadata; generated: test YAML + Capture Wallet area pipeline,🟠 req-class: EUDI_required; blocked: raw Wallet response capture; credimi: PR1295 no YAML,source: FCAF repo; no PR1295 YAML
,"=HYPERLINK(""https://github.com/eu-digital-identity-wallet/eudi-doc-functional-conformance-assessment/blob/88ab69a/docs/fcaf/suts/wallet_solution/relying_party/MessageStructure/ProtocolMessages/WS_RP_MS_ProtocolMessages__130.md"",""WS_RP_MS_ProtocolMessages_130"")",EUDI_required,🟡 implemented verifier-blocked,,,,,,,,MessageStructure / ProtocolMessages,EUDI_generic,"WS, RP-PI, OID4VP-PM",,not implemented: public result API omits the raw compact JWE needed to verify explicit enc selection; generated: test YAML + Capture Wallet area pipeline,🟠 req-class: EUDI_required; blocked: raw Wallet response capture; credimi: PR1295 no YAML,source: FCAF repo; no PR1295 YAML
,"=HYPERLINK(""https://github.com/eu-digital-identity-wallet/eudi-doc-functional-conformance-assessment/blob/88ab69a/docs/fcaf/suts/wallet_solution/relying_party/MessageStructure/ProtocolMessages/WS_RP_MS_ProtocolMessages__131.md"",""WS_RP_MS_ProtocolMessages_131"")",EUDI_required,🟡 implemented verifier-blocked,,,,,,,,MessageStructure / ProtocolMessages,EUDI_generic,"WS, RP-PI, OID4VP-PM",,not implemented: public result API omits the raw compact JWE needed to verify default A128GCM enc; generated: test YAML + Capture Wallet area pipeline,🟠 req-class: EUDI_required; blocked: raw Wallet response capture; credimi: PR1295 no YAML,source: FCAF repo; no PR1295 YAML
,"=HYPERLINK(""https://github.com/eu-digital-identity-wallet/eudi-doc-functional-conformance-assessment/blob/88ab69a/docs/fcaf/suts/wallet_solution/relying_party/MessageStructure/ProtocolMessages/WS_RP_MS_ProtocolMessages__132.md"",""WS_RP_MS_ProtocolMessages_132"")",EUDI_required,🟡 implemented verifier-blocked,,,x,,x,,x,MessageStructure / ProtocolMessages,EUDI_generic,"WS, RP-PI, OID4VP-PM","🔎, WU, 📸",not implemented: decrypted public result cannot prove the original JWE payload fields were top-level; generated: test YAML + Capture Wallet area pipeline,🟠 req-class: EUDI_required; blocked: raw Wallet response capture; credimi: PR1295 no YAML,source: FCAF repo; no PR1295 YAML
,"=HYPERLINK(""https://github.com/eu-digital-identity-wallet/eudi-doc-functional-conformance-assessment/blob/88ab69a/docs/fcaf/suts/wallet_solution/relying_party/MessageStructure/ProtocolMessages/WS_RP_MS_ProtocolMessages__133.md"",""WS_RP_MS_ProtocolMessages_133"")",EUDI_required,🟡 implemented verifier-blocked,,,x,,x,,x,MessageStructure / ProtocolMessages,EUDI_generic,"WS, RP-PI, OID4VP-PM","🔎, WU, 📸",not implemented: proving HTTP POST requires request capture at the Wallet-facing response_uri; generated: test YAML + Capture Wallet area pipeline,🟠 req-class: EUDI_required; blocked: configurable mock verifier response_uri; credimi: PR1295 no YAML,source: FCAF repo; no PR1295 YAML
,"=HYPERLINK(""https://github.com/eu-digital-identity-wallet/eudi-doc-functional-conformance-assessment/blob/88ab69a/docs/fcaf/suts/wallet_solution/relying_party/MessageStructure/ProtocolMessages/WS_RP_MS_ProtocolMessages__134.md"",""WS_RP_MS_ProtocolMessages_134"")",EUDI_required,🟡 implemented verifier-blocked,,,x,,x,,x,MessageStructure / ProtocolMessages,EUDI_generic,"WS, RP-PI, OID4VP-PM","🔎, WU, 📸",not implemented: exact content type and response-only form body require raw request capture at response_uri; generated: test YAML + Capture Wallet area pipeline,🟠 req-class: EUDI_required; blocked: configurable mock verifier response_uri; credimi: PR1295 no YAML,source: FCAF repo; no PR1295 YAML
,"=HYPERLINK(""https://github.com/eu-digital-identity-wallet/eudi-doc-functional-conformance-assessment/blob/88ab69a/docs/fcaf/suts/wallet_solution/relying_party/MessageStructure/ProtocolMessages/WS_RP_MS_ProtocolMessages__135.md"",""WS_RP_MS_ProtocolMessages_135"")",EUDI_required,🟡 implemented verifier-blocked,,,x,,x,,x,MessageStructure / ProtocolMessages,EUDI_generic,"WS, RP-PI, OID4VP-PM","🔎, WU, 📸",not implemented: source defines no supported transaction-data type or fixture and wallet core 0.28.1 rejects all transaction_data; generated: test YAML + Capture Wallet area pipeline,🟠 req-class: EUDI_required; blocked: underspecified positive fixture; credimi: PR1295 no YAML,source: FCAF repo; no PR1295 YAML
,"=HYPERLINK(""https://github.com/eu-digital-identity-wallet/eudi-doc-functional-conformance-assessment/blob/88ab69a/docs/fcaf/suts/wallet_solution/relying_party/MessageStructure/ProtocolMessages/WS_RP_MS_ProtocolMessages__136.md"",""WS_RP_MS_ProtocolMessages_136"")",EUDI_required,🟡 implemented verifier-blocked,,,x,,x,,x,MessageStructure / ProtocolMessages,EUDI_generic,"WS, RP-PI, OID4VP-PM","🔎, WU, 📸",not implemented: skipped pending mock verifier for unsupported transaction_data error capture without credential selection; generated: test YAML + Capture Wallet area pipeline,🟠 req-class: EUDI_required; blocked: configurable mock verifier; credimi: PR1295 no YAML,source: FCAF repo; no PR1295 YAML
,"=HYPERLINK(""https://github.com/eu-digital-identity-wallet/eudi-doc-functional-conformance-assessment/blob/88ab69a/docs/fcaf/suts/wallet_solution/relying_party/MessageStructure/ProtocolMessages/WS_RP_MS_ProtocolMessages__137.md"",""WS_RP_MS_ProtocolMessages_137"")",EUDI_required,🟡 implemented verifier-blocked,,,x,,x,,x,MessageStructure / ProtocolMessages,EUDI_generic,"WS, RP-PI, OID4VP-PM","🔎, WU, 📸",not implemented: skipped pending mock verifier for unknown scope and exact invalid_scope response capture; generated: test YAML + Capture Wallet area pipeline,🟠 req-class: EUDI_required; blocked: configurable mock verifier; credimi: PR1295 no YAML,source: FCAF repo; no PR1295 YAML
,"=HYPERLINK(""https://github.com/eu-digital-identity-wallet/eudi-doc-functional-conformance-assessment/blob/88ab69a/docs/fcaf/suts/wallet_solution/relying_party/MessageStructure/ProtocolMessages/WS_RP_MS_ProtocolMessages__138.md"",""WS_RP_MS_ProtocolMessages_138"")",EUDI_required,🟡 implemented verifier-blocked,,,x,,x,,x,MessageStructure / ProtocolMessages,EUDI_generic,"WS, RP-PI, OID4VP-PM","🔎, WU, 📸",not implemented: skipped pending mock verifier for malformed scope and exact invalid_scope response capture; generated: test YAML + Capture Wallet area pipeline,🟠 req-class: EUDI_required; blocked: configurable mock verifier; credimi: PR1295 no YAML,source: FCAF repo; no PR1295 YAML
,"=HYPERLINK(""https://github.com/eu-digital-identity-wallet/eudi-doc-functional-conformance-assessment/blob/88ab69a/docs/fcaf/suts/wallet_solution/relying_party/MessageStructure/ProtocolMessages/WS_RP_MS_ProtocolMessages__139.md"",""WS_RP_MS_ProtocolMessages_139"")",EUDI_required,🟡 implemented verifier-blocked,,,x,,x,,x,MessageStructure / ProtocolMessages,EUDI_generic,"WS, RP-PI, OID4VP-PM","🔎, WU, 📸",not implemented: skipped pending mock verifier for empty scope and exact invalid_scope response capture; generated: test YAML + Capture Wallet area pipeline,🟠 req-class: EUDI_required; blocked: configurable mock verifier; credimi: PR1295 no YAML,source: FCAF repo; no PR1295 YAML
,"=HYPERLINK(""https://github.com/eu-digital-identity-wallet/eudi-doc-functional-conformance-assessment/blob/88ab69a/docs/fcaf/suts/wallet_solution/relying_party/MessageStructure/ProtocolMessages/WS_RP_MS_ProtocolMessages__140.md"",""WS_RP_MS_ProtocolMessages_140"")",EUDI_required,🟡 implemented verifier-blocked,,,x,,x,,x,MessageStructure / ProtocolMessages,EUDI_generic,"WS, RP-PI, OID4VP-PM","🔎, WU, 📸",not implemented: skipped pending mock verifier for empty scope exact invalid_scope capture and session-termination evidence; generated: test YAML + Capture Wallet area pipeline,🟠 req-class: EUDI_required; blocked: configurable mock verifier; credimi: PR1295 no YAML,source: FCAF repo; no PR1295 YAML
,"=HYPERLINK(""https://github.com/eu-digital-identity-wallet/eudi-doc-functional-conformance-assessment/blob/88ab69a/docs/fcaf/suts/wallet_solution/relying_party/MessageStructure/ProtocolMessages/WS_RP_MS_ProtocolMessages__141.md"",""WS_RP_MS_ProtocolMessages_141"")",EUDI_required,🟡 implemented verifier-blocked,,,x,,x,,x,MessageStructure / ProtocolMessages,EUDI_generic,"WS, RP-PI, OID4VP-PM","🔎, WU, 📸",not implemented: conflicting dcql_query and scope plus exact invalid_request capture require raw mock verifier; generated: test YAML + Capture Wallet area pipeline,🟠 req-class: EUDI_required; blocked: mock verifier; credimi: PR1295 no YAML,source: FCAF repo; no PR1295 YAML
,"=HYPERLINK(""https://github.com/eu-digital-identity-wallet/eudi-doc-functional-conformance-assessment/blob/88ab69a/docs/fcaf/suts/wallet_solution/relying_party/MessageStructure/ProtocolMessages/WS_RP_MS_ProtocolMessages__142.md"",""WS_RP_MS_ProtocolMessages_142"")",EUDI_required,🟡 implemented verifier-blocked,,,x,,x,,x,MessageStructure / ProtocolMessages,EUDI_generic,"WS, RP-PI, OID4VP-PM","🔎, WU, 📸",not implemented: request omitting both dcql_query and credential scope plus exact invalid_request capture requires raw mock verifier; generated: test YAML + Capture Wallet area pipeline,🟠 req-class: EUDI_required; blocked: mock verifier; credimi: PR1295 no YAML,source: FCAF repo; no PR1295 YAML
,"=HYPERLINK(""https://github.com/eu-digital-identity-wallet/eudi-doc-functional-conformance-assessment/blob/88ab69a/docs/fcaf/suts/wallet_solution/relying_party/MessageStructure/ProtocolMessages/WS_RP_MS_ProtocolMessages__143.md"",""WS_RP_MS_ProtocolMessages_143"")",EUDI_required,🟡 implemented verifier-blocked,,,x,,x,,x,MessageStructure / ProtocolMessages,EUDI_generic,"WS, RP-PI, OID4VP-PM","🔎, WU, 📸",not implemented: unsupported client_id prefix plus exact invalid_request capture requires raw mock verifier; generated: test YAML + Capture Wallet area pipeline,🟠 req-class: EUDI_required; blocked: mock verifier; credimi: PR1295 no YAML,source: FCAF repo; no PR1295 YAML
,"=HYPERLINK(""https://github.com/eu-digital-identity-wallet/eudi-doc-functional-conformance-assessment/blob/88ab69a/docs/fcaf/suts/wallet_solution/relying_party/MessageStructure/ProtocolMessages/WS_RP_MS_ProtocolMessages__144.md"",""WS_RP_MS_ProtocolMessages_144"")",EUDI_required,🟡 implemented verifier-blocked,,,x,,x,,x,MessageStructure / ProtocolMessages,EUDI_generic,"WS, RP-PI, OID4VP-PM","🔎, WU, 📸",not implemented: unsigned HTTPS-prefix request plus exact invalid_request capture requires raw mock verifier; generated: test YAML + Capture Wallet area pipeline,🟠 req-class: EUDI_required; blocked: mock verifier; credimi: PR1295 no YAML,source: FCAF repo; no PR1295 YAML
,"=HYPERLINK(""https://github.com/eu-digital-identity-wallet/eudi-doc-functional-conformance-assessment/blob/88ab69a/docs/fcaf/suts/wallet_solution/relying_party/MessageStructure/ProtocolMessages/WS_RP_MS_ProtocolMessages__145.md"",""WS_RP_MS_ProtocolMessages_145"")",EUDI_required,🟡 implemented verifier-blocked,,,x,,x,,x,MessageStructure / ProtocolMessages,EUDI_generic,"WS, RP-PI, OID4VP-PM","🔎, WU, 📸",not implemented: locally known verifier metadata conflict and exact invalid_client capture require stateful mock verifier; generated: test YAML + Capture Wallet area pipeline,🟠 req-class: EUDI_required; blocked: stateful mock verifier; credimi: PR1295 no YAML,source: FCAF repo; no PR1295 YAML
,"=HYPERLINK(""https://github.com/eu-digital-identity-wallet/eudi-doc-functional-conformance-assessment/blob/88ab69a/docs/fcaf/suts/wallet_solution/relying_party/MessageStructure/ProtocolMessages/WS_RP_MS_ProtocolMessages__146.md"",""WS_RP_MS_ProtocolMessages_146"")",EUDI_required,🟡 implemented verifier-blocked,,,x,,x,,x,MessageStructure / ProtocolMessages,EUDI_generic,"WS, RP-PI, OID4VP-PM","🔎, WU, 📸",not implemented: trusted-registry metadata conflict and exact invalid_client capture require stateful mock verifier/registry; generated: test YAML + Capture Wallet area pipeline,🟠 req-class: EUDI_required; blocked: stateful mock verifier; credimi: PR1295 no YAML,source: FCAF repo; no PR1295 YAML
,"=HYPERLINK(""https://github.com/eu-digital-identity-wallet/eudi-doc-functional-conformance-assessment/blob/88ab69a/docs/fcaf/suts/wallet_solution/relying_party/MessageStructure/ProtocolMessages/WS_RP_MS_ProtocolMessages__147.md"",""WS_RP_MS_ProtocolMessages_147"")",EUDI_required,🟢 ready,,,x,,x,,x,MessageStructure / ProtocolMessages,EUDI_generic,"WS, RP-PI, OID4VP-PM","CDV, 🔎, WU, 📸",reuses no-matching-credentials pipeline; strict unavailable-document UI without a credential row plus exact access_denied; emulator UI passed but Wallet sent no response and verifier poll returned HTTP 400,🟢 req-class: EUDI_required; credimi: PR1295 YAML ready; reference Wallet fails,source: FCAF repo; PR1295 YAML
,"=HYPERLINK(""https://github.com/eu-digital-identity-wallet/eudi-doc-functional-conformance-assessment/blob/88ab69a/docs/fcaf/suts/wallet_solution/relying_party/MessageStructure/ProtocolMessages/WS_RP_MS_ProtocolMessages__148.md"",""WS_RP_MS_ProtocolMessages_148"")",EUDI_required,🟢 ready,,,x,,x,,x,MessageStructure / ProtocolMessages,EUDI_generic,"WS, RP-PI, OID4VP-PM","CDV, 🔎, WU, 📸",dedicated available-PID consent flow captures consent and denial screens; requires no vp_token and exact access_denied; emulator UI passed but Wallet sent no response and verifier poll returned HTTP 400,🟢 req-class: EUDI_required; credimi: PR1295 YAML ready; reference Wallet fails,source: FCAF repo; PR1295 YAML
,"=HYPERLINK(""https://github.com/eu-digital-identity-wallet/eudi-doc-functional-conformance-assessment/blob/88ab69a/docs/fcaf/suts/wallet_solution/relying_party/MessageStructure/ProtocolMessages/WS_RP_MS_ProtocolMessages__149.md"",""WS_RP_MS_ProtocolMessages_149"")",EUDI_required,🟢 ready,,,x,,x,,x,MessageStructure / ProtocolMessages,EUDI_generic,"WS, RP-PI, OID4VP-PM","CDV, 🔎, WU, 📸",validators: dcql.response_satisfies_constraints access_denied_required and evidence.non_empty; one invalid PIN attempt must produce a captured access_denied with no vp_token or the test fails,🟢 req-class: EUDI_required; credimi: PR1295 YAML ready; reference wallet currently fails with no response,source: FCAF repo; PR1295 YAML
,"=HYPERLINK(""https://github.com/eu-digital-identity-wallet/eudi-doc-functional-conformance-assessment/blob/88ab69a/docs/fcaf/suts/wallet_solution/relying_party/MessageStructure/ProtocolMessages/WS_RP_MS_ProtocolMessages__150.md"",""WS_RP_MS_ProtocolMessages_150"")",EUDI_required,🟡 implemented verifier-blocked,,,x,,x,,x,MessageStructure / ProtocolMessages,EUDI_generic,"WS, RP-PI, OID4VP-PM","🔎, WU, 📸",not implemented: public verifier rejects vc+sd-jwt request creation with HTTP 400 UnsupportedFormat before the Wallet receives it; exact vp_formats_not_supported requires a mock verifier; generated: test YAML + Capture Wallet area pipeline,🟠 req-class: EUDI_required; blocked: mock verifier; credimi: PR1295 no YAML,source: FCAF repo; public verifier probe 15/07/2026
,"=HYPERLINK(""https://github.com/eu-digital-identity-wallet/eudi-doc-functional-conformance-assessment/blob/88ab69a/docs/fcaf/suts/wallet_solution/relying_party/MessageStructure/ProtocolMessages/WS_RP_MS_ProtocolMessages__151.md"",""WS_RP_MS_ProtocolMessages_151"")",EUDI_required,🟡 implemented verifier-blocked,,,x,,x,,x,MessageStructure / ProtocolMessages,EUDI_generic,"WS, RP-PI, OID4VP-PM","🔎, WU, 📸",not implemented for reference Wallet: prerequisite requires vc+sd-jwt support without mso_mdoc support but the Wallet supports mso_mdoc and does not satisfy that capability profile; generated: test YAML + Capture Wallet area pipeline,🟠 req-class: EUDI_required; blocked: incompatible SUT prerequisite; credimi: PR1295 no YAML,source: FCAF repo; reference Wallet capability mismatch
,"=HYPERLINK(""https://github.com/eu-digital-identity-wallet/eudi-doc-functional-conformance-assessment/blob/88ab69a/docs/fcaf/suts/wallet_solution/relying_party/MessageStructure/ProtocolMessages/WS_RP_MS_ProtocolMessages__152.md"",""WS_RP_MS_ProtocolMessages_152"")",EUDI_required,🟢 ready,,,x,,x,,x,MessageStructure / ProtocolMessages,EUDI_generic,"WS, RP-PI, OID4VP-PM","CDV, 🔎, WU, 📸",valid public-verifier request URI with request_uri_method=DELETE reaches Wallet generic error without credential selection; requires no vp_token and exact invalid_request_uri_method; verifier poll returned HTTP 400,🟢 req-class: EUDI_required; credimi: PR1295 YAML ready; reference Wallet fails,source: FCAF repo; PR1295 YAML
,"=HYPERLINK(""https://github.com/eu-digital-identity-wallet/eudi-doc-functional-conformance-assessment/blob/88ab69a/docs/fcaf/suts/wallet_solution/relying_party/MessageStructure/ProtocolMessages/WS_RP_MS_ProtocolMessages__153.md"",""WS_RP_MS_ProtocolMessages_153"")",EUDI_required,🟢 ready,,,x,,x,,x,MessageStructure / ProtocolMessages,EUDI_generic,"WS, RP-PI, OID4VP-PM","🔎, WU, 📸",validators: dcql.response_satisfies_constraints transaction_data_error_required and evidence.non_empty; unsupported transaction_data.type must result in captured invalid_transaction_data or the test fails,🟢 req-class: EUDI_required; credimi: PR1295 YAML ready; reference wallet response remains to be observed,source: FCAF repo; PR1295 YAML
,"=HYPERLINK(""https://github.com/eu-digital-identity-wallet/eudi-doc-functional-conformance-assessment/blob/88ab69a/docs/fcaf/suts/wallet_solution/relying_party/MessageStructure/ProtocolMessages/WS_RP_MS_ProtocolMessages__154.md"",""WS_RP_MS_ProtocolMessages_154"")",EUDI_required,🟡 implemented verifier-blocked,,,x,,x,,x,MessageStructure / ProtocolMessages,EUDI_generic,"WS, RP-PI, OID4VP-PM","🔎, WU, 📸",not implemented: unknown field requires a suite-defined supported transaction_data schema plus mock-verifier signed request and exact error capture; generated: test YAML + Capture Wallet area pipeline,🟠 req-class: EUDI_required; blocked: transaction fixture and mock verifier; credimi: PR1295 no YAML,source: FCAF repo; no PR1295 YAML
,"=HYPERLINK(""https://github.com/eu-digital-identity-wallet/eudi-doc-functional-conformance-assessment/blob/88ab69a/docs/fcaf/suts/wallet_solution/relying_party/MessageStructure/ProtocolMessages/WS_RP_MS_ProtocolMessages__155.md"",""WS_RP_MS_ProtocolMessages_155"")",EUDI_required,🟡 implemented verifier-blocked,,,x,,x,,x,MessageStructure / ProtocolMessages,EUDI_generic,"WS, RP-PI, OID4VP-PM","🔎, WU, 📸",not implemented: wrong field type requires a suite-defined supported transaction_data schema plus mock-verifier signed request and exact error capture; generated: test YAML + Capture Wallet area pipeline,🟠 req-class: EUDI_required; blocked: transaction fixture and mock verifier; credimi: PR1295 no YAML,source: FCAF repo; no PR1295 YAML
,"=HYPERLINK(""https://github.com/eu-digital-identity-wallet/eudi-doc-functional-conformance-assessment/blob/88ab69a/docs/fcaf/suts/wallet_solution/relying_party/MessageStructure/ProtocolMessages/WS_RP_MS_ProtocolMessages__156.md"",""WS_RP_MS_ProtocolMessages_156"")",EUDI_required,🟡 implemented verifier-blocked,,,x,,x,,x,MessageStructure / ProtocolMessages,EUDI_generic,"WS, RP-PI, OID4VP-PM","🔎, WU, 📸",not implemented: out-of-range field requires a suite-defined supported transaction_data schema plus mock-verifier signed request and exact error capture; generated: test YAML + Capture Wallet area pipeline,🟠 req-class: EUDI_required; blocked: transaction fixture and mock verifier; credimi: PR1295 no YAML,source: FCAF repo; no PR1295 YAML
,"=HYPERLINK(""https://github.com/eu-digital-identity-wallet/eudi-doc-functional-conformance-assessment/blob/88ab69a/docs/fcaf/suts/wallet_solution/relying_party/MessageStructure/ProtocolMessages/WS_RP_MS_ProtocolMessages__157.md"",""WS_RP_MS_ProtocolMessages_157"")",EUDI_required,🟡 implemented verifier-blocked,,,x,,x,,x,MessageStructure / ProtocolMessages,EUDI_generic,"WS, RP-PI, OID4VP-PM","🔎, WU, 📸",not implemented: missing mandatory field requires a suite-defined supported transaction_data schema plus mock-verifier signed request and exact error capture; generated: test YAML + Capture Wallet area pipeline,🟠 req-class: EUDI_required; blocked: transaction fixture and mock verifier; credimi: PR1295 no YAML,source: FCAF repo; no PR1295 YAML
,"=HYPERLINK(""https://github.com/eu-digital-identity-wallet/eudi-doc-functional-conformance-assessment/blob/88ab69a/docs/fcaf/suts/wallet_solution/relying_party/MessageStructure/ProtocolMessages/WS_RP_MS_ProtocolMessages__158.md"",""WS_RP_MS_ProtocolMessages_158"")",EUDI_required,🟡 implemented verifier-blocked,,,x,,x,,x,MessageStructure / ProtocolMessages,EUDI_generic,"WS, RP-PI, OID4VP-PM","🔎, WU, 📸",not implemented: mismatched transaction_data credential_ids require a controlled signed request from a mock verifier and exact invalid_transaction_data capture; generated: test YAML + Capture Wallet area pipeline,🟠 req-class: EUDI_required; blocked: mock verifier; credimi: PR1295 no YAML,source: FCAF repo; no PR1295 YAML
,"=HYPERLINK(""https://github.com/eu-digital-identity-wallet/eudi-doc-functional-conformance-assessment/blob/88ab69a/docs/fcaf/suts/wallet_solution/relying_party/MessageStructure/ProtocolMessages/WS_RP_MS_ProtocolMessages__159.md"",""WS_RP_MS_ProtocolMessages_159"")",EUDI_required,🟡 implemented verifier-blocked,,,x,,x,,x,MessageStructure / ProtocolMessages,EUDI_generic,"WS, RP-PI, OID4VP-PM","🔎, WU, 📸",not implemented: unavailable transaction_data credential_ids require a controlled signed request from a mock verifier and exact invalid_transaction_data capture; generated: test YAML + Capture Wallet area pipeline,🟠 req-class: EUDI_required; blocked: mock verifier; credimi: PR1295 no YAML,source: FCAF repo; no PR1295 YAML
,"=HYPERLINK(""https://github.com/eu-digital-identity-wallet/eudi-doc-functional-conformance-assessment/blob/88ab69a/docs/fcaf/suts/wallet_solution/relying_party/SecurityMechanisms/DeviceBinding/WS_RP_SM_DeviceBinding__002.md"",""WS_RP_SM_DeviceBinding_002"")",EUDI_required,🟡 implemented verifier-blocked,,,x,,x,,x,SecurityMechanisms / DeviceBinding,EUDI_generic,"WS, RP-PI, SM","🔎, WU, 📸",not implemented: valid key-bound verifier_info attestation with nonce and client_id requires a controllable attestation signer; public verifier request has no verifier_info; generated: test YAML + Capture Wallet area pipeline,🟠 req-class: EUDI_required; blocked: mock verifier attestation generator; credimi: PR1295 no YAML,source: FCAF repo; public verifier probe 15/07/2026
,"=HYPERLINK(""https://github.com/eu-digital-identity-wallet/eudi-doc-functional-conformance-assessment/blob/88ab69a/docs/fcaf/suts/wallet_solution/relying_party/SecurityMechanisms/DeviceBinding/WS_RP_SM_DeviceBinding__003.md"",""WS_RP_SM_DeviceBinding_003"")",EUDI_required,🟡 implemented verifier-blocked,,,x,,x,,x,SecurityMechanisms / DeviceBinding,EUDI_generic,"WS, RP-PI, SM","🔎, WU, 📸",not implemented: verifier_info attestation missing nonce or client_id requires a controllable signer and exact Wallet rejection evidence; generated: test YAML + Capture Wallet area pipeline,🟠 req-class: EUDI_required; blocked: mock verifier attestation generator; credimi: PR1295 no YAML,source: FCAF repo; no PR1295 YAML
,"=HYPERLINK(""https://github.com/eu-digital-identity-wallet/eudi-doc-functional-conformance-assessment/blob/88ab69a/docs/fcaf/suts/wallet_solution/relying_party/SecurityMechanisms/DeviceBinding/WS_RP_SM_DeviceBinding__004.md"",""WS_RP_SM_DeviceBinding_004"")",EUDI_required,🟡 implemented verifier-blocked,,,x,,x,,x,SecurityMechanisms / DeviceBinding,EUDI_generic,"WS, RP-PI, SM","🔎, WU, 📸",not implemented: valid profile-specific verifier_info proof requires a controllable attestation signer; public verifier request has no verifier_info; generated: test YAML + Capture Wallet area pipeline,🟠 req-class: EUDI_required; blocked: mock verifier attestation generator; credimi: PR1295 no YAML,source: FCAF repo; no PR1295 YAML
,"=HYPERLINK(""https://github.com/eu-digital-identity-wallet/eudi-doc-functional-conformance-assessment/blob/88ab69a/docs/fcaf/suts/wallet_solution/relying_party/SecurityMechanisms/DeviceBinding/WS_RP_SM_DeviceBinding__005.md"",""WS_RP_SM_DeviceBinding_005"")",EUDI_required,🟡 implemented verifier-blocked,,,x,,x,,x,SecurityMechanisms / DeviceBinding,EUDI_generic,"WS, RP-PI, SM","🔎, WU, 📸",not implemented: invalid profile-specific verifier_info proof requires a controllable attestation signer and exact Wallet rejection evidence; generated: test YAML + Capture Wallet area pipeline,🟠 req-class: EUDI_required; blocked: mock verifier attestation generator; credimi: PR1295 no YAML,source: FCAF repo; no PR1295 YAML
,"=HYPERLINK(""https://github.com/eu-digital-identity-wallet/eudi-doc-functional-conformance-assessment/blob/88ab69a/docs/fcaf/suts/wallet_solution/relying_party/SecurityMechanisms/DeviceBinding/WS_RP_SM_DeviceBinding__006.md"",""WS_RP_SM_DeviceBinding_006"")",EUDI_required,🟡 implemented verifier-blocked,,,x,,x,,x,SecurityMechanisms / DeviceBinding,EUDI_generic,"WS, RP-PI, SM","🔎, WU, 📸",not implemented: unknown verifier_info attestation type requires a controlled signed request and proof that processing continues; generated: test YAML + Capture Wallet area pipeline,🟠 req-class: EUDI_required; blocked: mock verifier attestation generator; credimi: PR1295 no YAML,source: FCAF repo; no PR1295 YAML
,"=HYPERLINK(""https://github.com/eu-digital-identity-wallet/eudi-doc-functional-conformance-assessment/blob/88ab69a/docs/fcaf/suts/wallet_solution/relying_party/SecurityMechanisms/DeviceBinding/WS_RP_SM_DeviceBinding__007.md"",""WS_RP_SM_DeviceBinding_007"")",EUDI_required,🟢 ready,,,x,,x,,x,SecurityMechanisms / DeviceBinding,EUDI_generic,"WS, RP-PI, SM","CDV, 🔎, WU, 📸",validators sdjwt.cnf_conforms and sdjwt.key_binding_matches_cnf verify every returned PID presentation: issuer-signed RFC7800 cnf structure plus KB-JWT signature and RFC9901 sd_hash against each cnf.jwk; kid/jku/jwe require resolver evidence and return blocked rather than partial pass; live Maestro evidence presented both stored PIDs and both cryptographic checks passed,🟢 req-class: EUDI_required; credimi: PR1295 YAML ready and emulator verified,source: FCAF repo; PR1295 YAML; live reference-wallet verifier response
,"=HYPERLINK(""https://github.com/eu-digital-identity-wallet/eudi-doc-functional-conformance-assessment/blob/88ab69a/docs/fcaf/suts/wallet_solution/relying_party/SecurityMechanisms/DeviceBinding/WS_RP_SM_DeviceBinding__008.md"",""WS_RP_SM_DeviceBinding_008"")",EUDI_required,🟢 ready,,,x,,x,,x,SecurityMechanisms / DeviceBinding,EUDI_generic,"WS, RP-PI, SM","CDV, 🔎, WU, 📸",reuses live holder-binding true pipeline; asserts require_cryptographic_holder_binding equals true, every returned SD-JWT has a valid cnf claim, and consent evidence is stored,🟢 req-class: EUDI_required; credimi: PR1295 YAML ready,source: FCAF repo; PR1295 YAML
,"=HYPERLINK(""https://github.com/eu-digital-identity-wallet/eudi-doc-functional-conformance-assessment/blob/88ab69a/docs/fcaf/suts/wallet_solution/relying_party/SecurityMechanisms/DeviceBinding/WS_RP_SM_DeviceBinding__009.md"",""WS_RP_SM_DeviceBinding_009"")",EUDI_required,🟢 ready,,,x,,x,,x,SecurityMechanisms / DeviceBinding,EUDI_generic,"WS, RP-PI, SM","CDV, 🔎, WU, 📸",reuses live holder-binding false pipeline; asserts require_cryptographic_holder_binding equals false and every returned SD-JWT retains a valid cnf claim with visual consent evidence; emulator execution skipped 16/07/2026 because Maestro MCP is unavailable and the local Credimi instance has no registered mobile runner,🟢 req-class: EUDI_required; credimi: PR1295 YAML ready,source: FCAF repo; PR1295 YAML
,"=HYPERLINK(""https://github.com/eu-digital-identity-wallet/eudi-doc-functional-conformance-assessment/blob/88ab69a/docs/fcaf/suts/wallet_solution/relying_party/SecurityMechanisms/DeviceBinding/WS_RP_SM_DeviceBinding__010.md"",""WS_RP_SM_DeviceBinding_010"")",EUDI_required,🟢 ready,,,x,,x,,x,SecurityMechanisms / DeviceBinding,EUDI_generic,"WS, RP-PI, SM","CDV, 🔎, WU, 📸",reuses live PID SD-JWT presentation; sdjwt.cnf_conforms requires every cnf to identify exactly one valid RFC7800 proof-of-possession key and stores visual consent evidence,🟢 req-class: EUDI_required; credimi: PR1295 YAML ready,source: FCAF repo; PR1295 YAML
,"=HYPERLINK(""https://github.com/eu-digital-identity-wallet/eudi-doc-functional-conformance-assessment/blob/88ab69a/docs/fcaf/suts/wallet_solution/relying_party/SecurityMechanisms/DeviceBinding/WS_RP_SM_DeviceBinding__011.md"",""WS_RP_SM_DeviceBinding_011"")",EUDI_required,🟢 ready,,,x,,x,,x,SecurityMechanisms / DeviceBinding,EUDI_generic,"WS, RP-PI, SM","CDV, 🔎, WU, 📸",reuses live PID SD-JWT presentation; verifies every cnf confirmation method and each KB-JWT signature plus RFC9901 sd_hash against its cnf.jwk with visual consent evidence,🟢 req-class: EUDI_required; credimi: PR1295 YAML ready,source: FCAF repo; PR1295 YAML
,"=HYPERLINK(""https://github.com/eu-digital-identity-wallet/eudi-doc-functional-conformance-assessment/blob/88ab69a/docs/fcaf/suts/wallet_solution/relying_party/SecurityMechanisms/DeviceBinding/WS_RP_SM_DeviceBinding__012.md"",""WS_RP_SM_DeviceBinding_012"")",EUDI_required,🟢 ready,,,x,,x,,x,SecurityMechanisms / DeviceBinding,EUDI_generic,"WS, RP-PI, SM","CDV, 🔎, WU, 📸",validators sdjwt.cnf_conforms and sdjwt.kb_jwt_present verify every returned PID presentation carries a structurally valid KB-JWT (typ: kb+jwt, iat, aud, nonce, sd_hash) without requiring cryptographic key-binding verification; reuses shared PID SD-JWT all-claims pipeline with visual consent evidence,🟢 req-class: EUDI_required; credimi: PR1295 YAML ready,source: FCAF repo; PR1295 YAML
,"=HYPERLINK(""https://github.com/eu-digital-identity-wallet/eudi-doc-functional-conformance-assessment/blob/88ab69a/docs/fcaf/suts/wallet_solution/relying_party/SecurityMechanisms/IssuerIntegrity/WS_RP_SM_IssuerIntegrity__012.md"",""WS_RP_SM_IssuerIntegrity_012"")",EUDI_required,🟡 implemented verifier-blocked,,x,x,,x,,x,SecurityMechanisms / IssuerIntegrity,EUDI_generic,"WS, RP-PI, SM","🏛️, 🔎, WU, 📸",validators: none in PR1295; Maestro/pipeline precondition not implemented in PR1295; requires revoked ISO mdoc/MSO issuer fixture and verifier error assertion; generated: test YAML + Capture Wallet area pipeline,🟠 req-class: EUDI_required; credimi: PR1295 no YAML,source: FCAF repo; no PR1295 YAML
,"=HYPERLINK(""https://github.com/eu-digital-identity-wallet/eudi-doc-functional-conformance-assessment/blob/88ab69a/docs/fcaf/suts/wallet_solution/relying_party/SecurityMechanisms/IssuerIntegrity/WS_RP_SM_IssuerIntegrity__013.md"",""WS_RP_SM_IssuerIntegrity_013"")",EUDI_required,🟢 ready,,x,x,,x,,x,SecurityMechanisms / IssuerIntegrity,EUDI_generic,"WS, RP-PI, SM","🏛️, 🔎, WU, 📸",validators: sdjwt.issuer_x509_header; preconditions: pipeline.pid.presentation.sdjwt.all-claims; reuses live PID SD-JWT issuance and presentation Maestro flow; reference credential issuer header contained a parseable x5c certificate chain,🟢 req-class: EUDI_required; credimi: PR1295 YAML ready,source: FCAF repo; PR1295 YAML
,"=HYPERLINK(""https://github.com/eu-digital-identity-wallet/eudi-doc-functional-conformance-assessment/blob/88ab69a/docs/fcaf/suts/wallet_solution/relying_party/SecurityMechanisms/IssuerIntegrity/WS_RP_SM_IssuerIntegrity__014.md"",""WS_RP_SM_IssuerIntegrity_014"")",EUDI_required,🟡 implemented verifier-blocked,,x,x,,x,x,x,SecurityMechanisms / IssuerIntegrity,EUDI_generic,"WS, RP-PI, SM","CDV, 🏛️, 🔎, WU, 📸",validators: none in PR1295; Maestro/pipeline precondition not implemented in PR1295; adapt IssuerIntegrity_013 SD-JWT VC X.509 flow; missing validator/assertion for x5c trust-anchor exclusion; generated: test YAML + proper validators + area pipeline,🟠 req-class: EUDI_required; credimi: PR1295 no YAML,source: FCAF repo; no PR1295 YAML
,"=HYPERLINK(""https://github.com/eu-digital-identity-wallet/eudi-doc-functional-conformance-assessment/blob/88ab69a/docs/fcaf/suts/wallet_solution/relying_party/SecurityMechanisms/RpIntegrity/WS_RP_SM_RpIntegrity_CryptographicSignature_002.md"",""WS_RP_SM_RpIntegrity_CryptographicSignature002"")",EUDI_required,🟡 implemented verifier-blocked,,,x,,x,,x,SecurityMechanisms / RpIntegrity,EUDI_generic,"WS, RP-PI, SM","🔎, WU, 📸",validators: none in PR1295; Maestro/pipeline precondition not implemented in PR1295; new principal Maestro/pipeline flow for SecurityMechanisms / RpIntegrity; generated: test YAML + validators + area pipeline,🟠 req-class: EUDI_required; credimi: PR1295 no YAML,source: FCAF repo; no PR1295 YAML
,"=HYPERLINK(""https://github.com/eu-digital-identity-wallet/eudi-doc-functional-conformance-assessment/blob/88ab69a/docs/fcaf/suts/wallet_solution/relying_party/SecurityMechanisms/RpIntegrity/WS_RP_SM_RpIntegrity_CryptographicSignature_003.md"",""WS_RP_SM_RpIntegrity_CryptographicSignature003"")",EUDI_required,🟡 implemented verifier-blocked,,,x,,x,,x,SecurityMechanisms / RpIntegrity,EUDI_generic,"WS, RP-PI, SM","🔎, WU, 📸",validators: none in PR1295; Maestro/pipeline precondition not implemented in PR1295; adapt same SecurityMechanisms / RpIntegrity flow with small request/assert changes; generated: test YAML + validators + area pipeline,🟠 req-class: EUDI_required; credimi: PR1295 no YAML,source: FCAF repo; no PR1295 YAML
,"=HYPERLINK(""https://github.com/eu-digital-identity-wallet/eudi-doc-functional-conformance-assessment/blob/88ab69a/docs/fcaf/suts/wallet_solution/relying_party/SecurityMechanisms/RpIntegrity/WS_RP_SM_RpIntegrity_CryptographicSignature_004.md"",""WS_RP_SM_RpIntegrity_CryptographicSignature004"")",EUDI_required,🟡 implemented verifier-blocked,,,x,,x,,x,SecurityMechanisms / RpIntegrity,EUDI_generic,"WS, RP-PI, SM","🔎, WU, 📸",validators: none in PR1295; Maestro/pipeline precondition not implemented in PR1295; adapt same SecurityMechanisms / RpIntegrity flow with small request/assert changes; generated: test YAML + validators + area pipeline,🟠 req-class: EUDI_required; credimi: PR1295 no YAML,source: FCAF repo; no PR1295 YAML
,"=HYPERLINK(""https://github.com/eu-digital-identity-wallet/eudi-doc-functional-conformance-assessment/blob/88ab69a/docs/fcaf/suts/wallet_solution/relying_party/SecurityMechanisms/RpIntegrity/WS_RP_SM_RpIntegrity__004.md"",""WS_RP_SM_RpIntegrity_004"")",EUDI_required,🟡 implemented verifier-blocked,x,,x,,x,,x,SecurityMechanisms / RpIntegrity,EUDI_generic,"WS, RP-PI, SM","🔎, WU, 📸, CAW",validators: none in PR1295; Maestro/pipeline precondition not implemented in PR1295; source trigger: DC API / Credential API; generated: test YAML + Capture Wallet area pipeline,🟠 req-class: EUDI_required; credimi: PR1295 no YAML,source: FCAF repo; no PR1295 YAML
,"=HYPERLINK(""https://github.com/eu-digital-identity-wallet/eudi-doc-functional-conformance-assessment/blob/88ab69a/docs/fcaf/suts/wallet_solution/relying_party/SecurityMechanisms/RpIntegrity/WS_RP_SM_RpIntegrity__005.md"",""WS_RP_SM_RpIntegrity_005"")",EUDI_required,🟡 implemented verifier-blocked,x,,x,,x,,x,SecurityMechanisms / RpIntegrity,EUDI_generic,"WS, RP-PI, SM","🔎, WU, 📸, CAW",validators: none in PR1295; Maestro/pipeline precondition not implemented in PR1295; adapt same SecurityMechanisms / RpIntegrity flow with small request/assert changes; source trigger: DC API / Credential API; generated: test YAML + validators + area pipeline,🟠 req-class: EUDI_required; credimi: PR1295 no YAML,source: FCAF repo; no PR1295 YAML
,"=HYPERLINK(""https://github.com/eu-digital-identity-wallet/eudi-doc-functional-conformance-assessment/blob/88ab69a/docs/fcaf/suts/wallet_solution/relying_party/SecurityMechanisms/RpIntegrity/WS_RP_SM_RpIntegrity__006.md"",""WS_RP_SM_RpIntegrity_006"")",EUDI_required,🟡 implemented verifier-blocked,,,x,,x,,x,SecurityMechanisms / RpIntegrity,EUDI_generic,"WS, RP-PI, SM","🔎, WU, 📸",validators: none in PR1295; Maestro/pipeline precondition not implemented in PR1295; adapt same SecurityMechanisms / RpIntegrity flow with small request/assert changes; source trigger: click link / scan QR code; generated: test YAML + validators + area pipeline,🟠 req-class: EUDI_required; credimi: PR1295 no YAML,source: FCAF repo; no PR1295 YAML
,"=HYPERLINK(""https://github.com/eu-digital-identity-wallet/eudi-doc-functional-conformance-assessment/blob/88ab69a/docs/fcaf/suts/wallet_solution/relying_party/SecurityMechanisms/RpIntegrity/WS_RP_SM_RpIntegrity__007.md"",""WS_RP_SM_RpIntegrity_007"")",EUDI_required,🟡 implemented verifier-blocked,,,x,,x,,x,SecurityMechanisms / RpIntegrity,EUDI_generic,"WS, RP-PI, SM","🔎, WU, 📸",validators: none in PR1295; Maestro/pipeline precondition not implemented in PR1295; adapt same SecurityMechanisms / RpIntegrity flow with small request/assert changes; source trigger: click link / scan QR code; generated: test YAML + validators + area pipeline,🟠 req-class: EUDI_required; credimi: PR1295 no YAML,source: FCAF repo; no PR1295 YAML
,"=HYPERLINK(""https://github.com/eu-digital-identity-wallet/eudi-doc-functional-conformance-assessment/blob/88ab69a/docs/fcaf/suts/wallet_solution/relying_party/SecurityMechanisms/RpIntegrity/WS_RP_SM_RpIntegrity__008.md"",""WS_RP_SM_RpIntegrity_008"")",EUDI_required,🟡 implemented verifier-blocked,,,x,,x,,x,SecurityMechanisms / RpIntegrity,EUDI_generic,"WS, RP-PI, SM","🔎, WU, 📸",validators: none in PR1295; Maestro/pipeline precondition not implemented in PR1295; adapt same SecurityMechanisms / RpIntegrity flow with small request/assert changes; source trigger: click link / scan QR code; generated: test YAML + validators + area pipeline,🟠 req-class: EUDI_required; credimi: PR1295 no YAML,source: FCAF repo; no PR1295 YAML
,"=HYPERLINK(""https://github.com/eu-digital-identity-wallet/eudi-doc-functional-conformance-assessment/blob/88ab69a/docs/fcaf/suts/wallet_solution/relying_party/SecurityMechanisms/RpIntegrity/WS_RP_SM_RpIntegrity__009.md"",""WS_RP_SM_RpIntegrity_009"")",EUDI_required,🟡 implemented verifier-blocked,,,x,,x,,x,SecurityMechanisms / RpIntegrity,EUDI_generic,"WS, RP-PI, SM","🔎, WU, 📸",validators: none in PR1295; Maestro/pipeline precondition not implemented in PR1295; adapt same SecurityMechanisms / RpIntegrity flow with small request/assert changes; source trigger: click link / scan QR code; generated: test YAML + validators + area pipeline,🟠 req-class: EUDI_required; credimi: PR1295 no YAML,source: FCAF repo; no PR1295 YAML
,"=HYPERLINK(""https://github.com/eu-digital-identity-wallet/eudi-doc-functional-conformance-assessment/blob/88ab69a/docs/fcaf/suts/wallet_solution/relying_party/SecurityMechanisms/RpIntegrity/WS_RP_SM_RpIntegrity__010.md"",""WS_RP_SM_RpIntegrity_010"")",EUDI_required,🟡 implemented verifier-blocked,,,x,,x,,x,SecurityMechanisms / RpIntegrity,EUDI_generic,"WS, RP-PI, SM","🔎, WU, 📸",validators: none in PR1295; Maestro/pipeline precondition not implemented in PR1295; adapt same SecurityMechanisms / RpIntegrity flow with small request/assert changes; source trigger: click link / scan QR code; generated: test YAML + validators + area pipeline,🟠 req-class: EUDI_required; credimi: PR1295 no YAML,source: FCAF repo; no PR1295 YAML
,"=HYPERLINK(""https://github.com/eu-digital-identity-wallet/eudi-doc-functional-conformance-assessment/blob/88ab69a/docs/fcaf/suts/wallet_solution/relying_party/SecurityMechanisms/RpIntegrity/WS_RP_SM_RpIntegrity__011.md"",""WS_RP_SM_RpIntegrity_011"")",EUDI_required,🟡 implemented verifier-blocked,,,x,,x,,x,SecurityMechanisms / RpIntegrity,EUDI_generic,"WS, RP-PI, SM","🔎, WU, 📸",validators: none in PR1295; Maestro/pipeline precondition not implemented in PR1295; adapt same SecurityMechanisms / RpIntegrity flow with small request/assert changes; source trigger: click link / scan QR code; generated: test YAML + validators + area pipeline,🟠 req-class: EUDI_required; credimi: PR1295 no YAML,source: FCAF repo; no PR1295 YAML
,"=HYPERLINK(""https://github.com/eu-digital-identity-wallet/eudi-doc-functional-conformance-assessment/blob/88ab69a/docs/fcaf/suts/wallet_solution/relying_party/SecurityMechanisms/RpIntegrity/WS_RP_SM_RpIntegrity__012.md"",""WS_RP_SM_RpIntegrity_012"")",EUDI_required,🟡 implemented verifier-blocked,,,x,,x,,x,SecurityMechanisms / RpIntegrity,EUDI_generic,"WS, RP-PI, SM","🔎, WU, 📸",validators: none in PR1295; Maestro/pipeline precondition not implemented in PR1295; adapt same SecurityMechanisms / RpIntegrity flow with small request/assert changes; source trigger: click link / scan QR code; generated: test YAML + validators + area pipeline,🟠 req-class: EUDI_required; credimi: PR1295 no YAML,source: FCAF repo; no PR1295 YAML
,"=HYPERLINK(""https://github.com/eu-digital-identity-wallet/eudi-doc-functional-conformance-assessment/blob/88ab69a/docs/fcaf/suts/wallet_solution/relying_party/SecurityMechanisms/RpIntegrity/WS_RP_SM_RpIntegrity__013.md"",""WS_RP_SM_RpIntegrity_013"")",EUDI_required,🟡 implemented verifier-blocked,,,x,,,,,SecurityMechanisms / RpIntegrity,EUDI_generic,"WS, RP-PI, SM",🔎,validators: none in PR1295; Maestro/pipeline precondition not implemented in PR1295; source trigger: click link / scan QR code; generated: test YAML + Capture Wallet area pipeline,🟠 req-class: EUDI_required; credimi: PR1295 no YAML,source: FCAF repo; no PR1295 YAML
,"=HYPERLINK(""https://github.com/eu-digital-identity-wallet/eudi-doc-functional-conformance-assessment/blob/88ab69a/docs/fcaf/suts/wallet_solution/relying_party/SecurityMechanisms/RpIntegrity/WS_RP_SM_RpIntegrity__014.md"",""WS_RP_SM_RpIntegrity_014"")",EUDI_required,🟡 implemented verifier-blocked,,,x,,,,,SecurityMechanisms / RpIntegrity,EUDI_generic,"WS, RP-PI, SM",🔎,validators: none in PR1295; Maestro/pipeline precondition not implemented in PR1295; source trigger: click link / scan QR code; generated: test YAML + Capture Wallet area pipeline,🟠 req-class: EUDI_required; credimi: PR1295 no YAML,source: FCAF repo; no PR1295 YAML
,"=HYPERLINK(""https://github.com/eu-digital-identity-wallet/eudi-doc-functional-conformance-assessment/blob/88ab69a/docs/fcaf/suts/wallet_solution/relying_party/SecurityMechanisms/RpIntegrity/WS_RP_SM_RpIntegrity__015.md"",""WS_RP_SM_RpIntegrity_015"")",EUDI_required,🟡 implemented verifier-blocked,,,x,,,,,SecurityMechanisms / RpIntegrity,EUDI_generic,"WS, RP-PI, SM",🔎,validators: none in PR1295; Maestro/pipeline precondition not implemented in PR1295; source trigger: click link / scan QR code; generated: test YAML + Capture Wallet area pipeline,🟠 req-class: EUDI_required; credimi: PR1295 no YAML,source: FCAF repo; no PR1295 YAML
,"=HYPERLINK(""https://github.com/eu-digital-identity-wallet/eudi-doc-functional-conformance-assessment/blob/88ab69a/docs/fcaf/suts/wallet_solution/relying_party/SecurityMechanisms/RpIntegrity/WS_RP_SM_RpIntegrity__016.md"",""WS_RP_SM_RpIntegrity_016"")",EUDI_required,🟡 implemented verifier-blocked,,,x,,,,,SecurityMechanisms / RpIntegrity,EUDI_generic,"WS, RP-PI, SM",🔎,validators: none in PR1295; Maestro/pipeline precondition not implemented in PR1295; source trigger: click link / scan QR code; generated: test YAML + Capture Wallet area pipeline,🟠 req-class: EUDI_required; credimi: PR1295 no YAML,source: FCAF repo; no PR1295 YAML
,"=HYPERLINK(""https://github.com/eu-digital-identity-wallet/eudi-doc-functional-conformance-assessment/blob/88ab69a/docs/fcaf/suts/wallet_solution/relying_party/SecurityMechanisms/RpIntegrity/WS_RP_SM_RpIntegrity__017.md"",""WS_RP_SM_RpIntegrity_017"")",EUDI_required,🟡 implemented verifier-blocked,,,x,,,,,SecurityMechanisms / RpIntegrity,EUDI_generic,"WS, RP-PI, SM",🔎,validators: none in PR1295; Maestro/pipeline precondition not implemented in PR1295; source trigger: click link / scan QR code; generated: test YAML + Capture Wallet area pipeline,🟠 req-class: EUDI_required; credimi: PR1295 no YAML,source: FCAF repo; no PR1295 YAML
,"=HYPERLINK(""https://github.com/eu-digital-identity-wallet/eudi-doc-functional-conformance-assessment/blob/88ab69a/docs/fcaf/suts/wallet_solution/relying_party/SecurityMechanisms/RpIntegrity/WS_RP_SM_RpIntegrity__018.md"",""WS_RP_SM_RpIntegrity_018"")",EUDI_required,🟡 implemented verifier-blocked,,,x,,,,,SecurityMechanisms / RpIntegrity,EUDI_generic,"WS, RP-PI, SM",🔎,validators: none in PR1295; Maestro/pipeline precondition not implemented in PR1295; source trigger: click link / scan QR code; generated: test YAML + Capture Wallet area pipeline,🟠 req-class: EUDI_required; credimi: PR1295 no YAML,source: FCAF repo; no PR1295 YAML
,"=HYPERLINK(""https://github.com/eu-digital-identity-wallet/eudi-doc-functional-conformance-assessment/blob/88ab69a/docs/fcaf/suts/wallet_solution/relying_party/SecurityMechanisms/RpIntegrity/WS_RP_SM_RpIntegrity__019.md"",""WS_RP_SM_RpIntegrity_019"")",EUDI_required,🟡 implemented verifier-blocked,,,x,,,,,SecurityMechanisms / RpIntegrity,EUDI_generic,"WS, RP-PI, SM",🔎,validators: none in PR1295; Maestro/pipeline precondition not implemented in PR1295; source trigger: click link / scan QR code; generated: test YAML + Capture Wallet area pipeline,🟠 req-class: EUDI_required; credimi: PR1295 no YAML,source: FCAF repo; no PR1295 YAML
,"=HYPERLINK(""https://github.com/eu-digital-identity-wallet/eudi-doc-functional-conformance-assessment/blob/88ab69a/docs/fcaf/suts/wallet_solution/relying_party/SecurityMechanisms/RpIntegrity/WS_RP_SM_RpIntegrity__020.md"",""WS_RP_SM_RpIntegrity_020"")",EUDI_required,🟡 implemented verifier-blocked,,,x,,,,,SecurityMechanisms / RpIntegrity,EUDI_generic,"WS, RP-PI, SM",🔎,validators: none in PR1295; Maestro/pipeline precondition not implemented in PR1295; source trigger: click link / scan QR code; generated: test YAML + Capture Wallet area pipeline,🟠 req-class: EUDI_required; credimi: PR1295 no YAML,source: FCAF repo; no PR1295 YAML
,"=HYPERLINK(""https://github.com/eu-digital-identity-wallet/eudi-doc-functional-conformance-assessment/blob/88ab69a/docs/fcaf/suts/wallet_solution/relying_party/SecurityMechanisms/RpIntegrity/WS_RP_SM_RpIntegrity__021.md"",""WS_RP_SM_RpIntegrity_021"")",EUDI_required,🟡 implemented verifier-blocked,,,x,,,,,SecurityMechanisms / RpIntegrity,EUDI_generic,"WS, RP-PI, SM",🔎,validators: none in PR1295; Maestro/pipeline precondition not implemented in PR1295; source trigger: click link / scan QR code; generated: test YAML + Capture Wallet area pipeline,🟠 req-class: EUDI_required; credimi: PR1295 no YAML,source: FCAF repo; no PR1295 YAML
,"=HYPERLINK(""https://github.com/eu-digital-identity-wallet/eudi-doc-functional-conformance-assessment/blob/88ab69a/docs/fcaf/suts/wallet_solution/relying_party/SecurityMechanisms/RpIntegrity/WS_RP_SM_RpIntegrity__022.md"",""WS_RP_SM_RpIntegrity_022"")",EUDI_required,🟡 implemented verifier-blocked,x,,x,,x,,x,SecurityMechanisms / RpIntegrity,EUDI_generic,"WS, RP-PI, SM","🔎, WU, 📸, CAW",validators: none in PR1295; Maestro/pipeline precondition not implemented in PR1295; adapt same SecurityMechanisms / RpIntegrity flow with small request/assert changes; source trigger: click link / scan QR code; source trigger: DC API / Credential API; generated: test YAML + validators + area pipeline,🟠 req-class: EUDI_required; credimi: PR1295 no YAML,source: FCAF repo; no PR1295 YAML
,"=HYPERLINK(""https://github.com/eu-digital-identity-wallet/eudi-doc-functional-conformance-assessment/blob/88ab69a/docs/fcaf/suts/wallet_solution/relying_party/SecurityMechanisms/RpIntegrity/WS_RP_SM_RpIntegrity__023.md"",""WS_RP_SM_RpIntegrity_023"")",EUDI_required,🟡 implemented verifier-blocked,,,,,,,,SecurityMechanisms / RpIntegrity,EUDI_generic,"WS, RP-PI, SM",,validators: none in PR1295; Maestro/pipeline precondition not implemented in PR1295; generated: test YAML + Capture Wallet area pipeline,🟠 req-class: EUDI_required; credimi: PR1295 no YAML,source: FCAF repo; no PR1295 YAML
,"=HYPERLINK(""https://github.com/eu-digital-identity-wallet/eudi-doc-functional-conformance-assessment/blob/88ab69a/docs/fcaf/suts/wallet_solution/relying_party/SecurityMechanisms/RpIntegrity/WS_RP_SM_RpIntegrity__024.md"",""WS_RP_SM_RpIntegrity_024"")",EUDI_required,🟡 implemented verifier-blocked,,,,,,,,SecurityMechanisms / RpIntegrity,EUDI_generic,"WS, RP-PI, SM",,validators: none in PR1295; Maestro/pipeline precondition not implemented in PR1295; generated: test YAML + Capture Wallet area pipeline,🟠 req-class: EUDI_required; credimi: PR1295 no YAML,source: FCAF repo; no PR1295 YAML
,"=HYPERLINK(""https://github.com/eu-digital-identity-wallet/eudi-doc-functional-conformance-assessment/blob/88ab69a/docs/fcaf/suts/wallet_solution/relying_party/SecurityMechanisms/RpIntegrity/WS_RP_SM_RpIntegrity__025.md"",""WS_RP_SM_RpIntegrity_025"")",EUDI_required,🟡 implemented verifier-blocked,,,,,,,,SecurityMechanisms / RpIntegrity,EUDI_generic,"WS, RP-PI, SM",,validators: none in PR1295; Maestro/pipeline precondition not implemented in PR1295; generated: test YAML + Capture Wallet area pipeline,🟠 req-class: EUDI_required; credimi: PR1295 no YAML,source: FCAF repo; no PR1295 YAML
,"=HYPERLINK(""https://github.com/eu-digital-identity-wallet/eudi-doc-functional-conformance-assessment/blob/88ab69a/docs/fcaf/suts/wallet_solution/relying_party/SecurityMechanisms/RpIntegrity/WS_RP_SM_RpIntegrity__026.md"",""WS_RP_SM_RpIntegrity_026"")",EUDI_required,🟡 implemented verifier-blocked,,,,,,,,SecurityMechanisms / RpIntegrity,EUDI_generic,"WS, RP-PI, SM",,validators: none in PR1295; Maestro/pipeline precondition not implemented in PR1295; generated: test YAML + Capture Wallet area pipeline,🟠 req-class: EUDI_required; credimi: PR1295 no YAML,source: FCAF repo; no PR1295 YAML
,"=HYPERLINK(""https://github.com/eu-digital-identity-wallet/eudi-doc-functional-conformance-assessment/blob/88ab69a/docs/fcaf/suts/wallet_solution/relying_party/SecurityMechanisms/RpIntegrity/WS_RP_SM_RpIntegrity__027.md"",""WS_RP_SM_RpIntegrity_027"")",EUDI_required,🟡 implemented verifier-blocked,,,x,,x,,x,SecurityMechanisms / RpIntegrity,EUDI_generic,"WS, RP-PI, SM","🔎, WU, 📸",validators: none in PR1295; Maestro/pipeline precondition not implemented in PR1295; adapt same SecurityMechanisms / RpIntegrity flow with small request/assert changes; generated: test YAML + validators + area pipeline,🟠 req-class: EUDI_required; credimi: PR1295 no YAML,source: FCAF repo; no PR1295 YAML
,"=HYPERLINK(""https://github.com/eu-digital-identity-wallet/eudi-doc-functional-conformance-assessment/blob/88ab69a/docs/fcaf/suts/wallet_solution/relying_party/SecurityMechanisms/RpIntegrity/WS_RP_SM_RpIntegrity__028.md"",""WS_RP_SM_RpIntegrity_028"")",EUDI_required,🟡 implemented verifier-blocked,x,,x,,x,,x,SecurityMechanisms / RpIntegrity,EUDI_generic,"WS, RP-PI, SM","🔎, WU, 📸, CAW",validators: none in PR1295; Maestro/pipeline precondition not implemented in PR1295; adapt same SecurityMechanisms / RpIntegrity flow with small request/assert changes; source trigger: DC API / Credential API; generated: test YAML + validators + area pipeline,🟠 req-class: EUDI_required; credimi: PR1295 no YAML,source: FCAF repo; no PR1295 YAML
,"=HYPERLINK(""https://github.com/eu-digital-identity-wallet/eudi-doc-functional-conformance-assessment/blob/88ab69a/docs/fcaf/suts/wallet_solution/relying_party/SecurityMechanisms/RpIntegrity/WS_RP_SM_RpIntegrity__029.md"",""WS_RP_SM_RpIntegrity_029"")",EUDI_required,🟡 implemented verifier-blocked,x,,x,,x,,x,SecurityMechanisms / RpIntegrity,EUDI_generic,"WS, RP-PI, SM","🔎, WU, 📸, CAW",validators: none in PR1295; Maestro/pipeline precondition not implemented in PR1295; adapt same SecurityMechanisms / RpIntegrity flow with small request/assert changes; source trigger: DC API / Credential API; generated: test YAML + validators + area pipeline,🟠 req-class: EUDI_required; credimi: PR1295 no YAML,source: FCAF repo; no PR1295 YAML
,"=HYPERLINK(""https://github.com/eu-digital-identity-wallet/eudi-doc-functional-conformance-assessment/blob/88ab69a/docs/fcaf/suts/wallet_solution/relying_party/SecurityMechanisms/RpIntegrity/WS_RP_SM_RpIntegrity__030.md"",""WS_RP_SM_RpIntegrity_030"")",EUDI_required,🟡 implemented verifier-blocked,x,,x,,x,,x,SecurityMechanisms / RpIntegrity,EUDI_generic,"WS, RP-PI, SM","🔎, WU, 📸, CAW",validators: none in PR1295; Maestro/pipeline precondition not implemented in PR1295; adapt same SecurityMechanisms / RpIntegrity flow with small request/assert changes; source trigger: DC API / Credential API; generated: test YAML + validators + area pipeline,🟠 req-class: EUDI_required; credimi: PR1295 no YAML,source: FCAF repo; no PR1295 YAML
,"=HYPERLINK(""https://github.com/eu-digital-identity-wallet/eudi-doc-functional-conformance-assessment/blob/88ab69a/docs/fcaf/suts/wallet_solution/relying_party/SecurityMechanisms/RpIntegrity/WS_RP_SM_RpIntegrity__031.md"",""WS_RP_SM_RpIntegrity_031"")",EUDI_required,🟡 implemented verifier-blocked,,,x,,x,,x,SecurityMechanisms / RpIntegrity,EUDI_generic,"WS, RP-PI, SM","🔎, WU, 📸",validators: none in PR1295; Maestro/pipeline precondition not implemented in PR1295; adapt same SecurityMechanisms / RpIntegrity flow with small request/assert changes; generated: test YAML + validators + area pipeline,🟠 req-class: EUDI_required; credimi: PR1295 no YAML,source: FCAF repo; no PR1295 YAML
,"=HYPERLINK(""https://github.com/eu-digital-identity-wallet/eudi-doc-functional-conformance-assessment/blob/88ab69a/docs/fcaf/suts/wallet_solution/relying_party/SecurityMechanisms/RpIntegrity/WS_RP_SM_RpIntegrity__032.md"",""WS_RP_SM_RpIntegrity_032"")",EUDI_required,🟡 implemented verifier-blocked,,,x,,x,,x,SecurityMechanisms / RpIntegrity,EUDI_generic,"WS, RP-PI, SM","🔎, WU, 📸",validators: none in PR1295; Maestro/pipeline precondition not implemented in PR1295; adapt same SecurityMechanisms / RpIntegrity flow with small request/assert changes; generated: test YAML + validators + area pipeline,🟠 req-class: EUDI_required; credimi: PR1295 no YAML,source: FCAF repo; no PR1295 YAML
,"=HYPERLINK(""https://github.com/eu-digital-identity-wallet/eudi-doc-functional-conformance-assessment/blob/88ab69a/docs/fcaf/suts/wallet_solution/relying_party/SecurityMechanisms/RpIntegrity/WS_RP_SM_RpIntegrity__033.md"",""WS_RP_SM_RpIntegrity_033"")",EUDI_required,🟡 implemented verifier-blocked,,,x,,x,,x,SecurityMechanisms / RpIntegrity,EUDI_generic,"WS, RP-PI, SM","🔎, WU, 📸",validators: none in PR1295; Maestro/pipeline precondition not implemented in PR1295; adapt same SecurityMechanisms / RpIntegrity flow with small request/assert changes; generated: test YAML + validators + area pipeline,🟠 req-class: EUDI_required; credimi: PR1295 no YAML,source: FCAF repo; no PR1295 YAML
,"=HYPERLINK(""https://github.com/eu-digital-identity-wallet/eudi-doc-functional-conformance-assessment/blob/88ab69a/docs/fcaf/suts/wallet_solution/relying_party/SecurityMechanisms/RpIntegrity/WS_RP_SM_RpIntegrity__034.md"",""WS_RP_SM_RpIntegrity_034"")",EUDI_required,🟡 implemented verifier-blocked,,,x,,x,,x,SecurityMechanisms / RpIntegrity,EUDI_generic,"WS, RP-PI, SM","🔎, WU, 📸",validators: none in PR1295; Maestro/pipeline precondition not implemented in PR1295; adapt same SecurityMechanisms / RpIntegrity flow with small request/assert changes; generated: test YAML + validators + area pipeline,🟠 req-class: EUDI_required; credimi: PR1295 no YAML,source: FCAF repo; no PR1295 YAML
,"=HYPERLINK(""https://github.com/eu-digital-identity-wallet/eudi-doc-functional-conformance-assessment/blob/88ab69a/docs/fcaf/suts/wallet_solution/relying_party/SecurityMechanisms/SessionBinding/WS_RP_SM_SessionBinding__001.md"",""WS_RP_SM_SessionBinding_001"")",EUDI_required,🟢 ready,,,x,,x,,x,SecurityMechanisms / SessionBinding,EUDI_generic,"WS, RP-PI, SM","🔎, WU, 📸",validators: json.field_required; preconditions: pipeline.wallet.session-binding.valid-nonce; manual Maestro pipeline template: fcaf-wallet-solution-relying-party-session-binding-valid-nonce; live reference wallet accepted a valid nonce request and submitted PID mdoc,🟢 req-class: EUDI_required; credimi: PR1295 YAML ready,source: FCAF repo; PR1295 YAML
,"=HYPERLINK(""https://github.com/eu-digital-identity-wallet/eudi-doc-functional-conformance-assessment/blob/88ab69a/docs/fcaf/suts/wallet_solution/relying_party/SecurityMechanisms/SessionBinding/WS_RP_SM_SessionBinding__002.md"",""WS_RP_SM_SessionBinding_002"")",EUDI_required,🟡 implemented verifier-blocked,,,x,,x,,x,SecurityMechanisms / SessionBinding,EUDI_generic,"WS, RP-PI, SM","🔎, WU, 📸",validators: none in PR1295; Maestro/pipeline precondition not implemented in PR1295; adapt same SecurityMechanisms / SessionBinding flow with small request/assert changes; source trigger: click link / scan QR code; generated: test YAML + proper validators + area pipeline,🟠 req-class: EUDI_required; credimi: PR1295 no YAML,source: FCAF repo; no PR1295 YAML
,"=HYPERLINK(""https://github.com/eu-digital-identity-wallet/eudi-doc-functional-conformance-assessment/blob/88ab69a/docs/fcaf/suts/wallet_solution/relying_party/SecurityMechanisms/SessionBinding/WS_RP_SM_SessionBinding__003.md"",""WS_RP_SM_SessionBinding_003"")",EUDI_required,🟡 implemented verifier-blocked,,,x,,x,,x,SecurityMechanisms / SessionBinding,EUDI_generic,"WS, RP-PI, SM","🔎, WU, 📸",validators: none in PR1295; Maestro/pipeline precondition not implemented in PR1295; adapt same SecurityMechanisms / SessionBinding flow with small request/assert changes; source trigger: click link / scan QR code; generated: test YAML + proper validators + area pipeline,🟠 req-class: EUDI_required; credimi: PR1295 no YAML,source: FCAF repo; no PR1295 YAML
,"=HYPERLINK(""https://github.com/eu-digital-identity-wallet/eudi-doc-functional-conformance-assessment/blob/88ab69a/docs/fcaf/suts/wallet_solution/relying_party/SecurityMechanisms/SessionEncryption/WS_RP_SM_SessionEncryption__001.md"",""WS_RP_SM_SessionEncryption_001"")",EUDI_required,🟡 implemented verifier-blocked,,,x,,x,,x,SecurityMechanisms / SessionEncryption,EUDI_generic,"WS, RP-PI, SM","🔎, WU, 📸",validators: none in PR1295; Maestro/pipeline precondition not implemented in PR1295; new principal Maestro/pipeline flow for SecurityMechanisms / SessionEncryption; generated: test YAML + validators + area pipeline,🟠 req-class: EUDI_required; credimi: PR1295 no YAML,source: FCAF repo; no PR1295 YAML
,"=HYPERLINK(""https://github.com/eu-digital-identity-wallet/eudi-doc-functional-conformance-assessment/blob/88ab69a/docs/fcaf/suts/wallet_solution/relying_party/SecurityMechanisms/SessionEncryption/WS_RP_SM_SessionEncryption__002.md"",""WS_RP_SM_SessionEncryption_002"")",EUDI_required,🟡 implemented verifier-blocked,,,x,,x,,x,SecurityMechanisms / SessionEncryption,EUDI_generic,"WS, RP-PI, SM","🔎, WU, 📸",validators: none in PR1295; Maestro/pipeline precondition not implemented in PR1295; adapt same SecurityMechanisms / SessionEncryption flow with small request/assert changes; generated: test YAML + validators + area pipeline,🟠 req-class: EUDI_required; credimi: PR1295 no YAML,source: FCAF repo; no PR1295 YAML
,"=HYPERLINK(""https://github.com/eu-digital-identity-wallet/eudi-doc-functional-conformance-assessment/blob/88ab69a/docs/fcaf/suts/wallet_solution/relying_party/SecurityMechanisms/SessionEncryption/WS_RP_SM_SessionEncryption__003.md"",""WS_RP_SM_SessionEncryption_003"")",EUDI_required,🟡 implemented verifier-blocked,,,x,,x,,x,SecurityMechanisms / SessionEncryption,EUDI_generic,"WS, RP-PI, SM","🔎, WU, 📸",validators: none in PR1295; Maestro/pipeline precondition not implemented in PR1295; adapt same SecurityMechanisms / SessionEncryption flow with small request/assert changes; generated: test YAML + validators + area pipeline,🟠 req-class: EUDI_required; credimi: PR1295 no YAML,source: FCAF repo; no PR1295 YAML
,"=HYPERLINK(""https://github.com/eu-digital-identity-wallet/eudi-doc-functional-conformance-assessment/blob/88ab69a/docs/fcaf/suts/wallet_solution/relying_party/SecurityMechanisms/SessionEncryption/WS_RP_SM_SessionEncryption__005.md"",""WS_RP_SM_SessionEncryption_005"")",EUDI_required,🟡 implemented verifier-blocked,,,x,,x,,x,SecurityMechanisms / SessionEncryption,EUDI_generic,"WS, RP-PI, SM","🔎, WU, 📸",validators: none in PR1295; Maestro/pipeline precondition not implemented in PR1295; adapt same SecurityMechanisms / SessionEncryption flow with small request/assert changes; generated: test YAML + validators + area pipeline,🟠 req-class: EUDI_required; credimi: PR1295 no YAML,source: FCAF repo; no PR1295 YAML
,"=HYPERLINK(""https://github.com/eu-digital-identity-wallet/eudi-doc-functional-conformance-assessment/blob/88ab69a/docs/fcaf/suts/wallet_solution/relying_party/SecurityMechanisms/SessionEncryption/WS_RP_SM_SessionEncryption__006.md"",""WS_RP_SM_SessionEncryption_006"")",EUDI_required,🟡 implemented verifier-blocked,,,x,,x,,x,SecurityMechanisms / SessionEncryption,EUDI_generic,"WS, RP-PI, SM","🔎, WU, 📸",validators: none in PR1295; Maestro/pipeline precondition not implemented in PR1295; adapt same SecurityMechanisms / SessionEncryption flow with small request/assert changes; generated: test YAML + validators + area pipeline,🟠 req-class: EUDI_required; credimi: PR1295 no YAML,source: FCAF repo; no PR1295 YAML
,"=HYPERLINK(""https://github.com/eu-digital-identity-wallet/eudi-doc-functional-conformance-assessment/blob/88ab69a/docs/fcaf/suts/wallet_solution/relying_party/SecurityMechanisms/SessionEncryption/WS_RP_SM_SessionEncryption__007.md"",""WS_RP_SM_SessionEncryption_007"")",EUDI_required,🟡 implemented verifier-blocked,,,x,,x,,x,SecurityMechanisms / SessionEncryption,EUDI_generic,"WS, RP-PI, SM","🔎, WU, 📸",validators: none in PR1295; Maestro/pipeline precondition not implemented in PR1295; adapt same SecurityMechanisms / SessionEncryption flow with small request/assert changes; generated: test YAML + validators + area pipeline,🟠 req-class: EUDI_required; credimi: PR1295 no YAML,source: FCAF repo; no PR1295 YAML
,"=HYPERLINK(""https://github.com/eu-digital-identity-wallet/eudi-doc-functional-conformance-assessment/blob/88ab69a/docs/fcaf/suts/wallet_solution/relying_party/SecurityMechanisms/SessionEncryption/WS_RP_SM_SessionEncryption__008.md"",""WS_RP_SM_SessionEncryption_008"")",EUDI_required,🟡 implemented verifier-blocked,,,x,,x,,x,SecurityMechanisms / SessionEncryption,EUDI_generic,"WS, RP-PI, SM","🔎, WU, 📸",validators: none in PR1295; Maestro/pipeline precondition not implemented in PR1295; adapt same SecurityMechanisms / SessionEncryption flow with small request/assert changes; generated: test YAML + validators + area pipeline,🟠 req-class: EUDI_required; credimi: PR1295 no YAML,source: FCAF repo; no PR1295 YAML
,"=HYPERLINK(""https://github.com/eu-digital-identity-wallet/eudi-doc-functional-conformance-assessment/blob/88ab69a/docs/fcaf/suts/wallet_solution/relying_party/SecurityMechanisms/SessionEncryption/WS_RP_SM_SessionEncryption__009.md"",""WS_RP_SM_SessionEncryption_009"")",EUDI_required,🟡 implemented verifier-blocked,,,x,,x,,x,SecurityMechanisms / SessionEncryption,EUDI_generic,"WS, RP-PI, SM","🔎, WU, 📸",validators: none in PR1295; Maestro/pipeline precondition not implemented in PR1295; adapt same SecurityMechanisms / SessionEncryption flow with small request/assert changes; generated: test YAML + validators + area pipeline,🟠 req-class: EUDI_required; credimi: PR1295 no YAML,source: FCAF repo; no PR1295 YAML
,"=HYPERLINK(""https://github.com/eu-digital-identity-wallet/eudi-doc-functional-conformance-assessment/blob/88ab69a/docs/fcaf/suts/wallet_solution/relying_party/SecurityMechanisms/SessionEncryption/WS_RP_SM_SessionEncryption__010.md"",""WS_RP_SM_SessionEncryption_010"")",EUDI_required,🟡 implemented verifier-blocked,,,x,,x,,x,SecurityMechanisms / SessionEncryption,EUDI_generic,"WS, RP-PI, SM","🔎, WU, 📸",validators: none in PR1295; Maestro/pipeline precondition not implemented in PR1295; adapt same SecurityMechanisms / SessionEncryption flow with small request/assert changes; generated: test YAML + validators + area pipeline,🟠 req-class: EUDI_required; credimi: PR1295 no YAML,source: FCAF repo; no PR1295 YAML
,"=HYPERLINK(""https://github.com/eu-digital-identity-wallet/eudi-doc-functional-conformance-assessment/blob/88ab69a/docs/fcaf/suts/wallet_solution/relying_party/SecurityMechanisms/SessionEncryption/WS_RP_SM_SessionEncryption__011.md"",""WS_RP_SM_SessionEncryption_011"")",EUDI_required,🟡 implemented verifier-blocked,,,x,,x,,x,SecurityMechanisms / SessionEncryption,EUDI_generic,"WS, RP-PI, SM","🔎, WU, 📸",validators: none in PR1295; Maestro/pipeline precondition not implemented in PR1295; adapt same SecurityMechanisms / SessionEncryption flow with small request/assert changes; generated: test YAML + validators + area pipeline,🟠 req-class: EUDI_required; credimi: PR1295 no YAML,source: FCAF repo; no PR1295 YAML
,"=HYPERLINK(""https://github.com/eu-digital-identity-wallet/eudi-doc-functional-conformance-assessment/blob/88ab69a/docs/fcaf/suts/wallet_solution/relying_party/SecurityMechanisms/SessionEncryption/WS_RP_SM_SessionEncryption__012.md"",""WS_RP_SM_SessionEncryption_012"")",EUDI_required,🟡 implemented verifier-blocked,,,x,,x,,x,SecurityMechanisms / SessionEncryption,EUDI_generic,"WS, RP-PI, SM","🔎, WU, 📸",validators: none in PR1295; Maestro/pipeline precondition not implemented in PR1295; adapt same SecurityMechanisms / SessionEncryption flow with small request/assert changes; generated: test YAML + validators + area pipeline,🟠 req-class: EUDI_required; credimi: PR1295 no YAML,source: FCAF repo; no PR1295 YAML
,"=HYPERLINK(""https://github.com/eu-digital-identity-wallet/eudi-doc-functional-conformance-assessment/blob/88ab69a/docs/fcaf/suts/wallet_solution/relying_party/SecurityMechanisms/TrustMechanisms/WS_RP_SM_TrustMechanisms__002.md"",""WS_RP_SM_TrustMechanisms_002"")",EUDI_required,🟡 implemented verifier-blocked,,,,,,,,SecurityMechanisms / TrustMechanisms,EUDI_generic,"WS, RP-PI, SM",,validators: none in PR1295; Maestro/pipeline precondition not implemented in PR1295; generated: test YAML + Capture Wallet area pipeline,🟠 req-class: EUDI_required; credimi: PR1295 no YAML,source: FCAF repo; no PR1295 YAML
,"=HYPERLINK(""https://github.com/eu-digital-identity-wallet/eudi-doc-functional-conformance-assessment/blob/88ab69a/docs/fcaf/suts/wallet_solution/relying_party/SecurityMechanisms/TrustMechanisms/WS_RP_SM_TrustMechanisms__003.md"",""WS_RP_SM_TrustMechanisms_003"")",EUDI_required,🟡 implemented verifier-blocked,,,,,,,,SecurityMechanisms / TrustMechanisms,EUDI_generic,"WS, RP-PI, SM",,validators: none in PR1295; Maestro/pipeline precondition not implemented in PR1295; generated: test YAML + Capture Wallet area pipeline,🟠 req-class: EUDI_required; credimi: PR1295 no YAML,source: FCAF repo; no PR1295 YAML
,"=HYPERLINK(""https://github.com/eu-digital-identity-wallet/eudi-doc-functional-conformance-assessment/blob/88ab69a/docs/fcaf/suts/wallet_solution/relying_party/SecurityMechanisms/TrustMechanisms/WS_RP_SM_TrustMechanisms__004.md"",""WS_RP_SM_TrustMechanisms_004"")",EUDI_required,🟡 implemented verifier-blocked,,,,,,,,SecurityMechanisms / TrustMechanisms,EUDI_generic,"WS, RP-PI, SM",,validators: none in PR1295; Maestro/pipeline precondition not implemented in PR1295; generated: test YAML + Capture Wallet area pipeline,🟠 req-class: EUDI_required; credimi: PR1295 no YAML,source: FCAF repo; no PR1295 YAML
,"=HYPERLINK(""https://github.com/eu-digital-identity-wallet/eudi-doc-functional-conformance-assessment/blob/88ab69a/docs/fcaf/suts/wallet_solution/relying_party/SecurityMechanisms/TrustMechanisms/WS_RP_SM_TrustMechanisms__005.md"",""WS_RP_SM_TrustMechanisms_005"")",EUDI_required,🟡 implemented verifier-blocked,,,,,,,,SecurityMechanisms / TrustMechanisms,EUDI_generic,"WS, RP-PI, SM",,validators: none in PR1295; Maestro/pipeline precondition not implemented in PR1295; generated: test YAML + Capture Wallet area pipeline,🟠 req-class: EUDI_required; credimi: PR1295 no YAML,source: FCAF repo; no PR1295 YAML
,"=HYPERLINK(""https://github.com/eu-digital-identity-wallet/eudi-doc-functional-conformance-assessment/blob/88ab69a/docs/fcaf/suts/wallet_solution/relying_party/SecurityMechanisms/TrustMechanisms/WS_RP_SM_TrustMechanisms__006.md"",""WS_RP_SM_TrustMechanisms_006"")",EUDI_required,🟡 implemented verifier-blocked,,,,,,,,SecurityMechanisms / TrustMechanisms,EUDI_generic,"WS, RP-PI, SM",,validators: none in PR1295; Maestro/pipeline precondition not implemented in PR1295; generated: test YAML + Capture Wallet area pipeline,🟠 req-class: EUDI_required; credimi: PR1295 no YAML,source: FCAF repo; no PR1295 YAML
,"=HYPERLINK(""https://github.com/eu-digital-identity-wallet/eudi-doc-functional-conformance-assessment/blob/88ab69a/docs/fcaf/suts/wallet_solution/relying_party/SecurityMechanisms/TrustMechanisms/WS_RP_SM_TrustMechanisms__007.md"",""WS_RP_SM_TrustMechanisms_007"")",EUDI_required,🟡 implemented verifier-blocked,,,,,,,,SecurityMechanisms / TrustMechanisms,EUDI_generic,"WS, RP-PI, SM",,validators: none in PR1295; Maestro/pipeline precondition not implemented in PR1295; generated: test YAML + Capture Wallet area pipeline,🟠 req-class: EUDI_required; credimi: PR1295 no YAML,source: FCAF repo; no PR1295 YAML
,"=HYPERLINK(""https://github.com/eu-digital-identity-wallet/eudi-doc-functional-conformance-assessment/blob/88ab69a/docs/fcaf/suts/wallet_solution/relying_party/SecurityMechanisms/TrustMechanisms/WS_RP_SM_TrustMechanisms__008.md"",""WS_RP_SM_TrustMechanisms_008"")",EUDI_required,🟡 implemented verifier-blocked,,,,,,,,SecurityMechanisms / TrustMechanisms,EUDI_generic,"WS, RP-PI, SM",,validators: none in PR1295; Maestro/pipeline precondition not implemented in PR1295; generated: test YAML + Capture Wallet area pipeline,🟠 req-class: EUDI_required; credimi: PR1295 no YAML,source: FCAF repo; no PR1295 YAML
,"=HYPERLINK(""https://github.com/eu-digital-identity-wallet/eudi-doc-functional-conformance-assessment/blob/88ab69a/docs/fcaf/suts/wallet_solution/relying_party/SecurityMechanisms/TrustMechanisms/WS_RP_SM_TrustMechanisms__021.md"",""WS_RP_SM_TrustMechanisms_021"")",EUDI_required,🟡 implemented verifier-blocked,,,,,,,,SecurityMechanisms / TrustMechanisms,EUDI_generic,"WS, RP-PI, SM",,validators: none in PR1295; Maestro/pipeline precondition not implemented in PR1295; generated: test YAML + Capture Wallet area pipeline,🟠 req-class: EUDI_required; credimi: PR1295 no YAML,source: FCAF repo; no PR1295 YAML
,"=HYPERLINK(""https://github.com/eu-digital-identity-wallet/eudi-doc-functional-conformance-assessment/blob/88ab69a/docs/fcaf/suts/wallet_solution/relying_party/Shared/Cryptography/WS_RP_SH_Cryptography_CryptographicHash_001.md"",""WS_RP_SH_Cryptography_CryptographicHash001"")",EUDI_required,🟢 ready,,,x,,x,x,x,Shared / Cryptography,EUDI_generic,"WS, RP-PI, SH","CDV, 🔎, WU, 📸",validators: sdjwt.disclosure_digests_sha_256; preconditions: pipeline.dcql.cryptography; reuses a successful Capture Wallet SD-JWT VP and recomputes every disclosed SHA-256 digest,🟢 req-class: EUDI_required; credimi: Capture Wallet scenario and test YAML ready,source: FCAF repo; credimi-id differs: WS_RP_SH_Cryptography_CryptographicHash001
,"=HYPERLINK(""https://github.com/eu-digital-identity-wallet/eudi-doc-functional-conformance-assessment/blob/88ab69a/docs/fcaf/suts/wallet_solution/relying_party/Shared/Cryptography/WS_RP_SH_Cryptography_CryptographicHash_002.md"",""WS_RP_SH_Cryptography_CryptographicHash002"")",EUDI_required,🟢 ready,,,x,,x,x,x,Shared / Cryptography,EUDI_generic,"WS, RP-PI, SH","CDV, 🔎, WU, 📸",validators: mdoc.digest_algorithm; preconditions: pipeline.pid.presentation.mdoc.all-claims-elements; reuses live PID mdoc Maestro presentation and decodes issuerAuth MSO digestAlgorithm from vp_token,🟢 req-class: EUDI_required; credimi: PR1295 YAML ready,source: FCAF repo; PR1295 YAML
,"=HYPERLINK(""https://github.com/eu-digital-identity-wallet/eudi-doc-functional-conformance-assessment/blob/88ab69a/docs/fcaf/suts/wallet_solution/relying_party/Shared/Cryptography/WS_RP_SH_Cryptography_CryptographicHash_006.md"",""WS_RP_SH_Cryptography_CryptographicHash006"")",EUDI_required,🟡 implemented verifier-blocked,,,,,,,,Shared / Cryptography,EUDI_generic,"WS, RP-PI, SH",,validators: none in PR1295; Maestro/pipeline precondition not implemented in PR1295; generated: test YAML + Capture Wallet area pipeline,🟠 req-class: EUDI_required; credimi: PR1295 no YAML,source: FCAF repo; no PR1295 YAML
,"=HYPERLINK(""https://github.com/eu-digital-identity-wallet/eudi-doc-functional-conformance-assessment/blob/88ab69a/docs/fcaf/suts/wallet_solution/relying_party/Shared/Cryptography/WS_RP_SH_Cryptography_CryptographicHash_007.md"",""WS_RP_SH_Cryptography_CryptographicHash007"")",EUDI_required,🟡 implemented verifier-blocked,,,,,,,,Shared / Cryptography,EUDI_generic,"WS, RP-PI, SH",,validators: none in PR1295; Maestro/pipeline precondition not implemented in PR1295; generated: test YAML + Capture Wallet area pipeline,🟠 req-class: EUDI_required; credimi: PR1295 no YAML,source: FCAF repo; no PR1295 YAML
,"=HYPERLINK(""https://github.com/eu-digital-identity-wallet/eudi-doc-functional-conformance-assessment/blob/88ab69a/docs/fcaf/suts/wallet_solution/relying_party/Shared/Cryptography/WS_RP_SH_Cryptography_CryptographicHash_008.md"",""WS_RP_SH_Cryptography_CryptographicHash008"")",EUDI_required,🟡 implemented verifier-blocked,,,,,,,,Shared / Cryptography,EUDI_generic,"WS, RP-PI, SH",,validators: none in PR1295; Maestro/pipeline precondition not implemented in PR1295; generated: test YAML + Capture Wallet area pipeline,🟠 req-class: EUDI_required; credimi: PR1295 no YAML,source: FCAF repo; no PR1295 YAML
,"=HYPERLINK(""https://github.com/eu-digital-identity-wallet/eudi-doc-functional-conformance-assessment/blob/88ab69a/docs/fcaf/suts/wallet_solution/relying_party/Shared/Cryptography/WS_RP_SH_Cryptography_CryptographicHash_010.md"",""WS_RP_SH_Cryptography_CryptographicHash010"")",EUDI_required,🟡 implemented verifier-blocked,,,,,,,,Shared / Cryptography,EUDI_generic,"WS, RP-PI, SH",,validators: none in PR1295; Maestro/pipeline precondition not implemented in PR1295; generated: test YAML + Capture Wallet area pipeline,🟠 req-class: EUDI_required; credimi: PR1295 no YAML,source: FCAF repo; no PR1295 YAML
,"=HYPERLINK(""https://github.com/eu-digital-identity-wallet/eudi-doc-functional-conformance-assessment/blob/88ab69a/docs/fcaf/suts/wallet_solution/relying_party/Shared/Cryptography/WS_RP_SH_Cryptography_Encryption_002.md"",""WS_RP_SH_Cryptography_Encryption002"")",EUDI_required,🟡 implemented verifier-blocked,,,x,,,,,Shared / Cryptography,EUDI_generic,"WS, RP-PI, SH",🔎,validators: none in PR1295; Maestro/pipeline precondition not implemented in PR1295; source trigger: click link / scan QR code; generated: test YAML + Capture Wallet area pipeline,🟠 req-class: EUDI_required; credimi: PR1295 no YAML,source: FCAF repo; no PR1295 YAML
,"=HYPERLINK(""https://github.com/eu-digital-identity-wallet/eudi-doc-functional-conformance-assessment/blob/88ab69a/docs/fcaf/suts/wallet_solution/relying_party/Shared/Encoding/WS_RP_SH_Encoding_TextualEncoding_001.md"",""WS_RP_SH_Encoding_TextualEncoding001"")",EUDI_required,🟢 ready,,,x,,x,x,x,Shared / Encoding,EUDI_generic,"WS, RP-PI, SH","CDV, 🔎, WU, 📸",validators: dcql.response_satisfies_constraints; preconditions: pipeline.dcql.encoding; reuses a string-only given_name DCQL path and proves it is disclosed while family_name is not,🟢 req-class: EUDI_required; credimi: Capture Wallet scenario and test YAML ready,source: FCAF repo; credimi-id differs: WS_RP_SH_Encoding_TextualEncoding001
,"=HYPERLINK(""https://github.com/eu-digital-identity-wallet/eudi-doc-functional-conformance-assessment/blob/88ab69a/docs/fcaf/suts/wallet_solution/relying_party/Shared/Encoding/WS_RP_SH_Encoding_TextualEncoding_002.md"",""WS_RP_SH_Encoding_TextualEncoding002"")",EUDI_required,🟡 implemented verifier-blocked,,,x,,x,,x,Shared / Encoding,EUDI_generic,"WS, RP-PI, SH","🔎, WU, 📸",validators: none in PR1295; Maestro/pipeline precondition not implemented in PR1295; adapt same Shared / Encoding flow with small request/assert changes; generated: test YAML + validators + area pipeline,🟠 req-class: EUDI_required; credimi: PR1295 no YAML,source: FCAF repo; no PR1295 YAML
,"=HYPERLINK(""https://github.com/eu-digital-identity-wallet/eudi-doc-functional-conformance-assessment/blob/88ab69a/docs/fcaf/suts/wallet_solution/relying_party/Shared/Encoding/WS_RP_SH_Encoding_TextualEncoding_003.md"",""WS_RP_SH_Encoding_TextualEncoding003"")",EUDI_required,🟡 implemented verifier-blocked,,,x,,x,,x,Shared / Encoding,EUDI_generic,"WS, RP-PI, SH","🔎, WU, 📸",validators: none in PR1295; Maestro/pipeline precondition not implemented in PR1295; adapt same Shared / Encoding flow with small request/assert changes; generated: test YAML + validators + area pipeline,🟠 req-class: EUDI_required; credimi: PR1295 no YAML,source: FCAF repo; no PR1295 YAML
,"=HYPERLINK(""https://github.com/eu-digital-identity-wallet/eudi-doc-functional-conformance-assessment/blob/88ab69a/docs/fcaf/suts/wallet_solution/relying_party/Shared/Encoding/WS_RP_SH_Encoding_TextualEncoding_004.md"",""WS_RP_SH_Encoding_TextualEncoding004"")",EUDI_required,🟢 ready,,,x,,x,x,x,Shared / Encoding,EUDI_generic,"WS, RP-PI, SH","CDV, 🔎, WU, 📸",validators: dcql.response_satisfies_constraints; preconditions: pipeline.dcql.claim-path-reversed; dedicated reversed path [street_address,address] and Capture session evidence prove no match plus returned access_denied,🟢 req-class: EUDI_required; credimi: Capture Wallet scenario and test YAML ready,source: FCAF repo; credimi-id differs: WS_RP_SH_Encoding_TextualEncoding_004
,"=HYPERLINK(""https://github.com/eu-digital-identity-wallet/eudi-doc-functional-conformance-assessment/blob/88ab69a/docs/fcaf/suts/wallet_solution/relying_party/Shared/Encoding/WS_RP_SH_Encoding_TextualEncoding_005.md"",""WS_RP_SH_Encoding_TextualEncoding005"")",EUDI_required,🟢 ready,,,x,,x,x,x,Shared / Encoding,EUDI_generic,"WS, RP-PI, SH","CDV, 🔎, WU, 📸",validators: dcql.response_satisfies_constraints; preconditions: pipeline.dcql.encoding; existing Capture Wallet request selects top-level given_name and verifies family_name is not disclosed,🟢 req-class: EUDI_required; credimi: Capture Wallet scenario and test YAML ready,source: FCAF repo; credimi-id differs: WS_RP_SH_Encoding_TextualEncoding_005
,"=HYPERLINK(""https://github.com/eu-digital-identity-wallet/eudi-doc-functional-conformance-assessment/blob/88ab69a/docs/fcaf/suts/wallet_solution/relying_party/Shared/Encoding/WS_RP_SH_Encoding_TextualEncoding_006.md"",""WS_RP_SH_Encoding_TextualEncoding006"")",EUDI_required,🟡 implemented verifier-blocked,,,x,,x,,x,Shared / Encoding,EUDI_generic,"WS, RP-PI, SH","🔎, WU, 📸",validators: none in PR1295; Maestro/pipeline precondition not implemented in PR1295; adapt same Shared / Encoding flow with small request/assert changes; generated: test YAML + validators + area pipeline,🟠 req-class: EUDI_required; credimi: PR1295 no YAML,source: FCAF repo; no PR1295 YAML
,"=HYPERLINK(""https://github.com/eu-digital-identity-wallet/eudi-doc-functional-conformance-assessment/blob/88ab69a/docs/fcaf/suts/wallet_solution/relying_party/Shared/Encoding/WS_RP_SH_Encoding_TextualEncoding_007.md"",""WS_RP_SH_Encoding_TextualEncoding007"")",EUDI_required,🟡 implemented verifier-blocked,,,x,,x,,x,Shared / Encoding,EUDI_generic,"WS, RP-PI, SH","🔎, WU, 📸",validators: none in PR1295; Maestro/pipeline precondition not implemented in PR1295; adapt same Shared / Encoding flow with small request/assert changes; generated: test YAML + validators + area pipeline,🟠 req-class: EUDI_required; credimi: PR1295 no YAML,source: FCAF repo; no PR1295 YAML
,"=HYPERLINK(""https://github.com/eu-digital-identity-wallet/eudi-doc-functional-conformance-assessment/blob/88ab69a/docs/fcaf/suts/wallet_solution/relying_party/Shared/Encoding/WS_RP_SH_Encoding_TextualEncoding_008.md"",""WS_RP_SH_Encoding_TextualEncoding008"")",EUDI_required,🟡 implemented verifier-blocked,,,x,,x,,x,Shared / Encoding,EUDI_generic,"WS, RP-PI, SH","🔎, WU, 📸",validators: none in PR1295; Maestro/pipeline precondition not implemented in PR1295; adapt same Shared / Encoding flow with small request/assert changes; generated: test YAML + validators + area pipeline,🟠 req-class: EUDI_required; credimi: PR1295 no YAML,source: FCAF repo; no PR1295 YAML
,"=HYPERLINK(""https://github.com/eu-digital-identity-wallet/eudi-doc-functional-conformance-assessment/blob/88ab69a/docs/fcaf/suts/wallet_solution/relying_party/Shared/Encoding/WS_RP_SH_Encoding_TextualEncoding_009.md"",""WS_RP_SH_Encoding_TextualEncoding009"")",EUDI_required,🟡 implemented verifier-blocked,,,x,,x,,x,Shared / Encoding,EUDI_generic,"WS, RP-PI, SH","🔎, WU, 📸",validators: none in PR1295; Maestro/pipeline precondition not implemented in PR1295; adapt same Shared / Encoding flow with small request/assert changes; generated: test YAML + validators + area pipeline,🟠 req-class: EUDI_required; credimi: PR1295 no YAML,source: FCAF repo; no PR1295 YAML
,"=HYPERLINK(""https://github.com/eu-digital-identity-wallet/eudi-doc-functional-conformance-assessment/blob/88ab69a/docs/fcaf/suts/wallet_solution/relying_party/Shared/Encoding/WS_RP_SH_Encoding_TextualEncoding_010.md"",""WS_RP_SH_Encoding_TextualEncoding010"")",EUDI_required,🟡 implemented verifier-blocked,,,x,,x,,x,Shared / Encoding,EUDI_generic,"WS, RP-PI, SH","🔎, WU, 📸",validators: none in PR1295; Maestro/pipeline precondition not implemented in PR1295; adapt same Shared / Encoding flow with small request/assert changes; generated: test YAML + validators + area pipeline,🟠 req-class: EUDI_required; credimi: PR1295 no YAML,source: FCAF repo; no PR1295 YAML
,"=HYPERLINK(""https://github.com/eu-digital-identity-wallet/eudi-doc-functional-conformance-assessment/blob/88ab69a/docs/fcaf/suts/wallet_solution/relying_party/Shared/Encoding/WS_RP_SH_Encoding_TextualEncoding_011.md"",""WS_RP_SH_Encoding_TextualEncoding011"")",EUDI_required,🟡 implemented verifier-blocked,,,x,,x,,x,Shared / Encoding,EUDI_generic,"WS, RP-PI, SH","🔎, WU, 📸",validators: none in PR1295; Maestro/pipeline precondition not implemented in PR1295; adapt same Shared / Encoding flow with small request/assert changes; generated: test YAML + validators + area pipeline,🟠 req-class: EUDI_required; credimi: PR1295 no YAML,source: FCAF repo; no PR1295 YAML
,"=HYPERLINK(""https://github.com/eu-digital-identity-wallet/eudi-doc-functional-conformance-assessment/blob/88ab69a/docs/fcaf/suts/wallet_solution/relying_party/Shared/Encoding/WS_RP_SH_Encoding_TextualEncoding_012.md"",""WS_RP_SH_Encoding_TextualEncoding012"")",EUDI_required,🟡 implemented verifier-blocked,,,x,,x,,x,Shared / Encoding,EUDI_generic,"WS, RP-PI, SH","🔎, WU, 📸",validators: none in PR1295; Maestro/pipeline precondition not implemented in PR1295; adapt same Shared / Encoding flow with small request/assert changes; generated: test YAML + validators + area pipeline,🟠 req-class: EUDI_required; credimi: PR1295 no YAML,source: FCAF repo; no PR1295 YAML
,"=HYPERLINK(""https://github.com/eu-digital-identity-wallet/eudi-doc-functional-conformance-assessment/blob/88ab69a/docs/fcaf/suts/wallet_solution/relying_party/Shared/Encoding/WS_RP_SH_Encoding_TextualEncoding_013.md"",""WS_RP_SH_Encoding_TextualEncoding013"")",EUDI_required,🟡 implemented verifier-blocked,,,x,,x,,x,Shared / Encoding,EUDI_generic,"WS, RP-PI, SH","🔎, WU, 📸",validators: none in PR1295; Maestro/pipeline precondition not implemented in PR1295; adapt same Shared / Encoding flow with small request/assert changes; generated: test YAML + validators + area pipeline,🟠 req-class: EUDI_required; credimi: PR1295 no YAML,source: FCAF repo; no PR1295 YAML
,"=HYPERLINK(""https://github.com/eu-digital-identity-wallet/eudi-doc-functional-conformance-assessment/blob/88ab69a/docs/fcaf/suts/wallet_solution/relying_party/Shared/Encoding/WS_RP_SH_Encoding_TextualEncoding_014.md"",""WS_RP_SH_Encoding_TextualEncoding014"")",EUDI_required,🟡 implemented verifier-blocked,,,x,,x,,x,Shared / Encoding,EUDI_generic,"WS, RP-PI, SH","🔎, WU, 📸",validators: none in PR1295; Maestro/pipeline precondition not implemented in PR1295; adapt same Shared / Encoding flow with small request/assert changes; generated: test YAML + validators + area pipeline,🟠 req-class: EUDI_required; credimi: PR1295 no YAML,source: FCAF repo; no PR1295 YAML
,"=HYPERLINK(""https://github.com/eu-digital-identity-wallet/eudi-doc-functional-conformance-assessment/blob/88ab69a/docs/fcaf/suts/wallet_solution/relying_party/Shared/Encoding/WS_RP_SH_Encoding_TextualEncoding_015.md"",""WS_RP_SH_Encoding_TextualEncoding015"")",EUDI_required,🟡 implemented verifier-blocked,,,x,,x,,x,Shared / Encoding,EUDI_generic,"WS, RP-PI, SH","🔎, WU, 📸",validators: none in PR1295; Maestro/pipeline precondition not implemented in PR1295; adapt same Shared / Encoding flow with small request/assert changes; generated: test YAML + validators + area pipeline,🟠 req-class: EUDI_required; credimi: PR1295 no YAML,source: FCAF repo; no PR1295 YAML
,"=HYPERLINK(""https://github.com/eu-digital-identity-wallet/eudi-doc-functional-conformance-assessment/blob/88ab69a/docs/fcaf/suts/wallet_solution/relying_party/Shared/Encoding/WS_RP_SH_Encoding_TextualEncoding_016.md"",""WS_RP_SH_Encoding_TextualEncoding016"")",EUDI_required,🟡 implemented verifier-blocked,,,x,,x,,x,Shared / Encoding,EUDI_generic,"WS, RP-PI, SH","🔎, WU, 📸",validators: none in PR1295; Maestro/pipeline precondition not implemented in PR1295; adapt same Shared / Encoding flow with small request/assert changes; generated: test YAML + validators + area pipeline,🟠 req-class: EUDI_required; credimi: PR1295 no YAML,source: FCAF repo; no PR1295 YAML
,"=HYPERLINK(""https://github.com/eu-digital-identity-wallet/eudi-doc-functional-conformance-assessment/blob/88ab69a/docs/fcaf/suts/wallet_solution/relying_party/Shared/Encoding/WS_RP_SH_Encoding_TextualEncoding_017.md"",""WS_RP_SH_Encoding_TextualEncoding017"")",EUDI_required,🟡 implemented verifier-blocked,,,x,,x,,x,Shared / Encoding,EUDI_generic,"WS, RP-PI, SH","🔎, WU, 📸",validators: none in PR1295; Maestro/pipeline precondition not implemented in PR1295; adapt same Shared / Encoding flow with small request/assert changes; generated: test YAML + validators + area pipeline,🟠 req-class: EUDI_required; credimi: PR1295 no YAML,source: FCAF repo; no PR1295 YAML
,"=HYPERLINK(""https://github.com/eu-digital-identity-wallet/eudi-doc-functional-conformance-assessment/blob/88ab69a/docs/fcaf/suts/wallet_solution/relying_party/Shared/Encoding/WS_RP_SH_Encoding_TextualEncoding_018.md"",""WS_RP_SH_Encoding_TextualEncoding018"")",EUDI_required,🟡 implemented verifier-blocked,,,x,,x,,x,Shared / Encoding,EUDI_generic,"WS, RP-PI, SH","🔎, WU, 📸",validators: none in PR1295; Maestro/pipeline precondition not implemented in PR1295; adapt same Shared / Encoding flow with small request/assert changes; generated: test YAML + validators + area pipeline,🟠 req-class: EUDI_required; credimi: PR1295 no YAML,source: FCAF repo; no PR1295 YAML
,"=HYPERLINK(""https://github.com/eu-digital-identity-wallet/eudi-doc-functional-conformance-assessment/blob/88ab69a/docs/fcaf/suts/wallet_solution/relying_party/Shared/Encoding/WS_RP_SH_Encoding_TextualEncoding_019.md"",""WS_RP_SH_Encoding_TextualEncoding019"")",EUDI_required,🟡 implemented verifier-blocked,,,x,,x,,x,Shared / Encoding,EUDI_generic,"WS, RP-PI, SH","🔎, WU, 📸",validators: none in PR1295; Maestro/pipeline precondition not implemented in PR1295; adapt same Shared / Encoding flow with small request/assert changes; generated: test YAML + validators + area pipeline,🟠 req-class: EUDI_required; credimi: PR1295 no YAML,source: FCAF repo; no PR1295 YAML
,"=HYPERLINK(""https://github.com/eu-digital-identity-wallet/eudi-doc-functional-conformance-assessment/blob/88ab69a/docs/fcaf/suts/wallet_solution/relying_party/Shared/Encoding/WS_RP_SH_Encoding_TextualEncoding_020.md"",""WS_RP_SH_Encoding_TextualEncoding020"")",EUDI_required,🟡 implemented verifier-blocked,,,x,,x,,x,Shared / Encoding,EUDI_generic,"WS, RP-PI, SH","🔎, WU, 📸",validators: none in PR1295; Maestro/pipeline precondition not implemented in PR1295; adapt same Shared / Encoding flow with small request/assert changes; generated: test YAML + validators + area pipeline,🟠 req-class: EUDI_required; credimi: PR1295 no YAML,source: FCAF repo; no PR1295 YAML
,"=HYPERLINK(""https://github.com/eu-digital-identity-wallet/eudi-doc-functional-conformance-assessment/blob/88ab69a/docs/fcaf/suts/wallet_solution/relying_party/Shared/Encoding/WS_RP_SH_Encoding_TextualEncoding_021.md"",""WS_RP_SH_Encoding_TextualEncoding021"")",EUDI_required,🟡 implemented verifier-blocked,,,x,,x,,x,Shared / Encoding,EUDI_generic,"WS, RP-PI, SH","🔎, WU, 📸",validators: none in PR1295; Maestro/pipeline precondition not implemented in PR1295; adapt same Shared / Encoding flow with small request/assert changes; generated: test YAML + validators + area pipeline,🟠 req-class: EUDI_required; credimi: PR1295 no YAML,source: FCAF repo; no PR1295 YAML
,"=HYPERLINK(""https://github.com/eu-digital-identity-wallet/eudi-doc-functional-conformance-assessment/blob/88ab69a/docs/fcaf/suts/wallet_solution/relying_party/Shared/Encoding/WS_RP_SH_Encoding_TextualEncoding_022.md"",""WS_RP_SH_Encoding_TextualEncoding022"")",EUDI_required,🟡 implemented verifier-blocked,,,x,,x,,x,Shared / Encoding,EUDI_generic,"WS, RP-PI, SH","🔎, WU, 📸",validators: none in PR1295; Maestro/pipeline precondition not implemented in PR1295; adapt same Shared / Encoding flow with small request/assert changes; generated: test YAML + validators + area pipeline,🟠 req-class: EUDI_required; credimi: PR1295 no YAML,source: FCAF repo; no PR1295 YAML
,"=HYPERLINK(""https://github.com/eu-digital-identity-wallet/eudi-doc-functional-conformance-assessment/blob/88ab69a/docs/fcaf/suts/wallet_solution/relying_party/UseCases/Presentation/WS_RP_UC_Presentation__004.md"",""WS_RP_UC_Presentation_004"")",EUDI_required,🟡 implemented verifier-blocked,x,,x,,x,,x,UseCases / Presentation,EUDI_generic,"WS, RP-PI, UC","🔎, WU, 📸, CAW",validators: none in PR1295; Maestro/pipeline precondition not implemented in PR1295; new principal Maestro/pipeline flow for UseCases / Presentation; source trigger: click link / scan QR code; source trigger: DC API / Credential API; generated: test YAML + proper validators + area pipeline,🟠 req-class: EUDI_required; credimi: PR1295 no YAML,source: FCAF repo; no PR1295 YAML
,"=HYPERLINK(""https://github.com/eu-digital-identity-wallet/eudi-doc-functional-conformance-assessment/blob/88ab69a/docs/fcaf/suts/wallet_solution/relying_party/DataModel/AddressData/WS_RP_DM_AddressData_Emailaddress_PID_IETF-sd-jwt-vc_001.md"",""WS_RP_DM_AddressData_Emailaddress_PID_IETF-sd-jwt-vc_001"")",EUDI_optional,🟢 ready,,,x,,x,x,x,DataModel / AddressData,EUDI_specific,"WS, RP-PI, PID-DM, SD-JWT VC","CDV, 🔎, WU, 📸","validators: sdjwt.claim_present; preconditions: pipeline.pid.presentation.sdjwt.all-claims, assertion.pid.presentation.sdjwt.vct-pid, assertion.pid.presentation.sdjwt.required-mandatory-claims-presented; precondition validators: pid.sdjwt_vct_pid, pid.sdjwt_required_mandatory_claims_present",🔵 req-class: EUDI_optional; credimi: PR1295 catalog; format: ietf_sd_jwt_vc,source: FCAF repo; credimi-id matches source
,"=HYPERLINK(""https://github.com/eu-digital-identity-wallet/eudi-doc-functional-conformance-assessment/blob/88ab69a/docs/fcaf/suts/wallet_solution/relying_party/DataModel/AddressData/WS_RP_DM_AddressData_Emailaddress_PID_IETF-sd-jwt-vc_002.md"",""WS_RP_DM_AddressData_Emailaddress_PID_IETF-sd-jwt-vc_003"")",EUDI_optional,🟢 ready,,,x,,x,x,x,DataModel / AddressData,EUDI_specific,"WS, RP-PI, PID-DM, SD-JWT VC","CDV, 🔎, WU, 📸","validators: sdjwt.claim_utf8_string; preconditions: pipeline.pid.presentation.sdjwt.all-claims, assertion.pid.presentation.sdjwt.vct-pid, assertion.pid.presentation.sdjwt.required-mandatory-claims-presented, test.WS_RP_DM_AddressData_Emailaddress_PID_IETF-sd-jwt-vc_001; precondition validators: pid.sdjwt_vct_pid, pid.sdjwt_required_mandatory_claims_present",🔵 req-class: EUDI_optional; credimi: PR1295 catalog; format: ietf_sd_jwt_vc,source: FCAF repo; credimi-id differs: WS_RP_DM_AddressData_Emailaddress_PID_IETF-sd-jwt-vc_002
,"=HYPERLINK(""https://github.com/eu-digital-identity-wallet/eudi-doc-functional-conformance-assessment/blob/88ab69a/docs/fcaf/suts/wallet_solution/relying_party/DataModel/AddressData/WS_RP_DM_AddressData_Emailaddress_PID_IETF-sd-jwt-vc_003.md"",""WS_RP_DM_AddressData_Emailaddress_PID_IETF-sd-jwt-vc_003"")",EUDI_optional,🟢 ready,,,x,,x,x,x,DataModel / AddressData,EUDI_specific,"WS, RP-PI, PID-DM, SD-JWT VC","CDV, 🔎, WU, 📸","validators: sdjwt.claim_rfc5322_email; preconditions: pipeline.pid.presentation.sdjwt.all-claims, assertion.pid.presentation.sdjwt.vct-pid, assertion.pid.presentation.sdjwt.required-mandatory-claims-presented, test.WS_RP_DM_AddressData_Emailaddress_PID_IETF-sd-jwt-vc_001; precondition validators: pid.sdjwt_vct_pid, pid.sdjwt_required_mandatory_claims_present",🔵 req-class: EUDI_optional; credimi: PR1295 catalog; format: ietf_sd_jwt_vc,source: FCAF repo; credimi-id matches source
,"=HYPERLINK(""https://github.com/eu-digital-identity-wallet/eudi-doc-functional-conformance-assessment/blob/88ab69a/docs/fcaf/suts/wallet_solution/relying_party/DataModel/AddressData/WS_RP_DM_AddressData_Emailaddress_PID_ISO-mdoc_001.md"",""WS_RP_DM_AddressData_Emailaddress_PID_ISO-mdoc_001"")",EUDI_optional,🟢 ready,,,x,,x,x,x,DataModel / AddressData,EUDI_specific,"WS, RP-PI, PID-DM, ISO mdoc","CDV, 🔎, WU, 📸","validators: mdoc.namespace_element_present; preconditions: pipeline.pid.presentation.mdoc.all-claims-elements, assertion.pid.presentation.mdoc.doc-type-pid, assertion.pid.presentation.mdoc.required-mandatory-elements-presented; precondition validators: pid.mdoc_doc_type, pid.mdoc_required_mandatory_elements_present",🔵 req-class: EUDI_optional; credimi: PR1295 catalog; format: iso_mdoc,source: FCAF repo; credimi-id matches source
,"=HYPERLINK(""https://github.com/eu-digital-identity-wallet/eudi-doc-functional-conformance-assessment/blob/88ab69a/docs/fcaf/suts/wallet_solution/relying_party/DataModel/AddressData/WS_RP_DM_AddressData_Emailaddress_PID_ISO-mdoc_002.md"",""WS_RP_DM_AddressData_Emailaddress_PID_ISO-mdoc_002"")",EUDI_optional,🟢 ready,,,x,,x,x,x,DataModel / AddressData,EUDI_specific,"WS, RP-PI, PID-DM, ISO mdoc","CDV, 🔎, WU, 📸","validators: mdoc.element_utf8_string; preconditions: pipeline.pid.presentation.mdoc.all-claims-elements, assertion.pid.presentation.mdoc.doc-type-pid, assertion.pid.presentation.mdoc.required-mandatory-elements-presented, test.WS_RP_DM_AddressData_Emailaddress_PID_ISO-mdoc_001; precondition validators: pid.mdoc_doc_type, pid.mdoc_required_mandatory_elements_present",🔵 req-class: EUDI_optional; credimi: PR1295 catalog; format: iso_mdoc,source: FCAF repo; credimi-id matches source
,"=HYPERLINK(""https://github.com/eu-digital-identity-wallet/eudi-doc-functional-conformance-assessment/blob/88ab69a/docs/fcaf/suts/wallet_solution/relying_party/DataModel/AddressData/WS_RP_DM_AddressData_Emailaddress_PID_ISO-mdoc_003.md"",""WS_RP_DM_AddressData_Emailaddress_PID_ISO-mdoc_003"")",EUDI_optional,🟢 ready,,,x,,x,x,x,DataModel / AddressData,EUDI_specific,"WS, RP-PI, PID-DM, ISO mdoc","CDV, 🔎, WU, 📸","validators: mdoc.element_rfc5322_email; preconditions: pipeline.pid.presentation.mdoc.all-claims-elements, assertion.pid.presentation.mdoc.doc-type-pid, assertion.pid.presentation.mdoc.required-mandatory-elements-presented, test.WS_RP_DM_AddressData_Emailaddress_PID_ISO-mdoc_001; precondition validators: pid.mdoc_doc_type, pid.mdoc_required_mandatory_elements_present",🔵 req-class: EUDI_optional; credimi: PR1295 catalog; format: iso_mdoc,source: FCAF repo; credimi-id matches source
,"=HYPERLINK(""https://github.com/eu-digital-identity-wallet/eudi-doc-functional-conformance-assessment/blob/88ab69a/docs/fcaf/suts/wallet_solution/relying_party/DataModel/AddressData/WS_RP_DM_AddressData_Mobilephonenumber_PID_IETF-sd-jwt-vc_001.md"",""WS_RP_DM_AddressData_Mobilephonenumber_PID_IETF-sd-jwt-vc_001"")",EUDI_optional,🟢 ready,,,x,,x,x,x,DataModel / AddressData,EUDI_specific,"WS, RP-PI, PID-DM, SD-JWT VC","CDV, 🔎, WU, 📸","validators: sdjwt.claim_present; preconditions: pipeline.pid.presentation.sdjwt.all-claims, assertion.pid.presentation.sdjwt.vct-pid, assertion.pid.presentation.sdjwt.required-mandatory-claims-presented; precondition validators: pid.sdjwt_vct_pid, pid.sdjwt_required_mandatory_claims_present",🔵 req-class: EUDI_optional; credimi: PR1295 catalog; format: ietf_sd_jwt_vc,source: FCAF repo; credimi-id matches source
,"=HYPERLINK(""https://github.com/eu-digital-identity-wallet/eudi-doc-functional-conformance-assessment/blob/88ab69a/docs/fcaf/suts/wallet_solution/relying_party/DataModel/AddressData/WS_RP_DM_AddressData_Mobilephonenumber_PID_IETF-sd-jwt-vc_002.md"",""WS_RP_DM_AddressData_Mobilephonenumber_PID_IETF-sd-jwt-vc_002"")",EUDI_optional,🟢 ready,,,x,,x,x,x,DataModel / AddressData,EUDI_specific,"WS, RP-PI, PID-DM, SD-JWT VC","CDV, 🔎, WU, 📸","validators: sdjwt.claim_utf8_string; preconditions: pipeline.pid.presentation.sdjwt.all-claims, assertion.pid.presentation.sdjwt.vct-pid, assertion.pid.presentation.sdjwt.required-mandatory-claims-presented, test.WS_RP_DM_AddressData_Mobilephonenumber_PID_IETF-sd-jwt-vc_001; precondition validators: pid.sdjwt_vct_pid, pid.sdjwt_required_mandatory_claims_present",🔵 req-class: EUDI_optional; credimi: PR1295 catalog; format: ietf_sd_jwt_vc,source: FCAF repo; credimi-id matches source
,"=HYPERLINK(""https://github.com/eu-digital-identity-wallet/eudi-doc-functional-conformance-assessment/blob/88ab69a/docs/fcaf/suts/wallet_solution/relying_party/DataModel/AddressData/WS_RP_DM_AddressData_Mobilephonenumber_PID_IETF-sd-jwt-vc_003.md"",""WS_RP_DM_AddressData_Mobilephonenumber_PID_IETF-sd-jwt-vc_003"")",EUDI_optional,🟢 ready,,,x,,x,x,x,DataModel / AddressData,EUDI_specific,"WS, RP-PI, PID-DM, SD-JWT VC","CDV, 🔎, WU, 📸","validators: sdjwt.claim_international_phone; preconditions: pipeline.pid.presentation.sdjwt.all-claims, assertion.pid.presentation.sdjwt.vct-pid, assertion.pid.presentation.sdjwt.required-mandatory-claims-presented, test.WS_RP_DM_AddressData_Mobilephonenumber_PID_IETF-sd-jwt-vc_001; precondition validators: pid.sdjwt_vct_pid, pid.sdjwt_required_mandatory_claims_present",🔵 req-class: EUDI_optional; credimi: PR1295 catalog; format: ietf_sd_jwt_vc,source: FCAF repo; credimi-id matches source
,"=HYPERLINK(""https://github.com/eu-digital-identity-wallet/eudi-doc-functional-conformance-assessment/blob/88ab69a/docs/fcaf/suts/wallet_solution/relying_party/DataModel/AddressData/WS_RP_DM_AddressData_Mobilephonenumber_PID_ISO-mdoc_001.md"",""WS_RP_DM_AddressData_Mobilephonenumber_PID_ISO-mdoc_001"")",EUDI_optional,🟢 ready,,,x,,x,x,x,DataModel / AddressData,EUDI_specific,"WS, RP-PI, PID-DM, ISO mdoc","CDV, 🔎, WU, 📸","validators: mdoc.namespace_element_present; preconditions: pipeline.pid.presentation.mdoc.all-claims-elements, assertion.pid.presentation.mdoc.doc-type-pid, assertion.pid.presentation.mdoc.required-mandatory-elements-presented; precondition validators: pid.mdoc_doc_type, pid.mdoc_required_mandatory_elements_present",🔵 req-class: EUDI_optional; credimi: PR1295 catalog; format: iso_mdoc,source: FCAF repo; credimi-id matches source
,"=HYPERLINK(""https://github.com/eu-digital-identity-wallet/eudi-doc-functional-conformance-assessment/blob/88ab69a/docs/fcaf/suts/wallet_solution/relying_party/DataModel/AddressData/WS_RP_DM_AddressData_Mobilephonenumber_PID_ISO-mdoc_002.md"",""WS_RP_DM_AddressData_Mobilephonenumber_PID_ISO-mdoc_002"")",EUDI_optional,🟢 ready,,,x,,x,x,x,DataModel / AddressData,EUDI_specific,"WS, RP-PI, PID-DM, ISO mdoc","CDV, 🔎, WU, 📸","validators: mdoc.element_utf8_string; preconditions: pipeline.pid.presentation.mdoc.all-claims-elements, assertion.pid.presentation.mdoc.doc-type-pid, assertion.pid.presentation.mdoc.required-mandatory-elements-presented, test.WS_RP_DM_AddressData_Mobilephonenumber_PID_ISO-mdoc_001; precondition validators: pid.mdoc_doc_type, pid.mdoc_required_mandatory_elements_present",🔵 req-class: EUDI_optional; credimi: PR1295 catalog; format: iso_mdoc,source: FCAF repo; credimi-id matches source
,"=HYPERLINK(""https://github.com/eu-digital-identity-wallet/eudi-doc-functional-conformance-assessment/blob/88ab69a/docs/fcaf/suts/wallet_solution/relying_party/DataModel/AddressData/WS_RP_DM_AddressData_Mobilephonenumber_PID_ISO-mdoc_003.md"",""WS_RP_DM_AddressData_Mobilephonenumber_PID_ISO-mdoc_003"")",EUDI_optional,🟢 ready,,,x,,x,x,x,DataModel / AddressData,EUDI_specific,"WS, RP-PI, PID-DM, ISO mdoc","CDV, 🔎, WU, 📸","validators: mdoc.element_international_phone; preconditions: pipeline.pid.presentation.mdoc.all-claims-elements, assertion.pid.presentation.mdoc.doc-type-pid, assertion.pid.presentation.mdoc.required-mandatory-elements-presented, test.WS_RP_DM_AddressData_Mobilephonenumber_PID_ISO-mdoc_001; precondition validators: pid.mdoc_doc_type, pid.mdoc_required_mandatory_elements_present",🔵 req-class: EUDI_optional; credimi: PR1295 catalog; format: iso_mdoc,source: FCAF repo; credimi-id matches source
,"=HYPERLINK(""https://github.com/eu-digital-identity-wallet/eudi-doc-functional-conformance-assessment/blob/88ab69a/docs/fcaf/suts/wallet_solution/relying_party/DataModel/AddressData/WS_RP_DM_AddressData_Residentaddress_PID_IETF-sd-jwt-vc_001.md"",""WS_RP_DM_AddressData_Residentaddress_PID_IETF-sd-jwt-vc_001"")",EUDI_optional,🟢 ready,,,x,,x,x,x,DataModel / AddressData,EUDI_specific,"WS, RP-PI, PID-DM, SD-JWT VC","CDV, 🔎, WU, 📸","validators: sdjwt.claim_present; preconditions: pipeline.pid.presentation.sdjwt.all-claims, assertion.pid.presentation.sdjwt.vct-pid, assertion.pid.presentation.sdjwt.required-mandatory-claims-presented; precondition validators: pid.sdjwt_vct_pid, pid.sdjwt_required_mandatory_claims_present",🔵 req-class: EUDI_optional; credimi: PR1295 catalog; format: ietf_sd_jwt_vc,source: FCAF repo; credimi-id matches source
,"=HYPERLINK(""https://github.com/eu-digital-identity-wallet/eudi-doc-functional-conformance-assessment/blob/88ab69a/docs/fcaf/suts/wallet_solution/relying_party/DataModel/AddressData/WS_RP_DM_AddressData_Residentaddress_PID_IETF-sd-jwt-vc_002.md"",""WS_RP_DM_AddressData_Residentaddress_PID_IETF-sd-jwt-vc_002"")",EUDI_optional,🟢 ready,,,x,,x,x,x,DataModel / AddressData,EUDI_specific,"WS, RP-PI, PID-DM, SD-JWT VC","CDV, 🔎, WU, 📸","validators: sdjwt.claim_utf8_string; preconditions: pipeline.pid.presentation.sdjwt.all-claims, assertion.pid.presentation.sdjwt.vct-pid, assertion.pid.presentation.sdjwt.required-mandatory-claims-presented, test.WS_RP_DM_AddressData_Residentaddress_PID_IETF-sd-jwt-vc_001; precondition validators: pid.sdjwt_vct_pid, pid.sdjwt_required_mandatory_claims_present",🔵 req-class: EUDI_optional; credimi: PR1295 catalog; format: ietf_sd_jwt_vc,source: FCAF repo; credimi-id matches source
,"=HYPERLINK(""https://github.com/eu-digital-identity-wallet/eudi-doc-functional-conformance-assessment/blob/88ab69a/docs/fcaf/suts/wallet_solution/relying_party/DataModel/AddressData/WS_RP_DM_AddressData_Residentaddress_PID_ISO-mdoc_001.md"",""WS_RP_DM_AddressData_Residentaddress_PID_ISO-mdoc_001"")",EUDI_optional,🟢 ready,,,x,,x,x,x,DataModel / AddressData,EUDI_specific,"WS, RP-PI, PID-DM, ISO mdoc","CDV, 🔎, WU, 📸","validators: mdoc.namespace_element_present; preconditions: pipeline.pid.presentation.mdoc.all-claims-elements, assertion.pid.presentation.mdoc.doc-type-pid, assertion.pid.presentation.mdoc.required-mandatory-elements-presented; precondition validators: pid.mdoc_doc_type, pid.mdoc_required_mandatory_elements_present",🔵 req-class: EUDI_optional; credimi: PR1295 catalog; format: iso_mdoc,source: FCAF repo; credimi-id matches source
,"=HYPERLINK(""https://github.com/eu-digital-identity-wallet/eudi-doc-functional-conformance-assessment/blob/88ab69a/docs/fcaf/suts/wallet_solution/relying_party/DataModel/AddressData/WS_RP_DM_AddressData_Residentaddress_PID_ISO-mdoc_002.md"",""WS_RP_DM_AddressData_Residentaddress_PID_ISO-mdoc_002"")",EUDI_optional,🟢 ready,,,x,,x,x,x,DataModel / AddressData,EUDI_specific,"WS, RP-PI, PID-DM, ISO mdoc","CDV, 🔎, WU, 📸","validators: mdoc.element_utf8_string; preconditions: pipeline.pid.presentation.mdoc.all-claims-elements, assertion.pid.presentation.mdoc.doc-type-pid, assertion.pid.presentation.mdoc.required-mandatory-elements-presented, test.WS_RP_DM_AddressData_Residentaddress_PID_ISO-mdoc_001; precondition validators: pid.mdoc_doc_type, pid.mdoc_required_mandatory_elements_present",🔵 req-class: EUDI_optional; credimi: PR1295 catalog; format: iso_mdoc,source: FCAF repo; credimi-id matches source
,"=HYPERLINK(""https://github.com/eu-digital-identity-wallet/eudi-doc-functional-conformance-assessment/blob/88ab69a/docs/fcaf/suts/wallet_solution/relying_party/DataModel/AddressData/WS_RP_DM_AddressData_Residentcity_PID_IETF-sd-jwt-vc_001.md"",""WS_RP_DM_AddressData_Residentcity_PID_IETF-sd-jwt-vc_001"")",EUDI_optional,🟢 ready,,,x,,x,x,x,DataModel / AddressData,EUDI_specific,"WS, RP-PI, PID-DM, SD-JWT VC","CDV, 🔎, WU, 📸","validators: sdjwt.claim_present; preconditions: pipeline.pid.presentation.sdjwt.all-claims, assertion.pid.presentation.sdjwt.vct-pid, assertion.pid.presentation.sdjwt.required-mandatory-claims-presented; precondition validators: pid.sdjwt_vct_pid, pid.sdjwt_required_mandatory_claims_present",🔵 req-class: EUDI_optional; credimi: PR1295 catalog; format: ietf_sd_jwt_vc,source: FCAF repo; credimi-id matches source
,"=HYPERLINK(""https://github.com/eu-digital-identity-wallet/eudi-doc-functional-conformance-assessment/blob/88ab69a/docs/fcaf/suts/wallet_solution/relying_party/DataModel/AddressData/WS_RP_DM_AddressData_Residentcity_PID_IETF-sd-jwt-vc_002.md"",""WS_RP_DM_AddressData_Residentcity_PID_IETF-sd-jwt-vc_002"")",EUDI_optional,🟢 ready,,,x,,x,x,x,DataModel / AddressData,EUDI_specific,"WS, RP-PI, PID-DM, SD-JWT VC","CDV, 🔎, WU, 📸","validators: sdjwt.claim_utf8_string; preconditions: pipeline.pid.presentation.sdjwt.all-claims, assertion.pid.presentation.sdjwt.vct-pid, assertion.pid.presentation.sdjwt.required-mandatory-claims-presented, test.WS_RP_DM_AddressData_Residentcity_PID_IETF-sd-jwt-vc_001; precondition validators: pid.sdjwt_vct_pid, pid.sdjwt_required_mandatory_claims_present",🔵 req-class: EUDI_optional; credimi: PR1295 catalog; format: ietf_sd_jwt_vc,source: FCAF repo; credimi-id matches source
,"=HYPERLINK(""https://github.com/eu-digital-identity-wallet/eudi-doc-functional-conformance-assessment/blob/88ab69a/docs/fcaf/suts/wallet_solution/relying_party/DataModel/AddressData/WS_RP_DM_AddressData_Residentcity_PID_ISO-mdoc_001.md"",""WS_RP_DM_AddressData_Residentcity_PID_ISO-mdoc_001"")",EUDI_optional,🟢 ready,,,x,,x,x,x,DataModel / AddressData,EUDI_specific,"WS, RP-PI, PID-DM, ISO mdoc","CDV, 🔎, WU, 📸","validators: mdoc.namespace_element_present; preconditions: pipeline.pid.presentation.mdoc.all-claims-elements, assertion.pid.presentation.mdoc.doc-type-pid, assertion.pid.presentation.mdoc.required-mandatory-elements-presented; precondition validators: pid.mdoc_doc_type, pid.mdoc_required_mandatory_elements_present",🔵 req-class: EUDI_optional; credimi: PR1295 catalog; format: iso_mdoc,source: FCAF repo; credimi-id matches source
,"=HYPERLINK(""https://github.com/eu-digital-identity-wallet/eudi-doc-functional-conformance-assessment/blob/88ab69a/docs/fcaf/suts/wallet_solution/relying_party/DataModel/AddressData/WS_RP_DM_AddressData_Residentcity_PID_ISO-mdoc_002.md"",""WS_RP_DM_AddressData_Residentcity_PID_ISO-mdoc_002"")",EUDI_optional,🟢 ready,,,x,,x,x,x,DataModel / AddressData,EUDI_specific,"WS, RP-PI, PID-DM, ISO mdoc","CDV, 🔎, WU, 📸","validators: mdoc.element_utf8_string; preconditions: pipeline.pid.presentation.mdoc.all-claims-elements, assertion.pid.presentation.mdoc.doc-type-pid, assertion.pid.presentation.mdoc.required-mandatory-elements-presented, test.WS_RP_DM_AddressData_Residentcity_PID_ISO-mdoc_001; precondition validators: pid.mdoc_doc_type, pid.mdoc_required_mandatory_elements_present",🔵 req-class: EUDI_optional; credimi: PR1295 catalog; format: iso_mdoc,source: FCAF repo; credimi-id matches source
,"=HYPERLINK(""https://github.com/eu-digital-identity-wallet/eudi-doc-functional-conformance-assessment/blob/88ab69a/docs/fcaf/suts/wallet_solution/relying_party/DataModel/AddressData/WS_RP_DM_AddressData_Residentcountry_PID_IETF-sd-jwt-vc_001.md"",""WS_RP_DM_AddressData_Residentcountry_PID_IETF-sd-jwt-vc_001"")",EUDI_optional,🟢 ready,,,x,,x,x,x,DataModel / AddressData,EUDI_specific,"WS, RP-PI, PID-DM, SD-JWT VC","CDV, 🔎, WU, 📸","validators: sdjwt.claim_present; preconditions: pipeline.pid.presentation.sdjwt.all-claims, assertion.pid.presentation.sdjwt.vct-pid, assertion.pid.presentation.sdjwt.required-mandatory-claims-presented; precondition validators: pid.sdjwt_vct_pid, pid.sdjwt_required_mandatory_claims_present",🔵 req-class: EUDI_optional; credimi: PR1295 catalog; format: ietf_sd_jwt_vc,source: FCAF repo; credimi-id matches source
,"=HYPERLINK(""https://github.com/eu-digital-identity-wallet/eudi-doc-functional-conformance-assessment/blob/88ab69a/docs/fcaf/suts/wallet_solution/relying_party/DataModel/AddressData/WS_RP_DM_AddressData_Residentcountry_PID_IETF-sd-jwt-vc_002.md"",""WS_RP_DM_AddressData_Residentcountry_PID_IETF-sd-jwt-vc_002"")",EUDI_optional,🟢 ready,,,x,,x,x,x,DataModel / AddressData,EUDI_specific,"WS, RP-PI, PID-DM, SD-JWT VC","CDV, 🔎, WU, 📸","validators: sdjwt.claim_utf8_string; preconditions: pipeline.pid.presentation.sdjwt.all-claims, assertion.pid.presentation.sdjwt.vct-pid, assertion.pid.presentation.sdjwt.required-mandatory-claims-presented, test.WS_RP_DM_AddressData_Residentcountry_PID_IETF-sd-jwt-vc_001; precondition validators: pid.sdjwt_vct_pid, pid.sdjwt_required_mandatory_claims_present",🔵 req-class: EUDI_optional; credimi: PR1295 catalog; format: ietf_sd_jwt_vc,source: FCAF repo; credimi-id matches source
,"=HYPERLINK(""https://github.com/eu-digital-identity-wallet/eudi-doc-functional-conformance-assessment/blob/88ab69a/docs/fcaf/suts/wallet_solution/relying_party/DataModel/AddressData/WS_RP_DM_AddressData_Residentcountry_PID_IETF-sd-jwt-vc_003.md"",""WS_RP_DM_AddressData_Residentcountry_PID_IETF-sd-jwt-vc_003"")",EUDI_optional,🟢 ready,,,x,,x,x,x,DataModel / AddressData,EUDI_specific,"WS, RP-PI, PID-DM, SD-JWT VC","CDV, 🔎, WU, 📸","validators: sdjwt.claim_country_code; preconditions: pipeline.pid.presentation.sdjwt.all-claims, assertion.pid.presentation.sdjwt.vct-pid, assertion.pid.presentation.sdjwt.required-mandatory-claims-presented, test.WS_RP_DM_AddressData_Residentcountry_PID_IETF-sd-jwt-vc_001; precondition validators: pid.sdjwt_vct_pid, pid.sdjwt_required_mandatory_claims_present",🔵 req-class: EUDI_optional; credimi: PR1295 catalog; format: ietf_sd_jwt_vc,source: FCAF repo; credimi-id matches source
,"=HYPERLINK(""https://github.com/eu-digital-identity-wallet/eudi-doc-functional-conformance-assessment/blob/88ab69a/docs/fcaf/suts/wallet_solution/relying_party/DataModel/AddressData/WS_RP_DM_AddressData_Residentcountry_PID_ISO-mdoc_001.md"",""WS_RP_DM_AddressData_Residentcountry_PID_ISO-mdoc_001"")",EUDI_optional,🟢 ready,,,x,,x,x,x,DataModel / AddressData,EUDI_specific,"WS, RP-PI, PID-DM, ISO mdoc","CDV, 🔎, WU, 📸","validators: mdoc.namespace_element_present; preconditions: pipeline.pid.presentation.mdoc.all-claims-elements, assertion.pid.presentation.mdoc.doc-type-pid, assertion.pid.presentation.mdoc.required-mandatory-elements-presented; precondition validators: pid.mdoc_doc_type, pid.mdoc_required_mandatory_elements_present",🔵 req-class: EUDI_optional; credimi: PR1295 catalog; format: iso_mdoc,source: FCAF repo; credimi-id matches source
,"=HYPERLINK(""https://github.com/eu-digital-identity-wallet/eudi-doc-functional-conformance-assessment/blob/88ab69a/docs/fcaf/suts/wallet_solution/relying_party/DataModel/AddressData/WS_RP_DM_AddressData_Residentcountry_PID_ISO-mdoc_002.md"",""WS_RP_DM_AddressData_Residentcountry_PID_ISO-mdoc_002"")",EUDI_optional,🟢 ready,,,x,,x,x,x,DataModel / AddressData,EUDI_specific,"WS, RP-PI, PID-DM, ISO mdoc","CDV, 🔎, WU, 📸","validators: mdoc.element_utf8_string; preconditions: pipeline.pid.presentation.mdoc.all-claims-elements, assertion.pid.presentation.mdoc.doc-type-pid, assertion.pid.presentation.mdoc.required-mandatory-elements-presented, test.WS_RP_DM_AddressData_Residentcountry_PID_ISO-mdoc_001; precondition validators: pid.mdoc_doc_type, pid.mdoc_required_mandatory_elements_present",🔵 req-class: EUDI_optional; credimi: PR1295 catalog; format: iso_mdoc,source: FCAF repo; credimi-id matches source
,"=HYPERLINK(""https://github.com/eu-digital-identity-wallet/eudi-doc-functional-conformance-assessment/blob/88ab69a/docs/fcaf/suts/wallet_solution/relying_party/DataModel/AddressData/WS_RP_DM_AddressData_Residentcountry_PID_ISO-mdoc_003.md"",""WS_RP_DM_AddressData_Residentcountry_PID_ISO-mdoc_003"")",EUDI_optional,🟢 ready,,,x,,x,x,x,DataModel / AddressData,EUDI_specific,"WS, RP-PI, PID-DM, ISO mdoc","CDV, 🔎, WU, 📸","validators: mdoc.element_country_code; preconditions: pipeline.pid.presentation.mdoc.all-claims-elements, assertion.pid.presentation.mdoc.doc-type-pid, assertion.pid.presentation.mdoc.required-mandatory-elements-presented, test.WS_RP_DM_AddressData_Residentcountry_PID_ISO-mdoc_001; precondition validators: pid.mdoc_doc_type, pid.mdoc_required_mandatory_elements_present",🔵 req-class: EUDI_optional; credimi: PR1295 catalog; format: iso_mdoc,source: FCAF repo; credimi-id matches source
,"=HYPERLINK(""https://github.com/eu-digital-identity-wallet/eudi-doc-functional-conformance-assessment/blob/88ab69a/docs/fcaf/suts/wallet_solution/relying_party/DataModel/AddressData/WS_RP_DM_AddressData_Residenthousenumber_PID_IETF-sd-jwt-vc_001.md"",""WS_RP_DM_AddressData_Residenthousenumber_PID_IETF-sd-jwt-vc_001"")",EUDI_optional,🟢 ready,,,x,,x,x,x,DataModel / AddressData,EUDI_specific,"WS, RP-PI, PID-DM, SD-JWT VC","CDV, 🔎, WU, 📸","validators: sdjwt.claim_present; preconditions: pipeline.pid.presentation.sdjwt.all-claims, assertion.pid.presentation.sdjwt.vct-pid, assertion.pid.presentation.sdjwt.required-mandatory-claims-presented; precondition validators: pid.sdjwt_vct_pid, pid.sdjwt_required_mandatory_claims_present",🔵 req-class: EUDI_optional; credimi: PR1295 catalog; format: ietf_sd_jwt_vc,source: FCAF repo; credimi-id matches source
,"=HYPERLINK(""https://github.com/eu-digital-identity-wallet/eudi-doc-functional-conformance-assessment/blob/88ab69a/docs/fcaf/suts/wallet_solution/relying_party/DataModel/AddressData/WS_RP_DM_AddressData_Residenthousenumber_PID_IETF-sd-jwt-vc_002.md"",""WS_RP_DM_AddressData_Residenthousenumber_PID_IETF-sd-jwt-vc_002"")",EUDI_optional,🟢 ready,,,x,,x,x,x,DataModel / AddressData,EUDI_specific,"WS, RP-PI, PID-DM, SD-JWT VC","CDV, 🔎, WU, 📸","validators: sdjwt.claim_utf8_string; preconditions: pipeline.pid.presentation.sdjwt.all-claims, assertion.pid.presentation.sdjwt.vct-pid, assertion.pid.presentation.sdjwt.required-mandatory-claims-presented, test.WS_RP_DM_AddressData_Residenthousenumber_PID_IETF-sd-jwt-vc_001; precondition validators: pid.sdjwt_vct_pid, pid.sdjwt_required_mandatory_claims_present",🔵 req-class: EUDI_optional; credimi: PR1295 catalog; format: ietf_sd_jwt_vc,source: FCAF repo; credimi-id matches source
,"=HYPERLINK(""https://github.com/eu-digital-identity-wallet/eudi-doc-functional-conformance-assessment/blob/88ab69a/docs/fcaf/suts/wallet_solution/relying_party/DataModel/AddressData/WS_RP_DM_AddressData_Residenthousenumber_PID_ISO-mdoc_001.md"",""WS_RP_DM_AddressData_Residenthousenumber_PID_ISO-mdoc_001"")",EUDI_optional,🟢 ready,,,x,,x,x,x,DataModel / AddressData,EUDI_specific,"WS, RP-PI, PID-DM, ISO mdoc","CDV, 🔎, WU, 📸","validators: mdoc.namespace_element_present; preconditions: pipeline.pid.presentation.mdoc.all-claims-elements, assertion.pid.presentation.mdoc.doc-type-pid, assertion.pid.presentation.mdoc.required-mandatory-elements-presented; precondition validators: pid.mdoc_doc_type, pid.mdoc_required_mandatory_elements_present",🔵 req-class: EUDI_optional; credimi: PR1295 catalog; format: iso_mdoc,source: FCAF repo; credimi-id matches source
,"=HYPERLINK(""https://github.com/eu-digital-identity-wallet/eudi-doc-functional-conformance-assessment/blob/88ab69a/docs/fcaf/suts/wallet_solution/relying_party/DataModel/AddressData/WS_RP_DM_AddressData_Residenthousenumber_PID_ISO-mdoc_002.md"",""WS_RP_DM_AddressData_Residenthousenumber_PID_ISO-mdoc_002"")",EUDI_optional,🟢 ready,,,x,,x,x,x,DataModel / AddressData,EUDI_specific,"WS, RP-PI, PID-DM, ISO mdoc","CDV, 🔎, WU, 📸","validators: mdoc.element_utf8_string; preconditions: pipeline.pid.presentation.mdoc.all-claims-elements, assertion.pid.presentation.mdoc.doc-type-pid, assertion.pid.presentation.mdoc.required-mandatory-elements-presented, test.WS_RP_DM_AddressData_Residenthousenumber_PID_ISO-mdoc_001; precondition validators: pid.mdoc_doc_type, pid.mdoc_required_mandatory_elements_present",🔵 req-class: EUDI_optional; credimi: PR1295 catalog; format: iso_mdoc,source: FCAF repo; credimi-id matches source
,"=HYPERLINK(""https://github.com/eu-digital-identity-wallet/eudi-doc-functional-conformance-assessment/blob/88ab69a/docs/fcaf/suts/wallet_solution/relying_party/DataModel/AddressData/WS_RP_DM_AddressData_Residentpostalcode_PID_IETF-sd-jwt-vc_001.md"",""WS_RP_DM_AddressData_Residentpostalcode_PID_IETF-sd-jwt-vc_001"")",EUDI_optional,🟢 ready,,,x,,x,x,x,DataModel / AddressData,EUDI_specific,"WS, RP-PI, PID-DM, SD-JWT VC","CDV, 🔎, WU, 📸","validators: sdjwt.claim_present; preconditions: pipeline.pid.presentation.sdjwt.all-claims, assertion.pid.presentation.sdjwt.vct-pid, assertion.pid.presentation.sdjwt.required-mandatory-claims-presented; precondition validators: pid.sdjwt_vct_pid, pid.sdjwt_required_mandatory_claims_present",🔵 req-class: EUDI_optional; credimi: PR1295 catalog; format: ietf_sd_jwt_vc,source: FCAF repo; credimi-id matches source
,"=HYPERLINK(""https://github.com/eu-digital-identity-wallet/eudi-doc-functional-conformance-assessment/blob/88ab69a/docs/fcaf/suts/wallet_solution/relying_party/DataModel/AddressData/WS_RP_DM_AddressData_Residentpostalcode_PID_IETF-sd-jwt-vc_002.md"",""WS_RP_DM_AddressData_Residentpostalcode_PID_IETF-sd-jwt-vc_002"")",EUDI_optional,🟢 ready,,,x,,x,x,x,DataModel / AddressData,EUDI_specific,"WS, RP-PI, PID-DM, SD-JWT VC","CDV, 🔎, WU, 📸","validators: sdjwt.claim_utf8_string; preconditions: pipeline.pid.presentation.sdjwt.all-claims, assertion.pid.presentation.sdjwt.vct-pid, assertion.pid.presentation.sdjwt.required-mandatory-claims-presented, test.WS_RP_DM_AddressData_Residentpostalcode_PID_IETF-sd-jwt-vc_001; precondition validators: pid.sdjwt_vct_pid, pid.sdjwt_required_mandatory_claims_present",🔵 req-class: EUDI_optional; credimi: PR1295 catalog; format: ietf_sd_jwt_vc,source: FCAF repo; credimi-id matches source
,"=HYPERLINK(""https://github.com/eu-digital-identity-wallet/eudi-doc-functional-conformance-assessment/blob/88ab69a/docs/fcaf/suts/wallet_solution/relying_party/DataModel/AddressData/WS_RP_DM_AddressData_Residentpostalcode_PID_ISO-mdoc_001.md"",""WS_RP_DM_AddressData_Residentpostalcode_PID_ISO-mdoc_001"")",EUDI_optional,🟢 ready,,,x,,x,x,x,DataModel / AddressData,EUDI_specific,"WS, RP-PI, PID-DM, ISO mdoc","CDV, 🔎, WU, 📸","validators: mdoc.namespace_element_present; preconditions: pipeline.pid.presentation.mdoc.all-claims-elements, assertion.pid.presentation.mdoc.doc-type-pid, assertion.pid.presentation.mdoc.required-mandatory-elements-presented; precondition validators: pid.mdoc_doc_type, pid.mdoc_required_mandatory_elements_present",🔵 req-class: EUDI_optional; credimi: PR1295 catalog; format: iso_mdoc,source: FCAF repo; credimi-id matches source
,"=HYPERLINK(""https://github.com/eu-digital-identity-wallet/eudi-doc-functional-conformance-assessment/blob/88ab69a/docs/fcaf/suts/wallet_solution/relying_party/DataModel/AddressData/WS_RP_DM_AddressData_Residentpostalcode_PID_ISO-mdoc_002.md"",""WS_RP_DM_AddressData_Residentpostalcode_PID_ISO-mdoc_002"")",EUDI_optional,🟢 ready,,,x,,x,x,x,DataModel / AddressData,EUDI_specific,"WS, RP-PI, PID-DM, ISO mdoc","CDV, 🔎, WU, 📸","validators: mdoc.element_utf8_string; preconditions: pipeline.pid.presentation.mdoc.all-claims-elements, assertion.pid.presentation.mdoc.doc-type-pid, assertion.pid.presentation.mdoc.required-mandatory-elements-presented, test.WS_RP_DM_AddressData_Residentpostalcode_PID_ISO-mdoc_001; precondition validators: pid.mdoc_doc_type, pid.mdoc_required_mandatory_elements_present",🔵 req-class: EUDI_optional; credimi: PR1295 catalog; format: iso_mdoc,source: FCAF repo; credimi-id matches source
,"=HYPERLINK(""https://github.com/eu-digital-identity-wallet/eudi-doc-functional-conformance-assessment/blob/88ab69a/docs/fcaf/suts/wallet_solution/relying_party/DataModel/AddressData/WS_RP_DM_AddressData_Residentstate_PID_IETF-sd-jwt-vc_001.md"",""WS_RP_DM_AddressData_Residentstate_PID_IETF-sd-jwt-vc_001"")",EUDI_optional,🟢 ready,,,x,,x,x,x,DataModel / AddressData,EUDI_specific,"WS, RP-PI, PID-DM, SD-JWT VC","CDV, 🔎, WU, 📸","validators: sdjwt.claim_present; preconditions: pipeline.pid.presentation.sdjwt.all-claims, assertion.pid.presentation.sdjwt.vct-pid, assertion.pid.presentation.sdjwt.required-mandatory-claims-presented; precondition validators: pid.sdjwt_vct_pid, pid.sdjwt_required_mandatory_claims_present",🔵 req-class: EUDI_optional; credimi: PR1295 catalog; format: ietf_sd_jwt_vc,source: FCAF repo; credimi-id matches source
,"=HYPERLINK(""https://github.com/eu-digital-identity-wallet/eudi-doc-functional-conformance-assessment/blob/88ab69a/docs/fcaf/suts/wallet_solution/relying_party/DataModel/AddressData/WS_RP_DM_AddressData_Residentstate_PID_IETF-sd-jwt-vc_002.md"",""WS_RP_DM_AddressData_Residentstate_PID_IETF-sd-jwt-vc_002"")",EUDI_optional,🟢 ready,,,x,,x,x,x,DataModel / AddressData,EUDI_specific,"WS, RP-PI, PID-DM, SD-JWT VC","CDV, 🔎, WU, 📸","validators: sdjwt.claim_utf8_string; preconditions: pipeline.pid.presentation.sdjwt.all-claims, assertion.pid.presentation.sdjwt.vct-pid, assertion.pid.presentation.sdjwt.required-mandatory-claims-presented, test.WS_RP_DM_AddressData_Residentstate_PID_IETF-sd-jwt-vc_001; precondition validators: pid.sdjwt_vct_pid, pid.sdjwt_required_mandatory_claims_present",🔵 req-class: EUDI_optional; credimi: PR1295 catalog; format: ietf_sd_jwt_vc,source: FCAF repo; credimi-id matches source
,"=HYPERLINK(""https://github.com/eu-digital-identity-wallet/eudi-doc-functional-conformance-assessment/blob/88ab69a/docs/fcaf/suts/wallet_solution/relying_party/DataModel/AddressData/WS_RP_DM_AddressData_Residentstate_PID_ISO-mdoc_001.md"",""WS_RP_DM_AddressData_Residentstate_PID_ISO-mdoc_001"")",EUDI_optional,🟢 ready,,,x,,x,x,x,DataModel / AddressData,EUDI_specific,"WS, RP-PI, PID-DM, ISO mdoc","CDV, 🔎, WU, 📸","validators: mdoc.namespace_element_present; preconditions: pipeline.pid.presentation.mdoc.all-claims-elements, assertion.pid.presentation.mdoc.doc-type-pid, assertion.pid.presentation.mdoc.required-mandatory-elements-presented; precondition validators: pid.mdoc_doc_type, pid.mdoc_required_mandatory_elements_present",🔵 req-class: EUDI_optional; credimi: PR1295 catalog; format: iso_mdoc,source: FCAF repo; credimi-id matches source
,"=HYPERLINK(""https://github.com/eu-digital-identity-wallet/eudi-doc-functional-conformance-assessment/blob/88ab69a/docs/fcaf/suts/wallet_solution/relying_party/DataModel/AddressData/WS_RP_DM_AddressData_Residentstate_PID_ISO-mdoc_002.md"",""WS_RP_DM_AddressData_Residentstate_PID_ISO-mdoc_002"")",EUDI_optional,🟢 ready,,,x,,x,x,x,DataModel / AddressData,EUDI_specific,"WS, RP-PI, PID-DM, ISO mdoc","CDV, 🔎, WU, 📸","validators: mdoc.element_utf8_string; preconditions: pipeline.pid.presentation.mdoc.all-claims-elements, assertion.pid.presentation.mdoc.doc-type-pid, assertion.pid.presentation.mdoc.required-mandatory-elements-presented, test.WS_RP_DM_AddressData_Residentstate_PID_ISO-mdoc_001; precondition validators: pid.mdoc_doc_type, pid.mdoc_required_mandatory_elements_present",🔵 req-class: EUDI_optional; credimi: PR1295 catalog; format: iso_mdoc,source: FCAF repo; credimi-id matches source
,"=HYPERLINK(""https://github.com/eu-digital-identity-wallet/eudi-doc-functional-conformance-assessment/blob/88ab69a/docs/fcaf/suts/wallet_solution/relying_party/DataModel/AddressData/WS_RP_DM_AddressData_Residentstreet_PID_IETF-sd-jwt-vc_001.md"",""WS_RP_DM_AddressData_Residentstreet_PID_IETF-sd-jwt-vc_001"")",EUDI_optional,🟢 ready,,,x,,x,x,x,DataModel / AddressData,EUDI_specific,"WS, RP-PI, PID-DM, SD-JWT VC","CDV, 🔎, WU, 📸","validators: sdjwt.claim_present; preconditions: pipeline.pid.presentation.sdjwt.all-claims, assertion.pid.presentation.sdjwt.vct-pid, assertion.pid.presentation.sdjwt.required-mandatory-claims-presented; precondition validators: pid.sdjwt_vct_pid, pid.sdjwt_required_mandatory_claims_present",🔵 req-class: EUDI_optional; credimi: PR1295 catalog; format: ietf_sd_jwt_vc,source: FCAF repo; credimi-id matches source
,"=HYPERLINK(""https://github.com/eu-digital-identity-wallet/eudi-doc-functional-conformance-assessment/blob/88ab69a/docs/fcaf/suts/wallet_solution/relying_party/DataModel/AddressData/WS_RP_DM_AddressData_Residentstreet_PID_IETF-sd-jwt-vc_002.md"",""WS_RP_DM_AddressData_Residentstreet_PID_IETF-sd-jwt-vc_002"")",EUDI_optional,🟢 ready,,,x,,x,x,x,DataModel / AddressData,EUDI_specific,"WS, RP-PI, PID-DM, SD-JWT VC","CDV, 🔎, WU, 📸","validators: sdjwt.claim_utf8_string; preconditions: pipeline.pid.presentation.sdjwt.all-claims, assertion.pid.presentation.sdjwt.vct-pid, assertion.pid.presentation.sdjwt.required-mandatory-claims-presented, test.WS_RP_DM_AddressData_Residentstreet_PID_IETF-sd-jwt-vc_001; precondition validators: pid.sdjwt_vct_pid, pid.sdjwt_required_mandatory_claims_present",🔵 req-class: EUDI_optional; credimi: PR1295 catalog; format: ietf_sd_jwt_vc,source: FCAF repo; credimi-id matches source
,"=HYPERLINK(""https://github.com/eu-digital-identity-wallet/eudi-doc-functional-conformance-assessment/blob/88ab69a/docs/fcaf/suts/wallet_solution/relying_party/DataModel/AddressData/WS_RP_DM_AddressData_Residentstreet_PID_ISO-mdoc_001.md"",""WS_RP_DM_AddressData_Residentstreet_PID_ISO-mdoc_001"")",EUDI_optional,🟢 ready,,,x,,x,x,x,DataModel / AddressData,EUDI_specific,"WS, RP-PI, PID-DM, ISO mdoc","CDV, 🔎, WU, 📸","validators: mdoc.namespace_element_present; preconditions: pipeline.pid.presentation.mdoc.all-claims-elements, assertion.pid.presentation.mdoc.doc-type-pid, assertion.pid.presentation.mdoc.required-mandatory-elements-presented; precondition validators: pid.mdoc_doc_type, pid.mdoc_required_mandatory_elements_present",🔵 req-class: EUDI_optional; credimi: PR1295 catalog; format: iso_mdoc,source: FCAF repo; credimi-id matches source
,"=HYPERLINK(""https://github.com/eu-digital-identity-wallet/eudi-doc-functional-conformance-assessment/blob/88ab69a/docs/fcaf/suts/wallet_solution/relying_party/DataModel/AddressData/WS_RP_DM_AddressData_Residentstreet_PID_ISO-mdoc_002.md"",""WS_RP_DM_AddressData_Residentstreet_PID_ISO-mdoc_002"")",EUDI_optional,🟢 ready,,,x,,x,x,x,DataModel / AddressData,EUDI_specific,"WS, RP-PI, PID-DM, ISO mdoc","CDV, 🔎, WU, 📸","validators: mdoc.element_utf8_string; preconditions: pipeline.pid.presentation.mdoc.all-claims-elements, assertion.pid.presentation.mdoc.doc-type-pid, assertion.pid.presentation.mdoc.required-mandatory-elements-presented, test.WS_RP_DM_AddressData_Residentstreet_PID_ISO-mdoc_001; precondition validators: pid.mdoc_doc_type, pid.mdoc_required_mandatory_elements_present",🔵 req-class: EUDI_optional; credimi: PR1295 catalog; format: iso_mdoc,source: FCAF repo; credimi-id matches source
,"=HYPERLINK(""https://github.com/eu-digital-identity-wallet/eudi-doc-functional-conformance-assessment/blob/88ab69a/docs/fcaf/suts/wallet_solution/relying_party/DataModel/CredentialMetadata/WS_RP_DM_Credentialmetadata_Documentnumber_PID_IETF-sd-jwt-vc_001.md"",""WS_RP_DM_Credentialmetadata_Documentnumber_PID_IETF-sd-jwt-vc_001"")",EUDI_optional,🟢 ready,,,x,,x,x,x,DataModel / CredentialMetadata,EUDI_specific,"WS, RP-PI, PID-DM, SD-JWT VC","CDV, 🔎, WU, 📸","validators: sdjwt.claim_present; preconditions: pipeline.pid.presentation.sdjwt.all-claims, assertion.pid.presentation.sdjwt.vct-pid, assertion.pid.presentation.sdjwt.required-mandatory-claims-presented; precondition validators: pid.sdjwt_vct_pid, pid.sdjwt_required_mandatory_claims_present",🔵 req-class: EUDI_optional; credimi: PR1295 catalog; format: ietf_sd_jwt_vc,source: FCAF repo; credimi-id matches source
,"=HYPERLINK(""https://github.com/eu-digital-identity-wallet/eudi-doc-functional-conformance-assessment/blob/88ab69a/docs/fcaf/suts/wallet_solution/relying_party/DataModel/CredentialMetadata/WS_RP_DM_Credentialmetadata_Documentnumber_PID_IETF-sd-jwt-vc_002.md"",""WS_RP_DM_Credentialmetadata_Documentnumber_PID_IETF-sd-jwt-vc_002"")",EUDI_optional,🟢 ready,,,x,,x,x,x,DataModel / CredentialMetadata,EUDI_specific,"WS, RP-PI, PID-DM, SD-JWT VC","CDV, 🔎, WU, 📸","validators: sdjwt.claim_utf8_string; preconditions: pipeline.pid.presentation.sdjwt.all-claims, assertion.pid.presentation.sdjwt.vct-pid, assertion.pid.presentation.sdjwt.required-mandatory-claims-presented, test.WS_RP_DM_Credentialmetadata_Documentnumber_PID_IETF-sd-jwt-vc_001; precondition validators: pid.sdjwt_vct_pid, pid.sdjwt_required_mandatory_claims_present",🔵 req-class: EUDI_optional; credimi: PR1295 catalog; format: ietf_sd_jwt_vc,source: FCAF repo; credimi-id matches source
,"=HYPERLINK(""https://github.com/eu-digital-identity-wallet/eudi-doc-functional-conformance-assessment/blob/88ab69a/docs/fcaf/suts/wallet_solution/relying_party/DataModel/CredentialMetadata/WS_RP_DM_Credentialmetadata_Documentnumber_PID_ISO-mdoc_001.md"",""WS_RP_DM_Credentialmetadata_Documentnumber_PID_ISO-mdoc_001"")",EUDI_optional,🟢 ready,,,x,,x,x,x,DataModel / CredentialMetadata,EUDI_specific,"WS, RP-PI, PID-DM, ISO mdoc","CDV, 🔎, WU, 📸","validators: mdoc.namespace_element_present; preconditions: pipeline.pid.presentation.mdoc.all-claims-elements, assertion.pid.presentation.mdoc.doc-type-pid, assertion.pid.presentation.mdoc.required-mandatory-elements-presented; precondition validators: pid.mdoc_doc_type, pid.mdoc_required_mandatory_elements_present",🔵 req-class: EUDI_optional; credimi: PR1295 catalog; format: iso_mdoc,source: FCAF repo; credimi-id matches source
,"=HYPERLINK(""https://github.com/eu-digital-identity-wallet/eudi-doc-functional-conformance-assessment/blob/88ab69a/docs/fcaf/suts/wallet_solution/relying_party/DataModel/CredentialMetadata/WS_RP_DM_Credentialmetadata_Documentnumber_PID_ISO-mdoc_002.md"",""WS_RP_DM_Credentialmetadata_Documentnumber_PID_ISO-mdoc_002"")",EUDI_optional,🟢 ready,,,x,,x,x,x,DataModel / CredentialMetadata,EUDI_specific,"WS, RP-PI, PID-DM, ISO mdoc","CDV, 🔎, WU, 📸","validators: mdoc.element_utf8_string; preconditions: pipeline.pid.presentation.mdoc.all-claims-elements, assertion.pid.presentation.mdoc.doc-type-pid, assertion.pid.presentation.mdoc.required-mandatory-elements-presented, test.WS_RP_DM_Credentialmetadata_Documentnumber_PID_ISO-mdoc_001; precondition validators: pid.mdoc_doc_type, pid.mdoc_required_mandatory_elements_present",🔵 req-class: EUDI_optional; credimi: PR1295 catalog; format: iso_mdoc,source: FCAF repo; credimi-id matches source
,"=HYPERLINK(""https://github.com/eu-digital-identity-wallet/eudi-doc-functional-conformance-assessment/blob/88ab69a/docs/fcaf/suts/wallet_solution/relying_party/DataModel/CredentialMetadata/WS_RP_DM_Credentialmetadata_Issuancedate_PID_IETF-sd-jwt-vc_001.md"",""WS_RP_DM_Credentialmetadata_Issuancedate_PID_IETF-sd-jwt-vc_001"")",EUDI_optional,🟢 ready,,,x,,x,x,x,DataModel / CredentialMetadata,EUDI_specific,"WS, RP-PI, PID-DM, SD-JWT VC","CDV, 🔎, WU, 📸","validators: sdjwt.claim_present; preconditions: pipeline.pid.presentation.sdjwt.all-claims, assertion.pid.presentation.sdjwt.vct-pid, assertion.pid.presentation.sdjwt.required-mandatory-claims-presented; precondition validators: pid.sdjwt_vct_pid, pid.sdjwt_required_mandatory_claims_present",🔵 req-class: EUDI_optional; credimi: PR1295 catalog; format: ietf_sd_jwt_vc,source: FCAF repo; credimi-id matches source
,"=HYPERLINK(""https://github.com/eu-digital-identity-wallet/eudi-doc-functional-conformance-assessment/blob/88ab69a/docs/fcaf/suts/wallet_solution/relying_party/DataModel/CredentialMetadata/WS_RP_DM_Credentialmetadata_Issuancedate_PID_IETF-sd-jwt-vc_002.md"",""WS_RP_DM_Credentialmetadata_Issuancedate_PID_IETF-sd-jwt-vc_002"")",EUDI_optional,🟢 ready,,,x,,x,x,x,DataModel / CredentialMetadata,EUDI_specific,"WS, RP-PI, PID-DM, SD-JWT VC","CDV, 🔎, WU, 📸","validators: sdjwt.claim_utf8_string; preconditions: pipeline.pid.presentation.sdjwt.all-claims, assertion.pid.presentation.sdjwt.vct-pid, assertion.pid.presentation.sdjwt.required-mandatory-claims-presented, test.WS_RP_DM_Credentialmetadata_Issuancedate_PID_IETF-sd-jwt-vc_001; precondition validators: pid.sdjwt_vct_pid, pid.sdjwt_required_mandatory_claims_present",🔵 req-class: EUDI_optional; credimi: PR1295 catalog; format: ietf_sd_jwt_vc,source: FCAF repo; credimi-id matches source
,"=HYPERLINK(""https://github.com/eu-digital-identity-wallet/eudi-doc-functional-conformance-assessment/blob/88ab69a/docs/fcaf/suts/wallet_solution/relying_party/DataModel/CredentialMetadata/WS_RP_DM_Credentialmetadata_Issuancedate_PID_IETF-sd-jwt-vc_003.md"",""WS_RP_DM_Credentialmetadata_Issuancedate_PID_IETF-sd-jwt-vc_003"")",EUDI_optional,🟢 ready,,,x,,x,x,x,DataModel / CredentialMetadata,EUDI_specific,"WS, RP-PI, PID-DM, SD-JWT VC","CDV, 🔎, WU, 📸","validators: sdjwt.claim_date_format; preconditions: pipeline.pid.presentation.sdjwt.all-claims, assertion.pid.presentation.sdjwt.vct-pid, assertion.pid.presentation.sdjwt.required-mandatory-claims-presented, test.WS_RP_DM_Credentialmetadata_Issuancedate_PID_IETF-sd-jwt-vc_001; precondition validators: pid.sdjwt_vct_pid, pid.sdjwt_required_mandatory_claims_present",🔵 req-class: EUDI_optional; credimi: PR1295 catalog; format: ietf_sd_jwt_vc,source: FCAF repo; credimi-id matches source
,"=HYPERLINK(""https://github.com/eu-digital-identity-wallet/eudi-doc-functional-conformance-assessment/blob/88ab69a/docs/fcaf/suts/wallet_solution/relying_party/DataModel/CredentialMetadata/WS_RP_DM_Credentialmetadata_Issuancedate_PID_IETF-sd-jwt-vc_004.md"",""WS_RP_DM_Credentialmetadata_Issuancedate_PID_IETF-sd-jwt-vc_004"")",EUDI_optional,🟢 ready,,,x,,x,x,x,DataModel / CredentialMetadata,EUDI_specific,"WS, RP-PI, PID-DM, SD-JWT VC","CDV, 🔎, WU, 📸","validators: sdjwt.claim_valid_date; preconditions: pipeline.pid.presentation.sdjwt.all-claims, assertion.pid.presentation.sdjwt.vct-pid, assertion.pid.presentation.sdjwt.required-mandatory-claims-presented, test.WS_RP_DM_Credentialmetadata_Issuancedate_PID_IETF-sd-jwt-vc_001; precondition validators: pid.sdjwt_vct_pid, pid.sdjwt_required_mandatory_claims_present",🔵 req-class: EUDI_optional; credimi: PR1295 catalog; format: ietf_sd_jwt_vc,source: FCAF repo; credimi-id matches source
,"=HYPERLINK(""https://github.com/eu-digital-identity-wallet/eudi-doc-functional-conformance-assessment/blob/88ab69a/docs/fcaf/suts/wallet_solution/relying_party/DataModel/CredentialMetadata/WS_RP_DM_Credentialmetadata_Issuancedate_PID_ISO-mdoc_001.md"",""WS_RP_DM_Credentialmetadata_Issuancedate_PID_ISO-mdoc_001"")",EUDI_optional,🟢 ready,,,x,,x,x,x,DataModel / CredentialMetadata,EUDI_specific,"WS, RP-PI, PID-DM, ISO mdoc","CDV, 🔎, WU, 📸","validators: mdoc.namespace_element_present; preconditions: pipeline.pid.presentation.mdoc.all-claims-elements, assertion.pid.presentation.mdoc.doc-type-pid, assertion.pid.presentation.mdoc.required-mandatory-elements-presented; precondition validators: pid.mdoc_doc_type, pid.mdoc_required_mandatory_elements_present",🔵 req-class: EUDI_optional; credimi: PR1295 catalog; format: iso_mdoc,source: FCAF repo; credimi-id matches source
,"=HYPERLINK(""https://github.com/eu-digital-identity-wallet/eudi-doc-functional-conformance-assessment/blob/88ab69a/docs/fcaf/suts/wallet_solution/relying_party/DataModel/CredentialMetadata/WS_RP_DM_Credentialmetadata_Issuancedate_PID_ISO-mdoc_002.md"",""WS_RP_DM_Credentialmetadata_Issuancedate_PID_ISO-mdoc_002"")",EUDI_optional,🟢 ready,,,x,,x,x,x,DataModel / CredentialMetadata,EUDI_specific,"WS, RP-PI, PID-DM, ISO mdoc","CDV, 🔎, WU, 📸","validators: mdoc.element_date_encoding; preconditions: pipeline.pid.presentation.mdoc.all-claims-elements, assertion.pid.presentation.mdoc.doc-type-pid, assertion.pid.presentation.mdoc.required-mandatory-elements-presented, test.WS_RP_DM_Credentialmetadata_Issuancedate_PID_ISO-mdoc_001; precondition validators: pid.mdoc_doc_type, pid.mdoc_required_mandatory_elements_present",🔵 req-class: EUDI_optional; credimi: PR1295 catalog; format: iso_mdoc,source: FCAF repo; credimi-id matches source
,"=HYPERLINK(""https://github.com/eu-digital-identity-wallet/eudi-doc-functional-conformance-assessment/blob/88ab69a/docs/fcaf/suts/wallet_solution/relying_party/DataModel/CredentialMetadata/WS_RP_DM_Credentialmetadata_Issuancedate_PID_ISO-mdoc_003.md"",""WS_RP_DM_Credentialmetadata_Issuancedate_PID_ISO-mdoc_003"")",EUDI_optional,🟢 ready,,,x,,x,x,x,DataModel / CredentialMetadata,EUDI_specific,"WS, RP-PI, PID-DM, ISO mdoc","CDV, 🔎, WU, 📸","validators: mdoc.element_date_format; preconditions: pipeline.pid.presentation.mdoc.all-claims-elements, assertion.pid.presentation.mdoc.doc-type-pid, assertion.pid.presentation.mdoc.required-mandatory-elements-presented, test.WS_RP_DM_Credentialmetadata_Issuancedate_PID_ISO-mdoc_001; precondition validators: pid.mdoc_doc_type, pid.mdoc_required_mandatory_elements_present",🔵 req-class: EUDI_optional; credimi: PR1295 catalog; format: iso_mdoc,source: FCAF repo; credimi-id matches source
,"=HYPERLINK(""https://github.com/eu-digital-identity-wallet/eudi-doc-functional-conformance-assessment/blob/88ab69a/docs/fcaf/suts/wallet_solution/relying_party/DataModel/CredentialMetadata/WS_RP_DM_Credentialmetadata_Issuancedate_PID_ISO-mdoc_004.md"",""WS_RP_DM_Credentialmetadata_Issuancedate_PID_ISO-mdoc_004"")",EUDI_optional,🟢 ready,,,x,,x,x,x,DataModel / CredentialMetadata,EUDI_specific,"WS, RP-PI, PID-DM, ISO mdoc","CDV, 🔎, WU, 📸","validators: mdoc.element_valid_date; preconditions: pipeline.pid.presentation.mdoc.all-claims-elements, assertion.pid.presentation.mdoc.doc-type-pid, assertion.pid.presentation.mdoc.required-mandatory-elements-presented, test.WS_RP_DM_Credentialmetadata_Issuancedate_PID_ISO-mdoc_001; precondition validators: pid.mdoc_doc_type, pid.mdoc_required_mandatory_elements_present",🔵 req-class: EUDI_optional; credimi: PR1295 catalog; format: iso_mdoc,source: FCAF repo; credimi-id matches source
,"=HYPERLINK(""https://github.com/eu-digital-identity-wallet/eudi-doc-functional-conformance-assessment/blob/88ab69a/docs/fcaf/suts/wallet_solution/relying_party/DataModel/CredentialMetadata/WS_RP_DM_Credentialmetadata_Issuingjurisdiction_PID_IETF-sd-jwt-vc_001.md"",""WS_RP_DM_Credentialmetadata_Issuingjurisdiction_PID_IETF-sd-jwt-vc_001"")",EUDI_optional,🟢 ready,,,x,,x,x,x,DataModel / CredentialMetadata,EUDI_specific,"WS, RP-PI, PID-DM, SD-JWT VC","CDV, 🔎, WU, 📸","validators: sdjwt.claim_present; preconditions: pipeline.pid.presentation.sdjwt.all-claims, assertion.pid.presentation.sdjwt.vct-pid, assertion.pid.presentation.sdjwt.required-mandatory-claims-presented; precondition validators: pid.sdjwt_vct_pid, pid.sdjwt_required_mandatory_claims_present",🔵 req-class: EUDI_optional; credimi: PR1295 catalog; format: ietf_sd_jwt_vc,source: FCAF repo; credimi-id matches source
,"=HYPERLINK(""https://github.com/eu-digital-identity-wallet/eudi-doc-functional-conformance-assessment/blob/88ab69a/docs/fcaf/suts/wallet_solution/relying_party/DataModel/CredentialMetadata/WS_RP_DM_Credentialmetadata_Issuingjurisdiction_PID_IETF-sd-jwt-vc_002.md"",""WS_RP_DM_Credentialmetadata_Issuingjurisdiction_PID_IETF-sd-jwt-vc_002"")",EUDI_optional,🟢 ready,,,x,,x,x,x,DataModel / CredentialMetadata,EUDI_specific,"WS, RP-PI, PID-DM, SD-JWT VC","CDV, 🔎, WU, 📸","validators: sdjwt.claim_utf8_string; preconditions: pipeline.pid.presentation.sdjwt.all-claims, assertion.pid.presentation.sdjwt.vct-pid, assertion.pid.presentation.sdjwt.required-mandatory-claims-presented, test.WS_RP_DM_Credentialmetadata_Issuingjurisdiction_PID_IETF-sd-jwt-vc_001; precondition validators: pid.sdjwt_vct_pid, pid.sdjwt_required_mandatory_claims_present",🔵 req-class: EUDI_optional; credimi: PR1295 catalog; format: ietf_sd_jwt_vc,source: FCAF repo; credimi-id matches source
,"=HYPERLINK(""https://github.com/eu-digital-identity-wallet/eudi-doc-functional-conformance-assessment/blob/88ab69a/docs/fcaf/suts/wallet_solution/relying_party/DataModel/CredentialMetadata/WS_RP_DM_Credentialmetadata_Issuingjurisdiction_PID_IETF-sd-jwt-vc_003.md"",""WS_RP_DM_Credentialmetadata_Issuingjurisdiction_PID_IETF-sd-jwt-vc_003"")",EUDI_optional,🟢 ready,,,x,,x,x,x,DataModel / CredentialMetadata,EUDI_specific,"WS, RP-PI, PID-DM, SD-JWT VC","CDV, 🔎, WU, 📸","validators: sdjwt.claim_country_subdivision; preconditions: pipeline.pid.presentation.sdjwt.all-claims, assertion.pid.presentation.sdjwt.vct-pid, assertion.pid.presentation.sdjwt.required-mandatory-claims-presented, test.WS_RP_DM_Credentialmetadata_Issuingjurisdiction_PID_IETF-sd-jwt-vc_001; precondition validators: pid.sdjwt_vct_pid, pid.sdjwt_required_mandatory_claims_present",🔵 req-class: EUDI_optional; credimi: PR1295 catalog; format: ietf_sd_jwt_vc,source: FCAF repo; credimi-id matches source
,"=HYPERLINK(""https://github.com/eu-digital-identity-wallet/eudi-doc-functional-conformance-assessment/blob/88ab69a/docs/fcaf/suts/wallet_solution/relying_party/DataModel/CredentialMetadata/WS_RP_DM_Credentialmetadata_Issuingjurisdiction_PID_ISO-mdoc_001.md"",""WS_RP_DM_Credentialmetadata_Issuingjurisdiction_PID_ISO-mdoc_001"")",EUDI_optional,🟢 ready,,,x,,x,x,x,DataModel / CredentialMetadata,EUDI_specific,"WS, RP-PI, PID-DM, ISO mdoc","CDV, 🔎, WU, 📸","validators: mdoc.namespace_element_present; preconditions: pipeline.pid.presentation.mdoc.all-claims-elements, assertion.pid.presentation.mdoc.doc-type-pid, assertion.pid.presentation.mdoc.required-mandatory-elements-presented; precondition validators: pid.mdoc_doc_type, pid.mdoc_required_mandatory_elements_present",🔵 req-class: EUDI_optional; credimi: PR1295 catalog; format: iso_mdoc,source: FCAF repo; credimi-id matches source
,"=HYPERLINK(""https://github.com/eu-digital-identity-wallet/eudi-doc-functional-conformance-assessment/blob/88ab69a/docs/fcaf/suts/wallet_solution/relying_party/DataModel/CredentialMetadata/WS_RP_DM_Credentialmetadata_Issuingjurisdiction_PID_ISO-mdoc_002.md"",""WS_RP_DM_Credentialmetadata_Issuingjurisdiction_PID_ISO-mdoc_002"")",EUDI_optional,🟢 ready,,,x,,x,x,x,DataModel / CredentialMetadata,EUDI_specific,"WS, RP-PI, PID-DM, ISO mdoc","CDV, 🔎, WU, 📸","validators: mdoc.element_utf8_string; preconditions: pipeline.pid.presentation.mdoc.all-claims-elements, assertion.pid.presentation.mdoc.doc-type-pid, assertion.pid.presentation.mdoc.required-mandatory-elements-presented, test.WS_RP_DM_Credentialmetadata_Issuingjurisdiction_PID_ISO-mdoc_001; precondition validators: pid.mdoc_doc_type, pid.mdoc_required_mandatory_elements_present",🔵 req-class: EUDI_optional; credimi: PR1295 catalog; format: iso_mdoc,source: FCAF repo; credimi-id matches source
,"=HYPERLINK(""https://github.com/eu-digital-identity-wallet/eudi-doc-functional-conformance-assessment/blob/88ab69a/docs/fcaf/suts/wallet_solution/relying_party/DataModel/CredentialMetadata/WS_RP_DM_Credentialmetadata_Issuingjurisdiction_PID_ISO-mdoc_003.md"",""WS_RP_DM_Credentialmetadata_Issuingjurisdiction_PID_ISO-mdoc_003"")",EUDI_optional,🟢 ready,,,x,,x,x,x,DataModel / CredentialMetadata,EUDI_specific,"WS, RP-PI, PID-DM, ISO mdoc","CDV, 🔎, WU, 📸","validators: mdoc.element_country_subdivision; preconditions: pipeline.pid.presentation.mdoc.all-claims-elements, assertion.pid.presentation.mdoc.doc-type-pid, assertion.pid.presentation.mdoc.required-mandatory-elements-presented, test.WS_RP_DM_Credentialmetadata_Issuingjurisdiction_PID_ISO-mdoc_001; precondition validators: pid.mdoc_doc_type, pid.mdoc_required_mandatory_elements_present",🔵 req-class: EUDI_optional; credimi: PR1295 catalog; format: iso_mdoc,source: FCAF repo; credimi-id matches source
,"=HYPERLINK(""https://github.com/eu-digital-identity-wallet/eudi-doc-functional-conformance-assessment/blob/88ab69a/docs/fcaf/suts/wallet_solution/relying_party/DataModel/IdentifyingData/WS_RP_DM_IdentifyingData_Familynamebirth_PID_IETF-sd-jwt-vc_001.md"",""WS_RP_DM_IdentifyingData_Familyname_PID_IETF-sd-jwt-vc_003"")",EUDI_optional,🟢 ready,,,x,,x,x,x,DataModel / IdentifyingData,EUDI_specific,"WS, RP-PI, PID-DM, SD-JWT VC","CDV, 🔎, WU, 📸","validators: sdjwt.claim_present; preconditions: pipeline.pid.presentation.sdjwt.all-claims, assertion.pid.presentation.sdjwt.vct-pid, assertion.pid.presentation.sdjwt.required-mandatory-claims-presented; precondition validators: pid.sdjwt_vct_pid, pid.sdjwt_required_mandatory_claims_present",🔵 req-class: EUDI_optional; credimi: PR1295 catalog; format: ietf_sd_jwt_vc,source: FCAF repo; credimi-id differs: WS_RP_DM_IdentifyingData_Familynamebirth_PID_IETF-sd-jwt-vc_001
,"=HYPERLINK(""https://github.com/eu-digital-identity-wallet/eudi-doc-functional-conformance-assessment/blob/88ab69a/docs/fcaf/suts/wallet_solution/relying_party/DataModel/IdentifyingData/WS_RP_DM_IdentifyingData_Familynamebirth_PID_IETF-sd-jwt-vc_002.md"",""WS_RP_DM_IdentifyingData_Familyname_PID_IETF-sd-jwt-vc_004"")",EUDI_optional,🟢 ready,,,x,,x,x,x,DataModel / IdentifyingData,EUDI_specific,"WS, RP-PI, PID-DM, SD-JWT VC","CDV, 🔎, WU, 📸","validators: sdjwt.claim_utf8_string; preconditions: pipeline.pid.presentation.sdjwt.all-claims, assertion.pid.presentation.sdjwt.vct-pid, assertion.pid.presentation.sdjwt.required-mandatory-claims-presented, test.WS_RP_DM_IdentifyingData_Familynamebirth_PID_IETF-sd-jwt-vc_001; precondition validators: pid.sdjwt_vct_pid, pid.sdjwt_required_mandatory_claims_present",🔵 req-class: EUDI_optional; credimi: PR1295 catalog; format: ietf_sd_jwt_vc,source: FCAF repo; credimi-id differs: WS_RP_DM_IdentifyingData_Familynamebirth_PID_IETF-sd-jwt-vc_002
,"=HYPERLINK(""https://github.com/eu-digital-identity-wallet/eudi-doc-functional-conformance-assessment/blob/88ab69a/docs/fcaf/suts/wallet_solution/relying_party/DataModel/IdentifyingData/WS_RP_DM_IdentifyingData_Familynamebirth_PID_ISO-mdoc_001.md"",""WS_RP_DM_IdentifyingData_Familyname_PID_ISO-mdoc_003"")",EUDI_optional,🟢 ready,,,x,,x,x,x,DataModel / IdentifyingData,EUDI_specific,"WS, RP-PI, PID-DM, ISO mdoc","CDV, 🔎, WU, 📸","validators: mdoc.namespace_element_present; preconditions: pipeline.pid.presentation.mdoc.all-claims-elements, assertion.pid.presentation.mdoc.doc-type-pid, assertion.pid.presentation.mdoc.required-mandatory-elements-presented; precondition validators: pid.mdoc_doc_type, pid.mdoc_required_mandatory_elements_present",🔵 req-class: EUDI_optional; credimi: PR1295 catalog; format: iso_mdoc,source: FCAF repo; credimi-id differs: WS_RP_DM_IdentifyingData_Familynamebirth_PID_ISO-mdoc_001
,"=HYPERLINK(""https://github.com/eu-digital-identity-wallet/eudi-doc-functional-conformance-assessment/blob/88ab69a/docs/fcaf/suts/wallet_solution/relying_party/DataModel/IdentifyingData/WS_RP_DM_IdentifyingData_Familynamebirth_PID_ISO-mdoc_002.md"",""WS_RP_DM_IdentifyingData_Familyname_PID_ISO-mdoc_004"")",EUDI_optional,🟢 ready,,,x,,x,x,x,DataModel / IdentifyingData,EUDI_specific,"WS, RP-PI, PID-DM, ISO mdoc","CDV, 🔎, WU, 📸","validators: mdoc.element_utf8_string; preconditions: pipeline.pid.presentation.mdoc.all-claims-elements, assertion.pid.presentation.mdoc.doc-type-pid, assertion.pid.presentation.mdoc.required-mandatory-elements-presented, test.WS_RP_DM_IdentifyingData_Familynamebirth_PID_ISO-mdoc_001; precondition validators: pid.mdoc_doc_type, pid.mdoc_required_mandatory_elements_present",🔵 req-class: EUDI_optional; credimi: PR1295 catalog; format: iso_mdoc,source: FCAF repo; credimi-id differs: WS_RP_DM_IdentifyingData_Familynamebirth_PID_ISO-mdoc_002
,"=HYPERLINK(""https://github.com/eu-digital-identity-wallet/eudi-doc-functional-conformance-assessment/blob/88ab69a/docs/fcaf/suts/wallet_solution/relying_party/DataModel/IdentifyingData/WS_RP_DM_IdentifyingData_Givennamebirth_PID_IETF-sd-jwt-vc_001.md"",""WS_RP_DM_IdentifyingData_Givenname_PID_IETF-sd-jwt-vc_003"")",EUDI_optional,🟢 ready,,,x,,x,x,x,DataModel / IdentifyingData,EUDI_specific,"WS, RP-PI, PID-DM, SD-JWT VC","CDV, 🔎, WU, 📸","validators: sdjwt.claim_present; preconditions: pipeline.pid.presentation.sdjwt.all-claims, assertion.pid.presentation.sdjwt.vct-pid, assertion.pid.presentation.sdjwt.required-mandatory-claims-presented; precondition validators: pid.sdjwt_vct_pid, pid.sdjwt_required_mandatory_claims_present",🔵 req-class: EUDI_optional; credimi: PR1295 catalog; format: ietf_sd_jwt_vc,source: FCAF repo; credimi-id differs: WS_RP_DM_IdentifyingData_Givennamebirth_PID_IETF-sd-jwt-vc_001
,"=HYPERLINK(""https://github.com/eu-digital-identity-wallet/eudi-doc-functional-conformance-assessment/blob/88ab69a/docs/fcaf/suts/wallet_solution/relying_party/DataModel/IdentifyingData/WS_RP_DM_IdentifyingData_Givennamebirth_PID_IETF-sd-jwt-vc_002.md"",""WS_RP_DM_IdentifyingData_Givenname_PID_IETF-sd-jwt-vc_004"")",EUDI_optional,🟢 ready,,,x,,x,x,x,DataModel / IdentifyingData,EUDI_specific,"WS, RP-PI, PID-DM, SD-JWT VC","CDV, 🔎, WU, 📸","validators: sdjwt.claim_utf8_string; preconditions: pipeline.pid.presentation.sdjwt.all-claims, assertion.pid.presentation.sdjwt.vct-pid, assertion.pid.presentation.sdjwt.required-mandatory-claims-presented, test.WS_RP_DM_IdentifyingData_Givennamebirth_PID_IETF-sd-jwt-vc_001; precondition validators: pid.sdjwt_vct_pid, pid.sdjwt_required_mandatory_claims_present",🔵 req-class: EUDI_optional; credimi: PR1295 catalog; format: ietf_sd_jwt_vc,source: FCAF repo; credimi-id differs: WS_RP_DM_IdentifyingData_Givennamebirth_PID_IETF-sd-jwt-vc_002
,"=HYPERLINK(""https://github.com/eu-digital-identity-wallet/eudi-doc-functional-conformance-assessment/blob/88ab69a/docs/fcaf/suts/wallet_solution/relying_party/DataModel/IdentifyingData/WS_RP_DM_IdentifyingData_Givennamebirth_PID_ISO-mdoc_001.md"",""WS_RP_DM_IdentifyingData_Givenname_PID_ISO-mdoc_003"")",EUDI_optional,🟢 ready,,,x,,x,x,x,DataModel / IdentifyingData,EUDI_specific,"WS, RP-PI, PID-DM, ISO mdoc","CDV, 🔎, WU, 📸","validators: mdoc.namespace_element_present; preconditions: pipeline.pid.presentation.mdoc.all-claims-elements, assertion.pid.presentation.mdoc.doc-type-pid, assertion.pid.presentation.mdoc.required-mandatory-elements-presented; precondition validators: pid.mdoc_doc_type, pid.mdoc_required_mandatory_elements_present",🔵 req-class: EUDI_optional; credimi: PR1295 catalog; format: iso_mdoc,source: FCAF repo; credimi-id differs: WS_RP_DM_IdentifyingData_Givennamebirth_PID_ISO-mdoc_001
,"=HYPERLINK(""https://github.com/eu-digital-identity-wallet/eudi-doc-functional-conformance-assessment/blob/88ab69a/docs/fcaf/suts/wallet_solution/relying_party/DataModel/IdentifyingData/WS_RP_DM_IdentifyingData_Givennamebirth_PID_ISO-mdoc_002.md"",""WS_RP_DM_IdentifyingData_Givenname_PID_ISO-mdoc_004"")",EUDI_optional,🟢 ready,,,x,,x,x,x,DataModel / IdentifyingData,EUDI_specific,"WS, RP-PI, PID-DM, ISO mdoc","CDV, 🔎, WU, 📸","validators: mdoc.element_utf8_string; preconditions: pipeline.pid.presentation.mdoc.all-claims-elements, assertion.pid.presentation.mdoc.doc-type-pid, assertion.pid.presentation.mdoc.required-mandatory-elements-presented, test.WS_RP_DM_IdentifyingData_Givennamebirth_PID_ISO-mdoc_001; precondition validators: pid.mdoc_doc_type, pid.mdoc_required_mandatory_elements_present",🔵 req-class: EUDI_optional; credimi: PR1295 catalog; format: iso_mdoc,source: FCAF repo; credimi-id differs: WS_RP_DM_IdentifyingData_Givennamebirth_PID_ISO-mdoc_002
,"=HYPERLINK(""https://github.com/eu-digital-identity-wallet/eudi-doc-functional-conformance-assessment/blob/88ab69a/docs/fcaf/suts/wallet_solution/relying_party/DataModel/IdentifyingData/WS_RP_DM_IdentifyingData_Personaladministrativenumber_PID_IETF-sd-jwt-vc_001.md"",""WS_RP_DM_IdentifyingData_Personaladministrativenumber_PID_IETF-sd-jwt-vc_001"")",EUDI_optional,🟢 ready,,,x,,x,x,x,DataModel / IdentifyingData,EUDI_specific,"WS, RP-PI, PID-DM, SD-JWT VC","CDV, 🔎, WU, 📸","validators: sdjwt.claim_present; preconditions: pipeline.pid.presentation.sdjwt.all-claims, assertion.pid.presentation.sdjwt.vct-pid, assertion.pid.presentation.sdjwt.required-mandatory-claims-presented; precondition validators: pid.sdjwt_vct_pid, pid.sdjwt_required_mandatory_claims_present",🔵 req-class: EUDI_optional; credimi: PR1295 catalog; format: ietf_sd_jwt_vc,source: FCAF repo; credimi-id matches source
,"=HYPERLINK(""https://github.com/eu-digital-identity-wallet/eudi-doc-functional-conformance-assessment/blob/88ab69a/docs/fcaf/suts/wallet_solution/relying_party/DataModel/IdentifyingData/WS_RP_DM_IdentifyingData_Personaladministrativenumber_PID_IETF-sd-jwt-vc_002.md"",""WS_RP_DM_IdentifyingData_Personaladministrativenumber_PID_IETF-sd-jwt-vc_002"")",EUDI_optional,🟢 ready,,,x,,x,x,x,DataModel / IdentifyingData,EUDI_specific,"WS, RP-PI, PID-DM, SD-JWT VC","CDV, 🔎, WU, 📸","validators: sdjwt.claim_utf8_string; preconditions: pipeline.pid.presentation.sdjwt.all-claims, assertion.pid.presentation.sdjwt.vct-pid, assertion.pid.presentation.sdjwt.required-mandatory-claims-presented, test.WS_RP_DM_IdentifyingData_Personaladministrativenumber_PID_IETF-sd-jwt-vc_001; precondition validators: pid.sdjwt_vct_pid, pid.sdjwt_required_mandatory_claims_present",🔵 req-class: EUDI_optional; credimi: PR1295 catalog; format: ietf_sd_jwt_vc,source: FCAF repo; credimi-id matches source
,"=HYPERLINK(""https://github.com/eu-digital-identity-wallet/eudi-doc-functional-conformance-assessment/blob/88ab69a/docs/fcaf/suts/wallet_solution/relying_party/DataModel/IdentifyingData/WS_RP_DM_IdentifyingData_Personaladministrativenumber_PID_ISO-mdoc_001.md"",""WS_RP_DM_IdentifyingData_Personaladministrativenumber_PID_ISO-mdoc_001"")",EUDI_optional,🟢 ready,,,x,,x,x,x,DataModel / IdentifyingData,EUDI_specific,"WS, RP-PI, PID-DM, ISO mdoc","CDV, 🔎, WU, 📸","validators: mdoc.namespace_element_present; preconditions: pipeline.pid.presentation.mdoc.all-claims-elements, assertion.pid.presentation.mdoc.doc-type-pid, assertion.pid.presentation.mdoc.required-mandatory-elements-presented; precondition validators: pid.mdoc_doc_type, pid.mdoc_required_mandatory_elements_present",🔵 req-class: EUDI_optional; credimi: PR1295 catalog; format: iso_mdoc,source: FCAF repo; credimi-id matches source
,"=HYPERLINK(""https://github.com/eu-digital-identity-wallet/eudi-doc-functional-conformance-assessment/blob/88ab69a/docs/fcaf/suts/wallet_solution/relying_party/DataModel/IdentifyingData/WS_RP_DM_IdentifyingData_Personaladministrativenumber_PID_ISO-mdoc_002.md"",""WS_RP_DM_IdentifyingData_Personaladministrativenumber_PID_ISO-mdoc_002"")",EUDI_optional,🟢 ready,,,x,,x,x,x,DataModel / IdentifyingData,EUDI_specific,"WS, RP-PI, PID-DM, ISO mdoc","CDV, 🔎, WU, 📸","validators: mdoc.element_utf8_string; preconditions: pipeline.pid.presentation.mdoc.all-claims-elements, assertion.pid.presentation.mdoc.doc-type-pid, assertion.pid.presentation.mdoc.required-mandatory-elements-presented, test.WS_RP_DM_IdentifyingData_Personaladministrativenumber_PID_ISO-mdoc_001; precondition validators: pid.mdoc_doc_type, pid.mdoc_required_mandatory_elements_present",🔵 req-class: EUDI_optional; credimi: PR1295 catalog; format: iso_mdoc,source: FCAF repo; credimi-id matches source
,"=HYPERLINK(""https://github.com/eu-digital-identity-wallet/eudi-doc-functional-conformance-assessment/blob/88ab69a/docs/fcaf/suts/wallet_solution/relying_party/DataModel/IdentifyingData/WS_RP_DM_IdentifyingData_Sex_PID_IETF-sd-jwt-vc_001.md"",""WS_RP_DM_IdentifyingData_Sex_PID_IETF-sd-jwt-vc_001"")",EUDI_optional,🟢 ready,,,x,,x,x,x,DataModel / IdentifyingData,EUDI_specific,"WS, RP-PI, PID-DM, SD-JWT VC","CDV, 🔎, WU, 📸","validators: sdjwt.claim_present; preconditions: pipeline.pid.presentation.sdjwt.all-claims, assertion.pid.presentation.sdjwt.vct-pid, assertion.pid.presentation.sdjwt.required-mandatory-claims-presented; precondition validators: pid.sdjwt_vct_pid, pid.sdjwt_required_mandatory_claims_present",🔵 req-class: EUDI_optional; credimi: PR1295 catalog; format: ietf_sd_jwt_vc,source: FCAF repo; credimi-id matches source
,"=HYPERLINK(""https://github.com/eu-digital-identity-wallet/eudi-doc-functional-conformance-assessment/blob/88ab69a/docs/fcaf/suts/wallet_solution/relying_party/DataModel/IdentifyingData/WS_RP_DM_IdentifyingData_Sex_PID_IETF-sd-jwt-vc_002.md"",""WS_RP_DM_IdentifyingData_Sex_PID_IETF-sd-jwt-vc_002"")",EUDI_optional,🟢 ready,,,x,,x,x,x,DataModel / IdentifyingData,EUDI_specific,"WS, RP-PI, PID-DM, SD-JWT VC","CDV, 🔎, WU, 📸","validators: sdjwt.claim_type; preconditions: pipeline.pid.presentation.sdjwt.all-claims, assertion.pid.presentation.sdjwt.vct-pid, assertion.pid.presentation.sdjwt.required-mandatory-claims-presented, test.WS_RP_DM_IdentifyingData_Sex_PID_IETF-sd-jwt-vc_001; precondition validators: pid.sdjwt_vct_pid, pid.sdjwt_required_mandatory_claims_present",🔵 req-class: EUDI_optional; credimi: PR1295 catalog; format: ietf_sd_jwt_vc,source: FCAF repo; credimi-id matches source
,"=HYPERLINK(""https://github.com/eu-digital-identity-wallet/eudi-doc-functional-conformance-assessment/blob/88ab69a/docs/fcaf/suts/wallet_solution/relying_party/DataModel/IdentifyingData/WS_RP_DM_IdentifyingData_Sex_PID_IETF-sd-jwt-vc_003.md"",""WS_RP_DM_IdentifyingData_Sex_PID_IETF-sd-jwt-vc_003"")",EUDI_optional,🟢 ready,,,x,,x,x,x,DataModel / IdentifyingData,EUDI_specific,"WS, RP-PI, PID-DM, SD-JWT VC","CDV, 🔎, WU, 📸","validators: sdjwt.claim_integer_allowed; preconditions: pipeline.pid.presentation.sdjwt.all-claims, assertion.pid.presentation.sdjwt.vct-pid, assertion.pid.presentation.sdjwt.required-mandatory-claims-presented, test.WS_RP_DM_IdentifyingData_Sex_PID_IETF-sd-jwt-vc_001; precondition validators: pid.sdjwt_vct_pid, pid.sdjwt_required_mandatory_claims_present",🔵 req-class: EUDI_optional; credimi: PR1295 catalog; format: ietf_sd_jwt_vc,source: FCAF repo; credimi-id matches source
,"=HYPERLINK(""https://github.com/eu-digital-identity-wallet/eudi-doc-functional-conformance-assessment/blob/88ab69a/docs/fcaf/suts/wallet_solution/relying_party/DataModel/IdentifyingData/WS_RP_DM_IdentifyingData_Sex_PID_ISO-mdoc_001.md"",""WS_RP_DM_IdentifyingData_Sex_PID_ISO-mdoc_001"")",EUDI_optional,🟢 ready,,,x,,x,x,x,DataModel / IdentifyingData,EUDI_specific,"WS, RP-PI, PID-DM, ISO mdoc","CDV, 🔎, WU, 📸","validators: mdoc.namespace_element_present; preconditions: pipeline.pid.presentation.mdoc.all-claims-elements, assertion.pid.presentation.mdoc.doc-type-pid, assertion.pid.presentation.mdoc.required-mandatory-elements-presented; precondition validators: pid.mdoc_doc_type, pid.mdoc_required_mandatory_elements_present",🔵 req-class: EUDI_optional; credimi: PR1295 catalog; format: iso_mdoc,source: FCAF repo; credimi-id matches source
,"=HYPERLINK(""https://github.com/eu-digital-identity-wallet/eudi-doc-functional-conformance-assessment/blob/88ab69a/docs/fcaf/suts/wallet_solution/relying_party/DataModel/IdentifyingData/WS_RP_DM_IdentifyingData_Sex_PID_ISO-mdoc_002.md"",""WS_RP_DM_IdentifyingData_Sex_PID_ISO-mdoc_002"")",EUDI_optional,🟢 ready,,,x,,x,x,x,DataModel / IdentifyingData,EUDI_specific,"WS, RP-PI, PID-DM, ISO mdoc","CDV, 🔎, WU, 📸","validators: mdoc.element_cbor_type; preconditions: pipeline.pid.presentation.mdoc.all-claims-elements, assertion.pid.presentation.mdoc.doc-type-pid, assertion.pid.presentation.mdoc.required-mandatory-elements-presented, test.WS_RP_DM_IdentifyingData_Sex_PID_ISO-mdoc_001; precondition validators: pid.mdoc_doc_type, pid.mdoc_required_mandatory_elements_present",🔵 req-class: EUDI_optional; credimi: PR1295 catalog; format: iso_mdoc,source: FCAF repo; credimi-id matches source
,"=HYPERLINK(""https://github.com/eu-digital-identity-wallet/eudi-doc-functional-conformance-assessment/blob/88ab69a/docs/fcaf/suts/wallet_solution/relying_party/DataModel/IdentifyingData/WS_RP_DM_IdentifyingData_Sex_PID_ISO-mdoc_003.md"",""WS_RP_DM_IdentifyingData_Sex_PID_ISO-mdoc_003"")",EUDI_optional,🟢 ready,,,x,,x,x,x,DataModel / IdentifyingData,EUDI_specific,"WS, RP-PI, PID-DM, ISO mdoc","CDV, 🔎, WU, 📸","validators: mdoc.element_unsigned_integer_allowed; preconditions: pipeline.pid.presentation.mdoc.all-claims-elements, assertion.pid.presentation.mdoc.doc-type-pid, assertion.pid.presentation.mdoc.required-mandatory-elements-presented, test.WS_RP_DM_IdentifyingData_Sex_PID_ISO-mdoc_001; precondition validators: pid.mdoc_doc_type, pid.mdoc_required_mandatory_elements_present",🔵 req-class: EUDI_optional; credimi: PR1295 catalog; format: iso_mdoc,source: FCAF repo; credimi-id matches source
,"=HYPERLINK(""https://github.com/eu-digital-identity-wallet/eudi-doc-functional-conformance-assessment/blob/88ab69a/docs/fcaf/suts/wallet_solution/relying_party/Interaction/Metadata/WS_RP_IA_Metadata__017.md"",""WS_RP_IA_Metadata_017"")",EUDI_optional,🟡 implemented verifier-blocked,,,x,,x,,x,Interaction / Metadata,EUDI_generic,"WS, RP-PI, OID4VP-IA","🔎, WU, 📸",uses request_uri_method=post and validates the Wallet-posted request_uri_payload.wallet_metadata declares vp_formats_supported,🔵 req-class: EUDI_optional; execution remains verifier/wallet dependent,source: FCAF repo; shared request-uri-method-post scenario
,"=HYPERLINK(""https://github.com/eu-digital-identity-wallet/eudi-doc-functional-conformance-assessment/blob/88ab69a/docs/fcaf/suts/wallet_solution/relying_party/MessageStructure/ProtocolMessages/WS_RP_MS_ProtocolMessages__029.md"",""WS_RP_MS_ProtocolMessages_029"")",EUDI_optional,🟢 ready,,,x,,x,,x,MessageStructure / ProtocolMessages,EUDI_generic,"WS, RP-PI, OID4VP-PM","🔎, WU, 📸",validator verifies the signed Request Object contains a non-empty verifier_info attestation array whose format and data are present and whose credential_ids is omitted; the captured response must satisfy each DCQL credential query and visual evidence must be stored,🔵 req-class: EUDI_optional; credimi: YAML ready,source: FCAF repo; Capture Wallet nested verifier_info probe 02/09/2026
,"=HYPERLINK(""https://github.com/eu-digital-identity-wallet/eudi-doc-functional-conformance-assessment/blob/88ab69a/docs/fcaf/suts/wallet_solution/relying_party/MessageStructure/ProtocolMessages/WS_RP_MS_ProtocolMessages__030.md"",""WS_RP_MS_ProtocolMessages_030"")",EUDI_optional,🟡 implemented verifier-blocked,,,x,,x,,x,MessageStructure / ProtocolMessages,EUDI_generic,"WS, RP-PI, OID4VP-PM","🔎, WU, 📸",validators: none in PR1295; Maestro/pipeline precondition not implemented in PR1295; adapt same MessageStructure / ProtocolMessages flow with small request/assert changes; source trigger: click link / scan QR code; generated: test YAML + proper validators + area pipeline,🔵 req-class: EUDI_optional; credimi: PR1295 no YAML,source: FCAF repo; no PR1295 YAML
,"=HYPERLINK(""https://github.com/eu-digital-identity-wallet/eudi-doc-functional-conformance-assessment/blob/88ab69a/docs/fcaf/suts/wallet_solution/relying_party/MessageStructure/ProtocolMessages/WS_RP_MS_ProtocolMessages__095.md"",""WS_RP_MS_ProtocolMessages_095"")",EUDI_optional,🟡 implemented verifier-blocked,,,,,,,,MessageStructure / ProtocolMessages,EUDI_generic,"WS, RP-PI, OID4VP-PM",,validators: none in PR1295; Maestro/pipeline precondition not implemented in PR1295; generated: test YAML + Capture Wallet area pipeline,🔵 req-class: EUDI_optional; credimi: PR1295 no YAML,source: FCAF repo; no PR1295 YAML
,"=HYPERLINK(""https://github.com/eu-digital-identity-wallet/eudi-doc-functional-conformance-assessment/blob/88ab69a/docs/fcaf/suts/wallet_solution/relying_party/SecurityMechanisms/RpIntegrity/WS_RP_SM_RpIntegrity__001.md"",""WS_RP_SM_RpIntegrity_001"")",EUDI_optional,🟡 implemented verifier-blocked,,,x,,x,,x,SecurityMechanisms / RpIntegrity,EUDI_generic,"WS, RP-PI, SM","🔎, WU, 📸",validators: none in PR1295; Maestro/pipeline precondition not implemented in PR1295; adapt same SecurityMechanisms / RpIntegrity flow with small request/assert changes; source trigger: click link / scan QR code; generated: test YAML + validators + area pipeline,🔵 req-class: EUDI_optional; credimi: PR1295 no YAML,source: FCAF repo; no PR1295 YAML
,"=HYPERLINK(""https://github.com/eu-digital-identity-wallet/eudi-doc-functional-conformance-assessment/blob/88ab69a/docs/fcaf/suts/wallet_solution/relying_party/SecurityMechanisms/TrustMechanisms/WS_RP_SM_TrustMechanisms__009.md"",""WS_RP_SM_TrustMechanisms_009"")",EUDI_optional,🟡 implemented verifier-blocked,,,,,,,,SecurityMechanisms / TrustMechanisms,EUDI_generic,"WS, RP-PI, SM",,validators: none in PR1295; Maestro/pipeline precondition not implemented in PR1295; generated: test YAML + Capture Wallet area pipeline,🔵 req-class: EUDI_optional; credimi: PR1295 no YAML,source: FCAF repo; no PR1295 YAML
,"=HYPERLINK(""https://github.com/eu-digital-identity-wallet/eudi-doc-functional-conformance-assessment/blob/88ab69a/docs/fcaf/suts/wallet_solution/relying_party/SecurityMechanisms/TrustMechanisms/WS_RP_SM_TrustMechanisms__010.md"",""WS_RP_SM_TrustMechanisms_010"")",EUDI_optional,🟡 implemented verifier-blocked,,,,,,,,SecurityMechanisms / TrustMechanisms,EUDI_generic,"WS, RP-PI, SM",,validators: none in PR1295; Maestro/pipeline precondition not implemented in PR1295; generated: test YAML + Capture Wallet area pipeline,🔵 req-class: EUDI_optional; credimi: PR1295 no YAML,source: FCAF repo; no PR1295 YAML
,"=HYPERLINK(""https://github.com/eu-digital-identity-wallet/eudi-doc-functional-conformance-assessment/blob/88ab69a/docs/fcaf/suts/wallet_solution/relying_party/SecurityMechanisms/TrustMechanisms/WS_RP_SM_TrustMechanisms__011.md"",""WS_RP_SM_TrustMechanisms_011"")",EUDI_optional,🟡 implemented verifier-blocked,,,,,,,,SecurityMechanisms / TrustMechanisms,EUDI_generic,"WS, RP-PI, SM",,validators: none in PR1295; Maestro/pipeline precondition not implemented in PR1295; generated: test YAML + Capture Wallet area pipeline,🔵 req-class: EUDI_optional; credimi: PR1295 no YAML,source: FCAF repo; no PR1295 YAML
,"=HYPERLINK(""https://github.com/eu-digital-identity-wallet/eudi-doc-functional-conformance-assessment/blob/88ab69a/docs/fcaf/suts/wallet_solution/relying_party/SecurityMechanisms/TrustMechanisms/WS_RP_SM_TrustMechanisms__012.md"",""WS_RP_SM_TrustMechanisms_012"")",EUDI_optional,🟡 implemented verifier-blocked,,,,,,,,SecurityMechanisms / TrustMechanisms,EUDI_generic,"WS, RP-PI, SM",,validators: none in PR1295; Maestro/pipeline precondition not implemented in PR1295; generated: test YAML + Capture Wallet area pipeline,🔵 req-class: EUDI_optional; credimi: PR1295 no YAML,source: FCAF repo; no PR1295 YAML
,"=HYPERLINK(""https://github.com/eu-digital-identity-wallet/eudi-doc-functional-conformance-assessment/blob/88ab69a/docs/fcaf/suts/wallet_solution/relying_party/SecurityMechanisms/TrustMechanisms/WS_RP_SM_TrustMechanisms__013.md"",""WS_RP_SM_TrustMechanisms_013"")",EUDI_optional,🟡 implemented verifier-blocked,,,,,,,,SecurityMechanisms / TrustMechanisms,EUDI_generic,"WS, RP-PI, SM",,validators: none in PR1295; Maestro/pipeline precondition not implemented in PR1295; generated: test YAML + Capture Wallet area pipeline,🔵 req-class: EUDI_optional; credimi: PR1295 no YAML,source: FCAF repo; no PR1295 YAML
,"=HYPERLINK(""https://github.com/eu-digital-identity-wallet/eudi-doc-functional-conformance-assessment/blob/88ab69a/docs/fcaf/suts/wallet_solution/relying_party/SecurityMechanisms/TrustMechanisms/WS_RP_SM_TrustMechanisms__015.md"",""WS_RP_SM_TrustMechanisms_015"")",EUDI_optional,🟡 implemented verifier-blocked,,,,,,,,SecurityMechanisms / TrustMechanisms,EUDI_generic,"WS, RP-PI, SM",,validators: none in PR1295; Maestro/pipeline precondition not implemented in PR1295; generated: test YAML + Capture Wallet area pipeline,🔵 req-class: EUDI_optional; credimi: PR1295 no YAML,source: FCAF repo; no PR1295 YAML
,"=HYPERLINK(""https://github.com/eu-digital-identity-wallet/eudi-doc-functional-conformance-assessment/blob/88ab69a/docs/fcaf/suts/wallet_solution/relying_party/Interaction/MainInteraction/WS_RP_IA_MainInteraction__060.md"",""WS_RP_IA_MainInteraction_060"")",TBD,🟡 implemented verifier-blocked,,,,,,,,Interaction / MainInteraction,EUDI_generic,"WS, RP-PI, OID4VP-IA",,validators: none in PR1295; Maestro/pipeline precondition not implemented in PR1295; generated: test YAML + Capture Wallet area pipeline,⚪ req-class: TBD; credimi: PR1295 no YAML,source: FCAF repo; no PR1295 YAML
,"=HYPERLINK(""https://github.com/eu-digital-identity-wallet/eudi-doc-functional-conformance-assessment/blob/88ab69a/docs/fcaf/suts/wallet_solution/relying_party/Interaction/Metadata/WS_RP_IA_Metadata__014.md"",""WS_RP_IA_Metadata_014"")",TBD,🟡 implemented verifier-blocked,,,x,,,,,Interaction / Metadata,EUDI_generic,"WS, RP-PI, OID4VP-IA",🔎,validators: none in PR1295; Maestro/pipeline precondition not implemented in PR1295; source trigger: click link / scan QR code; generated: test YAML + Capture Wallet area pipeline,⚪ req-class: TBD; credimi: PR1295 no YAML,source: FCAF repo; no PR1295 YAML
,"=HYPERLINK(""https://github.com/eu-digital-identity-wallet/eudi-doc-functional-conformance-assessment/blob/88ab69a/docs/fcaf/suts/wallet_solution/relying_party/MessageStructure/Metadata/WS_RP_MS_Metadata__110.md"",""WS_RP_MS_Metadata_110"")",TBD,🟡 implemented verifier-blocked,,,x,,,,,MessageStructure / Metadata,EUDI_generic,"WS, RP-PI, OID4VP-PM",🔎,validators: none in PR1295; Maestro/pipeline precondition not implemented in PR1295; source trigger: click link / scan QR code; generated: test YAML + Capture Wallet area pipeline,⚪ req-class: TBD; credimi: PR1295 no YAML,source: FCAF repo; no PR1295 YAML
,"=HYPERLINK(""https://github.com/eu-digital-identity-wallet/eudi-doc-functional-conformance-assessment/blob/88ab69a/docs/fcaf/suts/wallet_solution/relying_party/MessageStructure/Metadata/WS_RP_MS_Metadata__112.md"",""WS_RP_MS_Metadata_112"")",TBD,🟡 implemented verifier-blocked,,,x,,,,,MessageStructure / Metadata,EUDI_generic,"WS, RP-PI, OID4VP-PM",🔎,validators: none in PR1295; Maestro/pipeline precondition not implemented in PR1295; source trigger: click link / scan QR code; generated: test YAML + Capture Wallet area pipeline,⚪ req-class: TBD; credimi: PR1295 no YAML,source: FCAF repo; no PR1295 YAML
,"=HYPERLINK(""https://github.com/eu-digital-identity-wallet/eudi-doc-functional-conformance-assessment/blob/88ab69a/docs/fcaf/suts/wallet_solution/relying_party/MessageStructure/Metadata/WS_RP_MS_Metadata__113.md"",""WS_RP_MS_Metadata_113"")",TBD,🟡 implemented verifier-blocked,,,x,,,,,MessageStructure / Metadata,EUDI_generic,"WS, RP-PI, OID4VP-PM",🔎,validators: none in PR1295; Maestro/pipeline precondition not implemented in PR1295; source trigger: click link / scan QR code; generated: test YAML + Capture Wallet area pipeline,⚪ req-class: TBD; credimi: PR1295 no YAML,source: FCAF repo; no PR1295 YAML
,"=HYPERLINK(""https://github.com/eu-digital-identity-wallet/eudi-doc-functional-conformance-assessment/blob/88ab69a/docs/fcaf/suts/wallet_solution/relying_party/MessageStructure/Metadata/WS_RP_MS_Metadata__114.md"",""WS_RP_MS_Metadata_114"")",TBD,🟡 implemented verifier-blocked,,,x,,,,,MessageStructure / Metadata,EUDI_generic,"WS, RP-PI, OID4VP-PM",🔎,validators: none in PR1295; Maestro/pipeline precondition not implemented in PR1295; source trigger: click link / scan QR code; generated: test YAML + Capture Wallet area pipeline,⚪ req-class: TBD; credimi: PR1295 no YAML,source: FCAF repo; no PR1295 YAML
,"=HYPERLINK(""https://github.com/eu-digital-identity-wallet/eudi-doc-functional-conformance-assessment/blob/88ab69a/docs/fcaf/suts/wallet_solution/relying_party/MessageStructure/ProtocolMessages/WS_RP_MS_ProtocolMessages__002.md"",""WS_RP_MS_ProtocolMessages_002"")",TBD,🟡 implemented verifier-blocked,,,x,,,,,MessageStructure / ProtocolMessages,EUDI_generic,"WS, RP-PI, OID4VP-PM",🔎,validators: none in PR1295; Maestro/pipeline precondition not implemented in PR1295; source trigger: click link / scan QR code; generated: test YAML + Capture Wallet area pipeline,⚪ req-class: TBD; credimi: PR1295 no YAML,source: FCAF repo; no PR1295 YAML
,"=HYPERLINK(""https://github.com/eu-digital-identity-wallet/eudi-doc-functional-conformance-assessment/blob/88ab69a/docs/fcaf/suts/wallet_solution/relying_party/MessageStructure/ProtocolMessages/WS_RP_MS_ProtocolMessages__003.md"",""WS_RP_MS_ProtocolMessages_003"")",TBD,🟢 ready,,,x,,,,,MessageStructure / ProtocolMessages,EUDI_generic,"WS, RP-PI, OID4VP-PM",🔎,reuses the by-value Request Object flow to validate the oauth-authz-req+jwt typ header and successful PID mdoc response,⚪ req-class: TBD; live reference wallet execution remains required,source: FCAF repo; shared by-value Request Object scenario
,"=HYPERLINK(""https://github.com/eu-digital-identity-wallet/eudi-doc-functional-conformance-assessment/blob/88ab69a/docs/fcaf/suts/wallet_solution/relying_party/MessageStructure/ProtocolMessages/WS_RP_MS_ProtocolMessages__020.md"",""WS_RP_MS_ProtocolMessages_020"")",TBD,🟡 implemented verifier-blocked,,,x,,,,,MessageStructure / ProtocolMessages,EUDI_generic,"WS, RP-PI, OID4VP-PM",🔎,validators: none in PR1295; Maestro/pipeline precondition not implemented in PR1295; source trigger: click link / scan QR code; generated: test YAML + Capture Wallet area pipeline,⚪ req-class: TBD; credimi: PR1295 no YAML,source: FCAF repo; no PR1295 YAML
,"=HYPERLINK(""https://github.com/eu-digital-identity-wallet/eudi-doc-functional-conformance-assessment/blob/88ab69a/docs/fcaf/suts/wallet_solution/relying_party/MessageStructure/ProtocolMessages/WS_RP_MS_ProtocolMessages__038.md"",""WS_RP_MS_ProtocolMessages_038"")",TBD,🟡 implemented verifier-blocked,,,x,,,,,MessageStructure / ProtocolMessages,EUDI_generic,"WS, RP-PI, OID4VP-PM",🔎,validators: none in PR1295; Maestro/pipeline precondition not implemented in PR1295; source trigger: click link / scan QR code; generated: test YAML + Capture Wallet area pipeline,⚪ req-class: TBD; credimi: PR1295 no YAML,source: FCAF repo; no PR1295 YAML
,"=HYPERLINK(""https://github.com/eu-digital-identity-wallet/eudi-doc-functional-conformance-assessment/blob/88ab69a/docs/fcaf/suts/wallet_solution/relying_party/MessageStructure/ProtocolMessages/WS_RP_MS_ProtocolMessages__040.md"",""WS_RP_MS_ProtocolMessages_040"")",TBD,🟡 implemented verifier-blocked,,,x,,,,,MessageStructure / ProtocolMessages,EUDI_generic,"WS, RP-PI, OID4VP-PM",🔎,validators: none in PR1295; Maestro/pipeline precondition not implemented in PR1295; source trigger: click link / scan QR code; generated: test YAML + Capture Wallet area pipeline,⚪ req-class: TBD; credimi: PR1295 no YAML,source: FCAF repo; no PR1295 YAML
,"=HYPERLINK(""https://github.com/eu-digital-identity-wallet/eudi-doc-functional-conformance-assessment/blob/88ab69a/docs/fcaf/suts/wallet_solution/relying_party/SecurityMechanisms/RpIntegrity/WS_RP_SM_RpIntegrity__002.md"",""WS_RP_SM_RpIntegrity_002"")",TBD,🟡 implemented verifier-blocked,x,,x,,x,,x,SecurityMechanisms / RpIntegrity,EUDI_generic,"WS, RP-PI, SM","🔎, WU, 📸, CAW",validators: none in PR1295; Maestro/pipeline precondition not implemented in PR1295; source trigger: DC API / Credential API; generated: test YAML + Capture Wallet area pipeline,⚪ req-class: TBD; credimi: PR1295 no YAML,source: FCAF repo; no PR1295 YAML
,"=HYPERLINK(""https://github.com/eu-digital-identity-wallet/eudi-doc-functional-conformance-assessment/blob/88ab69a/docs/fcaf/suts/wallet_solution/relying_party/SecurityMechanisms/RpIntegrity/WS_RP_SM_RpIntegrity__003.md"",""WS_RP_SM_RpIntegrity_003"")",TBD,🟡 implemented verifier-blocked,x,,x,,x,,x,SecurityMechanisms / RpIntegrity,EUDI_generic,"WS, RP-PI, SM","🔎, WU, 📸, CAW",validators: none in PR1295; Maestro/pipeline precondition not implemented in PR1295; source trigger: DC API / Credential API; generated: test YAML + Capture Wallet area pipeline,⚪ req-class: TBD; credimi: PR1295 no YAML,source: FCAF repo; no PR1295 YAML
,"=HYPERLINK(""https://github.com/eu-digital-identity-wallet/eudi-doc-functional-conformance-assessment/blob/88ab69a/docs/fcaf/suts/wallet_solution/relying_party/UseCases/Presentation/WS_RP_UC_Presentation__003.md"",""WS_RP_UC_Presentation_003"")",TBD,🟡 implemented verifier-blocked,,,x,,,,,UseCases / Presentation,EUDI_generic,"WS, RP-PI, UC",🔎,validators: none in PR1295; Maestro/pipeline precondition not implemented in PR1295; source trigger: click link / scan QR code; generated: test YAML + Capture Wallet area pipeline,⚪ req-class: TBD; credimi: PR1295 no YAML,source: FCAF repo; no PR1295 YAML
